cust_id,full_name,phone10,email,dob,city,kyc,open_date,upi_vpa
C00001,Deepak Singh,6721175500,,1981-11-15,Ahmedabad,min,2020-02-15,deepak5500@ybl
C00002,Manish Nair,6714227133,manish.nair94@gmail.com,1991-11-10,Lucknow,full,2025-12-06,manish7133@axl
C00003,S. Patel,8868570220,sanjay.patel42@gmail.com,1981-11-20,Delhi,full,2021-05-01,sanjay0220@axl
C00004,Divya Reddy,8760652429,,1980-09-14,Chennai,min,2025-10-15,divya2429@ybl
C00005,R. Patel,7957248611,,1984-07-28,Lucknow,full,2019-11-15,rohan8611@sbi
C00006,Suresh Chopra,6781165354,,1983-07-23,Ahmedabad,min,2026-04-15,suresh5354@axl
C00007,Deepak Mehta,6210779751,deepak.mehta82@gmail.com,,Ahmedabad,min,2024-09-13,deepak9751@paytm
C00008,Karan Chopra,6139822507,karan.chopra50@gmail.com,1967-03-18,Ahmedabad,min,2024-12-23,karan2507@axl
C00009,Suresh Desai,9997673638,,2001-07-04,Delhi,full,2025-09-12,suresh3638@paytm
C00010,P. Sharma,6700035245,,2003-05-29,Pune,min,2021-11-07,pooja5245@ybl
C00011,Meera Das,9480660781,,1978-03-11,Pune,full,2024-11-04,meera0781@sbi
C00012,Pooja Patel,9880650072,pooja.patel58@gmail.com,1997-06-18,Jaipur,full,2021-12-02,pooja0072@okbank
C00013,Rohan Yadav,8499571295,rohan.yadav45@gmail.com,1966-06-21,Chennai,full,2019-11-13,rohan1295@sbi
C00014,Suresh Patel,7008495500,,1989-05-20,Hyderabad,full,2022-11-23,suresh5500@ybl
C00015,Deepak Joshi,9370499022,deepak.joshi59@gmail.com,1992-04-24,Delhi,min,2022-04-10,deepak9022@paytm
C00016,Farhan Joshi,6659182871,,1986-04-12,Lucknow,full,2022-07-28,farhan2871@ybl
C00017,Isha Verma,6680319147,,,Delhi,full,2024-09-29,isha9147@icici
C00018,K. Khan,9138788221,kavita.khan46@gmail.com,1997-06-17,Lucknow,min,2023-10-06,kavita8221@hdfcbank
C00019,Meera Sharma,7739888271,meera.sharma50@gmail.com,1964-06-22,,full,2021-04-03,meera8271@paytm
C00020,R. Reddy,9389263959,rahul.reddy13@gmail.com,1971-05-08,Hyderabad,full,2023-06-10,rahul3959@okbank
C00021,Aarti Mehta,9653527095,aarti.mehta70@gmail.com,1978-09-05,Chennai,full,2022-09-18,aarti7095@icici
C00022,Tarun Joshi,8636516371,,1988-01-01,Kolkata,full,2026-05-31,tarun6371@paytm
C00023,Aarti Pillai,8442497105,,1991-01-27,Delhi,min,2023-10-13,aarti7105@axl
C00024,A. Khan,6096748573,arjun.khan46@gmail.com,1996-11-08,Pune,full,2026-05-10,arjun8573@hdfcbank
C00025,Aarti Bose,9028486959,aarti.bose8@gmail.com,2000-09-15,Lucknow,min,2020-10-03,aarti6959@sbi
C00026,Sunita Chopra,9226756202,,1985-05-18,Chennai,full,2020-05-11,sunita6202@okbank
C00027,Sanjay Khan,7045424956,,1995-02-16,Jaipur,full,2022-06-22,sanjay4956@paytm
C00028,S. Menon,7424367789,sunita.menon1@gmail.com,1963-06-03,Kolkata,full,2026-02-10,sunita7789@okbank
C00029,Imran Iyer,6234382948,,2003-03-13,Mumbai,min,2025-10-31,imran2948@paytm
C00030,Deepak Verma,6910116526,deepak.verma96@gmail.com,1994-02-04,Bengaluru,min,2025-02-17,deepak6526@hdfcbank
C00031,Manish Sharma,8593915826,,1988-01-22,Lucknow,min,2020-01-26,manish5826@hdfcbank
C00032,Meera Das,6538819687,meera.das59@gmail.com,2000-01-27,Bengaluru,min,2023-05-22,meera9687@icici
C00033,H. Pillai,8329247563,harsh.pillai6@gmail.com,,Chennai,full,2024-01-15,harsh7563@paytm
C00034,Tarun Desai,8551245247,tarun.desai32@gmail.com,,Mumbai,full,2023-12-07,tarun5247@sbi
C00035,Manish Das,9539534327,,1989-04-23,Delhi,min,2024-05-04,manish4327@ybl
C00036,Manish Bose,8982337100,manish.bose61@gmail.com,1987-03-18,Bengaluru,min,2020-11-29,manish7100@okbank
C00037,Fatima Yadav,8109484060,fatima.yadav81@gmail.com,1974-05-21,Lucknow,pending,2025-06-18,fatima4060@ybl
C00038,Aarti Desai,7739254509,aarti.desai43@gmail.com,,Pune,min,2023-06-14,aarti4509@axl
C00039,Sneha Menon,6146402280,sneha.menon42@gmail.com,1981-12-10,Hyderabad,min,2019-10-21,sneha2280@axl
C00040,Pooja Khan,8801375216,,1997-02-10,Hyderabad,full,2020-11-17,pooja5216@sbi
C00041,Meera Mehta,8026850785,meera.mehta20@gmail.com,1976-09-19,Jaipur,full,2021-06-16,meera0785@paytm
C00042,Fatima Patel,9336836298,fatima.patel36@gmail.com,1964-04-17,Jaipur,full,2023-08-03,
C00043,Harsh Sharma,9413767259,,2000-04-22,Jaipur,full,2023-09-25,harsh7259@axl
C00044,Rahul Menon,9099418475,rahul.menon93@gmail.com,1985-07-13,Kolkata,min,2021-02-13,rahul8475@ybl
C00045,Arjun Desai,7827495822,arjun.desai68@gmail.com,2004-12-05,Bengaluru,full,2020-12-26,arjun5822@paytm
C00046,Karan Reddy,7527077836,,1974-08-25,Jaipur,pending,2024-12-31,karan7836@icici
C00047,Swati Yadav,6547461493,swati.yadav45@gmail.com,1996-08-29,Delhi,min,2020-06-07,swati1493@sbi
C00048,Neha Desai,6262209771,,1975-12-05,Hyderabad,pending,2025-11-25,neha9771@paytm
C00049,Divya Shaikh,7246116364,divya.shaikh25@gmail.com,1973-11-03,Pune,full,2023-07-27,divya6364@sbi
C00050,Aarti Yadav,8614356428,aarti.yadav23@gmail.com,1978-11-15,Kolkata,min,2025-03-22,aarti6428@ybl
C00051,Anjali Joshi,6962567064,,1986-09-05,Pune,min,2022-06-19,anjali7064@ybl
C00052,Vikram Khan,6963457027,vikram.khan16@gmail.com,1976-10-04,,full,2020-05-14,vikram7027@paytm
C00053,Sneha Nair,9928840726,sneha.nair25@gmail.com,1996-08-27,Ahmedabad,full,2021-12-28,sneha0726@okbank
C00054,Divya Nair,9891208592,divya.nair44@gmail.com,1966-09-03,Jaipur,pending,2023-01-11,divya8592@axl
C00055,Neha Verma,8912533965,neha.verma23@gmail.com,1974-11-12,Kolkata,min,2020-12-05,neha3965@icici
C00056,Farhan Das,7498065933,,1978-01-11,Delhi,pending,2021-04-26,farhan5933@okbank
C00057,A. Mehta,7972855827,,1961-04-03,Hyderabad,min,2024-10-17,aarti5827@ybl
C00058,Sneha Singh,6137502141,sneha.singh19@gmail.com,1966-09-14,Jaipur,full,2022-05-11,sneha2141@icici
C00059,R. Verma,8490446490,,1968-04-01,Chennai,min,2025-09-05,ritu6490@ybl
C00060,R. Bose,8460786772,ritu.bose51@gmail.com,2001-07-06,Pune,full,2021-05-01,ritu6772@sbi
C00061,Meera Mehta,8319080078,,,Lucknow,pending,2020-02-13,meera0078@paytm
C00062,Nisha Shaikh,6963526218,nisha.shaikh61@gmail.com,1993-12-23,Delhi,min,2019-12-24,nisha6218@ybl
C00063,Isha Nair,6173308541,isha.nair39@gmail.com,1963-10-02,Delhi,min,2024-01-02,isha8541@sbi
C00064,Divya Joshi,8750016626,divya.joshi48@gmail.com,2004-07-28,Lucknow,full,2023-05-10,divya6626@ybl
C00065,Meera Singh,8655329029,meera.singh17@gmail.com,1973-04-24,Hyderabad,full,2025-01-26,meera9029@okbank
C00066,Sanjay Menon,7588080098,,1999-07-07,Lucknow,full,2021-09-25,sanjay0098@paytm
C00067,Sneha Desai,9890825533,,1991-06-18,Pune,full,2024-07-13,sneha5533@okbank
C00068,S. Reddy,8396112117,,1967-10-06,Bengaluru,pending,2020-11-16,suresh2117@sbi
C00069,D. Mehta,7446753040,deepak.mehta74@gmail.com,1994-01-30,Hyderabad,full,2025-05-28,deepak3040@icici
C00070,Kavita Verma,9951659488,kavita.verma7@gmail.com,1968-07-26,Ahmedabad,min,2025-12-23,kavita9488@ybl
C00071,Ritu Iyer,8324357600,ritu.iyer73@gmail.com,1995-09-06,Hyderabad,full,2019-08-29,ritu7600@hdfcbank
C00072,Manish Khan,8366170563,manish.khan39@gmail.com,1972-06-19,Ahmedabad,full,2021-09-01,manish0563@icici
C00073,A. Iyer,7371912755,,1964-05-21,Chennai,min,2024-12-12,anjali2755@icici
C00074,S. Desai,7703796772,sneha.desai52@gmail.com,1982-06-17,Hyderabad,pending,2021-02-26,sneha6772@hdfcbank
C00075,Manish Yadav,9775411680,manish.yadav2@gmail.com,,Chennai,full,2025-04-07,manish1680@axl
C00076,Amit Iyer,8458098894,amit.iyer95@gmail.com,1996-07-27,Ahmedabad,full,2022-02-01,amit8894@okbank
C00077,Karan Singh,8712861740,,1968-02-10,Mumbai,full,2024-09-27,karan1740@icici
C00078,Anjali Gupta,8126608456,,1982-09-15,Bengaluru,full,2026-05-26,anjali8456@icici
C00079,Meera Iyer,6539575080,meera.iyer15@gmail.com,1995-09-17,Chennai,full,2026-03-27,meera5080@paytm
C00080,S. Singh,8133686941,sunita.singh16@gmail.com,1973-02-05,Delhi,min,2021-04-14,sunita6941@okbank
C00081,A. Reddy,6333840628,aarti.reddy44@gmail.com,1965-04-16,Chennai,full,2022-04-16,aarti0628@sbi
C00082,Karan Iyer,9637204491,karan.iyer90@gmail.com,1987-05-11,Chennai,full,2022-09-27,karan4491@axl
C00083,Ritu Shaikh,7630839299,,1967-09-25,Kolkata,full,2024-08-15,ritu9299@okbank
C00084,Amit Gupta,8390143401,amit.gupta22@gmail.com,,Kolkata,full,2023-04-17,amit3401@ybl
C00085,Sneha Chopra,9917726692,sneha.chopra73@gmail.com,1973-03-06,Delhi,full,2021-06-04,sneha6692@okbank
C00086,Amit Menon,8887967512,,1973-06-17,Pune,min,2026-02-14,amit7512@paytm
C00087,Vijay Desai,6037444513,vijay.desai15@gmail.com,1967-08-28,Jaipur,full,2020-08-12,vijay4513@paytm
C00088,V. Shaikh,6853192952,vijay.shaikh47@gmail.com,1968-01-29,Hyderabad,full,2020-03-28,vijay2952@paytm
C00089,Kavita Patel,7551693908,,1968-04-15,,pending,2019-12-13,kavita3908@paytm
C00090,R. Chopra,8632844614,,2002-09-01,Pune,full,2024-10-21,rahul4614@paytm
C00091,Vijay Das,6342202362,,1975-05-01,Chennai,pending,2022-11-29,vijay2362@ybl
C00092,Fatima Joshi,9095923048,,2003-03-22,Hyderabad,full,2025-03-18,fatima3048@sbi
C00093,Divya Kulkarni,8005323458,divya.kulkarni74@gmail.com,1971-08-30,Bengaluru,pending,2021-12-31,divya3458@paytm
C00094,V. Reddy,9501344653,vijay.reddy38@gmail.com,1989-07-30,Bengaluru,full,2023-01-23,vijay4653@icici
C00095,Anjali Chopra,6369577604,,1981-06-01,Mumbai,full,2024-07-03,anjali7604@icici
C00096,Nisha Gupta,6571444256,nisha.gupta15@gmail.com,2003-04-24,Mumbai,min,2020-08-07,nisha4256@ybl
C00097,Karan Iyer,9933776661,,1983-02-12,Hyderabad,full,2023-11-23,karan6661@paytm
C00098,Farhan Chopra,8459725583,farhan.chopra85@gmail.com,1991-12-19,Bengaluru,full,2023-03-11,farhan5583@axl
C00099,Imran Nair,9282521720,imran.nair45@gmail.com,1981-03-31,Pune,full,2021-10-13,imran1720@paytm
C00100,Vikram Khan,6991684672,vikram.khan37@gmail.com,1986-08-10,Mumbai,pending,2025-05-31,vikram4672@axl
C00101,Isha Iyer,9819934999,,,Mumbai,full,2019-08-29,isha4999@okbank
C00102,Deepak Menon,9815283767,deepak.menon11@gmail.com,1962-04-07,Chennai,min,2020-01-19,deepak3767@axl
C00103,Swati Kulkarni,9506113222,swati.kulkarni75@gmail.com,,Chennai,full,2019-12-29,swati3222@okbank
C00104,Pooja Verma,6416987669,pooja.verma53@gmail.com,1993-12-22,Lucknow,full,2024-12-01,pooja7669@sbi
C00105,Divya Shaikh,9788765755,,1993-06-16,Delhi,pending,2025-02-27,divya5755@okbank
C00106,Kavita Khan,7351250584,,1998-04-09,Jaipur,full,2020-02-25,kavita0584@sbi
C00107,Rohan Sharma,7503099090,rohan.sharma57@gmail.com,1997-09-06,Bengaluru,min,2021-09-14,rohan9090@paytm
C00108,Isha Kulkarni,9098181931,isha.kulkarni6@gmail.com,1980-12-24,Mumbai,min,2023-01-26,isha1931@sbi
C00109,Harsh Gupta,7411870669,harsh.gupta61@gmail.com,1962-05-28,Pune,full,2025-04-14,harsh0669@icici
C00110,Farhan Verma,7742280528,farhan.verma81@gmail.com,1989-08-11,Lucknow,full,2022-10-27,farhan0528@ybl
C00111,S. Gupta,9309896449,suresh.gupta72@gmail.com,1995-03-13,Ahmedabad,full,2021-09-30,suresh6449@sbi
C00112,Sneha Menon,9228140445,sneha.menon29@gmail.com,1995-11-06,Pune,full,2022-09-18,sneha0445@axl
C00113,Amit Menon,7036008562,amit.menon26@gmail.com,1979-09-28,Chennai,full,2026-03-31,amit8562@ybl
C00114,Vikram Chopra,7673232463,,1993-04-07,Ahmedabad,min,2021-03-11,vikram2463@okbank
C00115,Arjun Das,8452129541,arjun.das29@gmail.com,1990-08-06,Pune,full,2023-08-30,arjun9541@sbi
C00116,Harsh Chopra,9473151899,harsh.chopra35@gmail.com,1964-01-14,Delhi,pending,2025-11-15,harsh1899@hdfcbank
C00117,Deepak Gupta,6705366644,deepak.gupta85@gmail.com,1961-08-05,Ahmedabad,full,2026-04-14,deepak6644@okbank
C00118,Anjali Sharma,9891011582,,1996-08-10,Delhi,full,2021-11-11,anjali1582@sbi
C00119,Nisha Patel,6035001447,,1969-07-22,Ahmedabad,pending,2023-11-03,nisha1447@ybl
C00120,Isha Patel,8850939577,isha.patel5@gmail.com,1996-09-25,Delhi,full,2020-02-04,isha9577@ybl
C00121,Vikram Khan,6590483793,vikram.khan42@gmail.com,1990-04-13,Mumbai,min,2021-05-13,vikram3793@sbi
C00122,S. Shaikh,7660677017,,1974-11-04,Kolkata,full,2025-03-22,sanjay7017@okbank
C00123,Divya Nair,6114540305,divya.nair28@gmail.com,1990-02-08,Kolkata,full,2021-10-11,divya0305@sbi
C00124,Suresh Iyer,9122112273,suresh.iyer63@gmail.com,1983-02-15,Jaipur,full,2024-03-23,suresh2273@sbi
C00125,Rahul Kulkarni,8838448653,,1979-01-08,,full,2021-12-13,rahul8653@paytm
C00126,P. Mehta,9273919170,pooja.mehta99@gmail.com,2002-06-01,Pune,full,2023-02-24,pooja9170@hdfcbank
C00127,Vijay Joshi,7214345559,vijay.joshi72@gmail.com,1998-07-12,Ahmedabad,full,2022-05-21,vijay5559@axl
C00128,Vikram Gupta,8165669371,,1969-11-06,Hyderabad,full,2020-08-07,vikram9371@icici
C00129,Imran Pillai,7301491913,imran.pillai43@gmail.com,2001-11-07,Pune,full,2022-07-06,imran1913@sbi
C00130,Imran Mehta,6381866192,,1976-08-26,Ahmedabad,full,2020-02-20,imran6192@sbi
C00131,Sanjay Iyer,7640615372,sanjay.iyer36@gmail.com,1966-08-13,Lucknow,full,2020-05-24,sanjay5372@ybl
C00132,Imran Singh,8649333134,imran.singh49@gmail.com,,Hyderabad,pending,2019-10-19,imran3134@okbank
C00133,Pooja Joshi,6165413166,pooja.joshi94@gmail.com,1976-07-17,Ahmedabad,full,2023-03-06,pooja3166@ybl
C00134,Imran Desai,6894135644,imran.desai42@gmail.com,2000-10-27,Jaipur,full,2020-01-29,imran5644@okbank
C00135,Rohan Gupta,8147751178,,1993-11-30,Ahmedabad,min,2025-12-13,rohan1178@hdfcbank
C00136,Priya Gupta,8802808182,priya.gupta55@gmail.com,1992-06-16,Lucknow,min,2024-07-22,priya8182@icici
C00137,Arjun Verma,8551925959,arjun.verma17@gmail.com,1969-07-18,Bengaluru,pending,2021-10-20,arjun5959@okbank
C00138,Swati Khan,7132831663,swati.khan36@gmail.com,1967-10-11,Delhi,full,2023-04-19,swati1663@axl
C00139,Manish Sharma,6746305242,,1985-02-03,Chennai,min,2022-08-18,manish5242@icici
C00140,Tarun Verma,6074184092,tarun.verma7@gmail.com,1972-11-01,Hyderabad,full,2023-05-06,tarun4092@okbank
C00141,D. Iyer,6336267041,divya.iyer5@gmail.com,1981-04-17,Ahmedabad,min,2026-04-24,divya7041@okbank
C00142,Meera Khan,9037138177,meera.khan2@gmail.com,1972-12-11,Bengaluru,full,2020-02-06,meera8177@okbank
C00143,Arjun Khan,9642811734,arjun.khan35@gmail.com,1973-07-18,Pune,full,2025-06-21,arjun1734@ybl
C00144,Swati Joshi,7557208941,swati.joshi66@gmail.com,2005-10-27,Lucknow,full,2026-04-13,swati8941@paytm
C00145,Swati Pillai,9367970020,swati.pillai10@gmail.com,1966-06-05,Kolkata,full,2020-10-18,swati0020@hdfcbank
C00146,Amit Menon,7235285368,amit.menon1@gmail.com,1966-12-07,Hyderabad,min,2023-09-28,amit5368@okbank
C00147,Meera Singh,9606610104,meera.singh24@gmail.com,1992-02-08,Ahmedabad,full,2023-07-06,
C00148,V. Nair,6708207504,,1993-04-23,Mumbai,full,2020-01-23,vikram7504@ybl
C00149,Vikram Singh,6250824319,vikram.singh77@gmail.com,1964-03-04,Ahmedabad,min,2021-09-18,vikram4319@ybl
C00150,Isha Mehta,8851602504,,2002-09-23,Hyderabad,min,2022-12-07,isha2504@paytm
C00151,Arjun Joshi,8723997757,,1974-07-05,,pending,2026-02-24,arjun7757@ybl
C00152,Harsh Sharma,8068715240,,1973-10-10,Hyderabad,full,2023-10-27,harsh5240@hdfcbank
C00153,Divya Yadav,6556350612,,1989-04-06,Kolkata,min,2022-10-04,divya0612@paytm
C00154,Amit Reddy,7751144592,amit.reddy54@gmail.com,1988-08-29,Jaipur,full,2025-01-26,amit4592@okbank
C00155,F. Desai,6281793028,,1976-08-07,Mumbai,pending,2021-05-06,farhan3028@icici
C00156,Priya Khan,6089183665,priya.khan93@gmail.com,1984-03-22,Delhi,full,2025-09-10,priya3665@ybl
C00157,Tarun Mehta,6041583061,,1980-04-06,Bengaluru,full,2021-06-01,tarun3061@ybl
C00158,Anjali Chopra,9840346729,anjali.chopra21@gmail.com,1962-10-02,Kolkata,min,2022-05-23,anjali6729@sbi
C00159,M. Bose,8313287095,,1981-11-19,Bengaluru,full,2023-09-18,manish7095@paytm
C00160,Pooja Pillai,9388158690,pooja.pillai1@gmail.com,1992-07-20,Lucknow,full,2020-02-07,pooja8690@ybl
C00161,Fatima Verma,6060436831,fatima.verma11@gmail.com,1990-01-12,Mumbai,full,2019-11-03,fatima6831@axl
C00162,Suresh Das,6393131197,,2004-09-16,Chennai,full,2020-02-12,suresh1197@axl
C00163,M. Iyer,9361799399,,1963-11-28,Bengaluru,min,2023-12-10,manish9399@axl
C00164,Sunita Patel,7336986730,sunita.patel87@gmail.com,1979-10-24,Pune,min,2022-06-27,sunita6730@paytm
C00165,Sanjay Yadav,9984351486,sanjay.yadav14@gmail.com,1981-03-28,Bengaluru,full,2026-01-16,sanjay1486@paytm
C00166,Priya Patel,8137580564,priya.patel57@gmail.com,1963-10-13,Kolkata,pending,2024-07-26,priya0564@icici
C00167,Priya Mehta,7945956203,,,Bengaluru,full,2026-05-17,priya6203@sbi
C00168,Nisha Desai,9101208334,nisha.desai48@gmail.com,1984-10-10,Delhi,min,2022-01-26,nisha8334@ybl
C00169,Imran Verma,8428516068,imran.verma56@gmail.com,1998-02-21,Lucknow,full,2025-09-25,imran6068@hdfcbank
C00170,Swati Chopra,7409759866,,1971-10-17,Jaipur,full,2024-07-17,swati9866@ybl
C00171,M. Patel,9281537805,meera.patel59@gmail.com,1990-04-05,Hyderabad,full,2026-04-12,meera7805@hdfcbank
C00172,Vijay Khan,6951253434,vijay.khan37@gmail.com,2003-06-10,Mumbai,full,2021-11-24,vijay3434@ybl
C00173,Tarun Mehta,7042337388,tarun.mehta21@gmail.com,1969-10-24,Pune,full,2021-06-13,tarun7388@hdfcbank
C00174,Meera Desai,6128778851,meera.desai67@gmail.com,1988-11-29,,full,2020-07-15,meera8851@icici
C00175,Tarun Reddy,6249728561,,,Pune,full,2019-10-03,tarun8561@sbi
C00176,Divya Das,7828000872,divya.das28@gmail.com,1980-11-10,Pune,min,2023-05-26,divya0872@axl
C00177,Vikram Sharma,9966028396,,,Kolkata,min,2021-04-08,vikram8396@paytm
C00178,Suresh Desai,9509985526,suresh.desai97@gmail.com,2004-03-21,Delhi,full,2023-04-26,suresh5526@axl
C00179,Deepak Joshi,7178886667,,2005-08-15,Hyderabad,full,2021-09-21,deepak6667@sbi
C00180,Farhan Pillai,7376649331,farhan.pillai26@gmail.com,,Hyderabad,full,2024-12-24,farhan9331@axl
C00181,T. Mehta,6228483541,tarun.mehta20@gmail.com,1965-10-25,Lucknow,full,2025-08-14,tarun3541@sbi
C00182,Nisha Kulkarni,8481939891,nisha.kulkarni59@gmail.com,1977-03-07,,full,2024-06-07,nisha9891@paytm
C00183,Rohan Reddy,7517714444,rohan.reddy33@gmail.com,1961-06-02,Mumbai,full,2022-03-26,rohan4444@okbank
C00184,Nisha Sharma,7283153009,,2001-11-26,Ahmedabad,full,2022-08-18,
C00185,Fatima Das,7198029205,fatima.das50@gmail.com,1972-01-19,Chennai,min,2025-12-30,fatima9205@sbi
C00186,Neha Singh,6014127260,neha.singh75@gmail.com,1998-10-05,Delhi,min,2023-05-23,neha7260@icici
C00187,Priya Bose,6274678934,priya.bose65@gmail.com,1975-05-23,,full,2024-02-02,
C00188,R. Sharma,6986105712,rahul.sharma36@gmail.com,1981-09-27,Jaipur,pending,2023-02-05,rahul5712@paytm
C00189,Harsh Iyer,6836418801,harsh.iyer40@gmail.com,1976-04-19,Chennai,full,2021-07-05,harsh8801@icici
C00190,Harsh Mehta,7144864481,harsh.mehta52@gmail.com,1972-11-21,Mumbai,pending,2024-08-18,harsh4481@okbank
C00191,Nisha Yadav,7676887844,nisha.yadav29@gmail.com,1997-11-24,Jaipur,full,2023-06-26,nisha7844@axl
C00192,Swati Bose,7963570623,swati.bose91@gmail.com,1995-07-13,Bengaluru,min,2020-02-27,swati0623@icici
C00193,I. Iyer,9880429026,,1997-03-07,Pune,full,2021-06-08,isha9026@hdfcbank
C00194,Fatima Yadav,8146145006,fatima.yadav51@gmail.com,1988-04-30,Ahmedabad,full,2021-04-20,fatima5006@paytm
C00195,Pooja Yadav,8564671723,pooja.yadav59@gmail.com,1987-03-13,Ahmedabad,full,2025-03-23,pooja1723@okbank
C00196,Farhan Shaikh,6211828137,farhan.shaikh12@gmail.com,1965-03-04,Lucknow,full,2021-05-13,farhan8137@sbi
C00197,Rahul Bose,6545979618,,1970-04-17,Kolkata,min,2022-10-22,rahul9618@icici
C00198,Farhan Gupta,8332816858,farhan.gupta98@gmail.com,1989-03-01,Ahmedabad,min,2024-03-01,farhan6858@ybl
C00199,Nisha Khan,7563134564,,1986-08-27,Kolkata,min,2020-07-21,nisha4564@okbank
C00200,Nisha Verma,7279610725,nisha.verma80@gmail.com,1993-03-07,Jaipur,full,2020-02-12,nisha0725@hdfcbank
C00201,Aarti Joshi,6939935026,aarti.joshi74@gmail.com,2000-10-01,Pune,pending,2022-04-17,aarti5026@hdfcbank
C00202,Sunita Reddy,8490971022,sunita.reddy90@gmail.com,1975-06-10,Lucknow,min,2026-05-09,sunita1022@paytm
C00203,Vijay Mehta,6768375075,,1977-07-01,Ahmedabad,full,2020-10-01,vijay5075@ybl
C00204,Pooja Reddy,8329645761,,1992-01-16,Jaipur,full,2023-09-07,pooja5761@okbank
C00205,Priya Kulkarni,8529838408,priya.kulkarni61@gmail.com,1978-04-10,Chennai,full,2025-05-04,priya8408@ybl
C00206,Amit Reddy,7841579769,amit.reddy93@gmail.com,,Mumbai,full,2022-09-12,amit9769@okbank
C00207,Sneha Nair,6522364065,sneha.nair10@gmail.com,1966-09-04,Lucknow,full,2025-08-08,sneha4065@paytm
C00208,Aarti Joshi,6293801277,,,Bengaluru,full,2022-03-26,aarti1277@okbank
C00209,Rahul Pillai,9593793465,rahul.pillai7@gmail.com,1975-06-11,Bengaluru,full,2023-08-01,rahul3465@ybl
C00210,Aarti Pillai,6899452007,aarti.pillai71@gmail.com,2004-09-16,Chennai,full,2023-10-15,aarti2007@okbank
C00211,Arjun Mehta,9463553340,,1983-02-01,Pune,min,2021-07-11,arjun3340@paytm
C00212,S. Mehta,9433516881,,1978-08-16,Hyderabad,min,2025-07-23,sunita6881@axl
C00213,Suresh Sharma,9720285613,suresh.sharma19@gmail.com,1987-02-09,Bengaluru,full,2020-09-10,suresh5613@okbank
C00214,Rahul Gupta,7711558179,,1964-08-17,,min,2023-10-26,rahul8179@okbank
C00215,Neha Reddy,8398061962,,,,full,2024-06-19,neha1962@sbi
C00216,Deepak Patel,8395384465,deepak.patel10@gmail.com,1973-06-20,Jaipur,full,2025-07-21,deepak4465@icici
C00217,Sneha Iyer,8686431645,sneha.iyer65@gmail.com,1997-11-12,Mumbai,full,2024-12-25,sneha1645@icici
C00218,Suresh Verma,7021955076,suresh.verma64@gmail.com,1986-06-07,Delhi,full,2021-02-17,suresh5076@hdfcbank
C00219,H. Shaikh,7781627345,harsh.shaikh80@gmail.com,1981-08-14,Kolkata,full,2025-03-14,harsh7345@okbank
C00220,Ritu Singh,7460751416,ritu.singh47@gmail.com,1961-02-09,Kolkata,full,2022-04-06,ritu1416@hdfcbank
C00221,Fatima Kulkarni,8577601428,fatima.kulkarni41@gmail.com,1986-06-01,Lucknow,min,2021-11-01,fatima1428@paytm
C00222,Sunita Sharma,6532841452,,1999-01-01,Lucknow,full,2023-04-30,sunita1452@axl
C00223,Kavita Menon,9154957318,,1971-09-08,Pune,full,2024-08-08,kavita7318@okbank
C00224,Aarti Menon,6190019402,,1968-03-07,Lucknow,full,2022-02-08,aarti9402@sbi
C00225,Ritu Verma,7642682055,ritu.verma6@gmail.com,1981-10-14,Lucknow,full,2026-01-05,ritu2055@paytm
C00226,Amit Nair,9335570028,amit.nair13@gmail.com,1992-03-25,Chennai,pending,2023-04-26,amit0028@ybl
C00227,Manish Sharma,8155531525,,1983-06-11,Jaipur,pending,2020-02-07,manish1525@sbi
C00228,Imran Yadav,6423727843,imran.yadav46@gmail.com,1961-11-15,Hyderabad,full,2025-05-17,imran7843@sbi
C00229,Isha Iyer,9325179172,,1982-09-19,Hyderabad,full,2024-02-22,isha9172@hdfcbank
C00230,Vikram Singh,6966675046,vikram.singh71@gmail.com,2005-03-04,Lucknow,min,2020-11-29,vikram5046@ybl
C00231,Pooja Pillai,7074553619,,2002-04-11,Chennai,min,2026-04-14,pooja3619@axl
C00232,Karan Das,8122931447,karan.das15@gmail.com,1993-10-02,Kolkata,full,2024-05-26,karan1447@icici
C00233,Priya Nair,7581874041,,1989-04-29,Jaipur,full,2020-02-11,priya4041@hdfcbank
C00234,S. Verma,7846433592,sneha.verma47@gmail.com,1962-10-12,Kolkata,full,2024-03-09,sneha3592@icici
C00235,Anjali Das,8647832611,anjali.das42@gmail.com,1991-04-09,Kolkata,min,2020-01-03,anjali2611@sbi
C00236,Karan Gupta,8322624835,karan.gupta44@gmail.com,2001-05-26,Kolkata,full,2026-02-27,karan4835@ybl
C00237,Farhan Patel,7110850370,farhan.patel79@gmail.com,1984-07-19,Lucknow,full,2022-01-17,farhan0370@paytm
C00238,Anjali Yadav,7180683495,,1985-06-10,Ahmedabad,full,2020-05-15,anjali3495@ybl
C00239,Deepak Menon,8942034105,deepak.menon57@gmail.com,1973-03-25,Chennai,full,2020-06-01,deepak4105@okbank
C00240,Vikram Shaikh,8575184276,vikram.shaikh5@gmail.com,1994-12-12,Pune,full,2021-09-06,vikram4276@axl
C00241,Deepak Menon,8481266261,,,Bengaluru,full,2020-06-01,deepak6261@okbank
C00242,Rohan Khan,9721433794,,1963-11-06,Chennai,full,2024-10-11,rohan3794@okbank
C00243,Fatima Iyer,7823097392,,1964-01-04,Pune,full,2025-05-13,fatima7392@icici
C00244,Anjali Mehta,7609526188,,1980-07-16,Delhi,full,2021-07-19,anjali6188@paytm
C00245,Rohan Pillai,6329566172,rohan.pillai22@gmail.com,2005-11-07,Delhi,min,2022-08-15,rohan6172@hdfcbank
C00246,D. Khan,6129778416,deepak.khan47@gmail.com,1993-02-18,Bengaluru,full,2025-12-22,deepak8416@sbi
C00247,Farhan Chopra,7553485815,,2001-04-26,Hyderabad,min,2020-05-05,farhan5815@paytm
C00248,Deepak Bose,9786363098,,1978-01-13,Ahmedabad,min,2020-03-26,deepak3098@ybl
C00249,Deepak Mehta,6060910110,,1995-11-12,Jaipur,full,2019-10-19,deepak0110@paytm
C00250,Ritu Patel,6924808059,ritu.patel72@gmail.com,1998-04-26,Chennai,min,2025-10-06,ritu8059@hdfcbank
C00251,Amit Joshi,6990751526,,1977-01-19,Ahmedabad,min,2021-10-05,amit1526@axl
C00252,I. Shaikh,6114319433,imran.shaikh94@gmail.com,1990-02-16,,full,2021-08-03,imran9433@hdfcbank
C00253,Kavita Reddy,9792943795,kavita.reddy26@gmail.com,1973-02-13,Hyderabad,full,2023-12-06,kavita3795@ybl
C00254,Harsh Nair,7041282235,harsh.nair38@gmail.com,1980-07-04,Delhi,min,2021-01-02,harsh2235@ybl
C00255,Deepak Joshi,6750073848,deepak.joshi71@gmail.com,1981-05-05,Lucknow,pending,2022-02-16,deepak3848@okbank
C00256,Kavita Pillai,7361699750,kavita.pillai37@gmail.com,1999-10-02,Hyderabad,min,2024-10-03,kavita9750@ybl
C00257,Manish Verma,9234674135,manish.verma9@gmail.com,1983-02-03,Pune,full,2021-08-05,
C00258,Meera Shaikh,8335039694,meera.shaikh34@gmail.com,1974-01-31,Jaipur,full,2023-10-19,meera9694@ybl
C00259,Sunita Patel,6726182383,sunita.patel32@gmail.com,2003-04-10,Mumbai,full,2020-05-20,sunita2383@ybl
C00260,Fatima Desai,7663952026,fatima.desai22@gmail.com,1985-05-04,Mumbai,full,2026-04-28,fatima2026@okbank
C00261,Swati Das,6086239038,swati.das64@gmail.com,1968-11-24,Bengaluru,full,2021-04-13,swati9038@icici
C00262,Isha Bose,8331336295,,1966-07-25,Hyderabad,min,2026-02-01,isha6295@icici
C00263,Karan Kulkarni,7039662219,karan.kulkarni29@gmail.com,1990-07-18,Jaipur,full,2024-02-06,karan2219@axl
C00264,Vijay Joshi,7497651057,vijay.joshi74@gmail.com,1977-07-09,Chennai,min,2024-10-13,
C00265,Meera Shaikh,8498927117,,1984-12-10,Lucknow,full,2023-10-30,meera7117@icici
C00266,Rahul Das,6645673841,rahul.das33@gmail.com,1978-05-04,Pune,full,2026-04-01,rahul3841@paytm
C00267,Nisha Reddy,7099843424,,1964-10-02,Lucknow,min,2022-02-24,nisha3424@axl
C00268,Manish Desai,6548095375,manish.desai63@gmail.com,1965-06-04,Pune,full,2021-12-14,manish5375@paytm
C00269,A. Desai,6694605158,anjali.desai41@gmail.com,1973-02-20,Kolkata,full,2021-05-12,anjali5158@okbank
C00270,Farhan Reddy,9036717076,farhan.reddy85@gmail.com,1968-08-27,Ahmedabad,min,2020-09-05,farhan7076@icici
C00271,Neha Iyer,8561817437,neha.iyer70@gmail.com,2001-01-13,Hyderabad,min,2025-02-05,neha7437@ybl
C00272,Vikram Nair,6485082544,vikram.nair19@gmail.com,1968-02-15,Lucknow,min,2023-09-03,vikram2544@icici
C00273,Sneha Khan,6608682904,sneha.khan66@gmail.com,1976-12-28,Bengaluru,min,2019-09-30,sneha2904@icici
C00274,Divya Verma,6738878041,divya.verma36@gmail.com,1985-08-15,Chennai,full,2020-07-14,divya8041@ybl
C00275,Manish Bose,6469926359,,1992-09-30,Bengaluru,min,2020-11-06,manish6359@icici
C00276,Tarun Desai,7790061879,tarun.desai92@gmail.com,1998-02-23,Mumbai,full,2020-02-18,tarun1879@hdfcbank
C00277,Arjun Joshi,8735306376,arjun.joshi59@gmail.com,1963-08-13,Bengaluru,full,2022-08-17,arjun6376@axl
C00278,Deepak Khan,9148848905,deepak.khan4@gmail.com,1989-04-22,Ahmedabad,full,2024-01-30,deepak8905@icici
C00279,V. Nair,6335161173,vijay.nair49@gmail.com,1989-03-20,Mumbai,full,2025-06-11,vijay1173@sbi
C00280,Harsh Joshi,7513020579,harsh.joshi90@gmail.com,1974-10-28,Pune,full,2020-12-29,harsh0579@axl
C00281,Karan Khan,6896174750,karan.khan95@gmail.com,1964-12-13,Lucknow,min,2022-09-05,karan4750@sbi
C00282,Vikram Joshi,6538312341,vikram.joshi2@gmail.com,1974-05-25,Bengaluru,full,2026-03-31,vikram2341@icici
C00283,Kavita Das,8298513850,kavita.das36@gmail.com,,Jaipur,pending,2025-11-07,kavita3850@okbank
C00284,Meera Kulkarni,7786643317,meera.kulkarni2@gmail.com,1968-01-18,Jaipur,full,2025-05-17,meera3317@hdfcbank
C00285,A. Yadav,9228693667,anjali.yadav72@gmail.com,1990-02-19,,full,2025-09-07,anjali3667@sbi
C00286,Imran Iyer,8761187367,imran.iyer98@gmail.com,2002-05-11,Kolkata,full,2023-09-28,imran7367@icici
C00287,Sanjay Patel,8264953616,sanjay.patel51@gmail.com,2004-08-28,Delhi,full,2021-03-23,sanjay3616@paytm
C00288,Sanjay Patel,6658360215,,1961-01-07,Bengaluru,min,2021-05-03,sanjay0215@icici
C00289,Imran Reddy,7635939493,imran.reddy84@gmail.com,1969-01-04,Lucknow,full,2020-09-10,imran9493@sbi
C00290,Divya Menon,6059120456,divya.menon99@gmail.com,1995-05-06,Kolkata,full,2020-04-21,divya0456@ybl
C00291,Kavita Kulkarni,8819610074,,2000-03-07,Bengaluru,full,2021-10-02,kavita0074@hdfcbank
C00292,Imran Bose,9543165825,,1997-11-10,Ahmedabad,full,2026-01-15,imran5825@okbank
C00293,Manish Chopra,6179974080,manish.chopra2@gmail.com,2003-05-22,Delhi,min,2020-05-15,manish4080@hdfcbank
C00294,Karan Menon,6454749720,,1988-04-12,Lucknow,full,2021-02-09,karan9720@icici
C00295,Anjali Desai,6205821280,,1971-01-04,Lucknow,full,2019-10-13,anjali1280@axl
C00296,Sneha Nair,7478301914,sneha.nair95@gmail.com,1998-01-18,Kolkata,full,2021-06-25,sneha1914@axl
C00297,Sunita Das,6671133775,sunita.das10@gmail.com,1995-01-28,Kolkata,full,2024-10-15,sunita3775@icici
C00298,I. Yadav,9696096949,,1985-06-16,Chennai,full,2025-04-25,
C00299,Sunita Gupta,7569300045,,,Chennai,full,2023-03-29,sunita0045@paytm
C00300,Ritu Patel,6968967181,ritu.patel97@gmail.com,1977-07-30,Delhi,min,2023-07-30,ritu7181@paytm
C00301,Imran Nair,9667272039,,1984-03-02,Hyderabad,full,2025-08-21,imran2039@sbi
C00302,Fatima Singh,7546142007,fatima.singh90@gmail.com,2001-01-01,Mumbai,min,2024-09-30,fatima2007@axl
C00303,Sanjay Nair,7795594487,sanjay.nair82@gmail.com,1967-04-17,Ahmedabad,full,2022-02-08,sanjay4487@axl
C00304,Kavita Das,8646905904,kavita.das46@gmail.com,,Pune,full,2025-12-22,kavita5904@sbi
C00305,Sanjay Singh,8484100923,,1988-08-10,Jaipur,full,2021-05-18,sanjay0923@okbank
C00306,Karan Verma,9186468159,karan.verma5@gmail.com,1964-04-23,Bengaluru,full,2026-03-15,karan8159@sbi
C00307,Deepak Khan,6103741581,,2005-08-08,Lucknow,min,2023-12-11,deepak1581@okbank
C00308,H. Kulkarni,8165392010,,1985-07-28,Bengaluru,min,2024-07-13,harsh2010@axl
C00309,Pooja Pillai,6176318009,pooja.pillai27@gmail.com,,Kolkata,min,2021-01-29,pooja8009@axl
C00310,Deepak Nair,9496014967,,1992-03-17,Kolkata,full,2023-10-10,deepak4967@ybl
C00311,Divya Menon,7462011894,,1975-05-03,Mumbai,full,2022-05-02,divya1894@paytm
C00312,Ritu Yadav,6105105024,ritu.yadav19@gmail.com,1990-03-31,Kolkata,full,2022-10-06,ritu5024@ybl
C00313,Priya Gupta,9832448194,,1995-10-02,Chennai,full,2024-03-28,
C00314,Karan Khan,6601841386,karan.khan51@gmail.com,1976-03-31,Lucknow,pending,2023-11-04,karan1386@okbank
C00315,Manish Chopra,9277235851,,1961-06-16,Kolkata,pending,2025-12-19,manish5851@sbi
C00316,Suresh Kulkarni,9860407642,,1993-02-26,Hyderabad,full,2025-05-26,suresh7642@okbank
C00317,Farhan Yadav,6941718670,farhan.yadav13@gmail.com,1967-05-06,Kolkata,min,2022-09-07,farhan8670@icici
C00318,Vikram Nair,7708709681,,1993-10-19,Jaipur,min,2022-04-26,vikram9681@paytm
C00319,Farhan Reddy,7921495927,farhan.reddy6@gmail.com,1981-03-24,Chennai,full,2023-06-02,farhan5927@icici
C00320,Amit Das,8458458843,,1966-11-21,Pune,min,2021-04-13,amit8843@okbank
C00321,Anjali Patel,6111129046,anjali.patel48@gmail.com,1972-11-05,Jaipur,full,2021-06-09,anjali9046@axl
C00322,Amit Sharma,7853567465,amit.sharma14@gmail.com,2000-12-12,Jaipur,full,2024-12-08,amit7465@hdfcbank
C00323,Rohan Gupta,9328129615,,1977-05-09,Bengaluru,min,2024-09-11,
C00324,Karan Pillai,7432769149,karan.pillai38@gmail.com,1988-01-21,Delhi,pending,2021-11-17,karan9149@sbi
C00325,Vijay Sharma,8628979677,vijay.sharma68@gmail.com,2000-08-30,Chennai,min,2021-01-17,vijay9677@okbank
C00326,Rahul Kulkarni,7400652920,,2000-12-18,Delhi,pending,2021-12-29,rahul2920@ybl
C00327,Ritu Bose,6931833239,,1968-11-10,Pune,min,2021-06-08,ritu3239@axl
C00328,Aarti Shaikh,9150248909,,1994-09-18,Delhi,full,2023-05-09,aarti8909@sbi
C00329,V. Khan,7135088354,,1963-05-30,Mumbai,full,2023-01-19,vikram8354@axl
C00330,Nisha Joshi,9196074953,nisha.joshi5@gmail.com,2004-02-09,Lucknow,full,2023-07-11,nisha4953@axl
C00331,Suresh Pillai,6810381124,,1992-12-08,Mumbai,full,2020-06-23,suresh1124@axl
C00332,Deepak Iyer,6513387263,deepak.iyer79@gmail.com,1992-07-19,Bengaluru,full,2020-08-09,deepak7263@paytm
C00333,Isha Iyer,6258756987,,1971-03-24,Kolkata,full,2025-07-24,isha6987@okbank
C00334,Divya Joshi,8149591371,,1972-07-19,Bengaluru,min,2022-12-20,divya1371@ybl
C00335,Meera Singh,6044106549,meera.singh24@gmail.com,1964-11-19,Delhi,full,2026-04-20,meera6549@hdfcbank
C00336,Ritu Reddy,7130899315,ritu.reddy28@gmail.com,,Ahmedabad,full,2025-04-22,ritu9315@hdfcbank
C00337,Arjun Joshi,7959025735,arjun.joshi94@gmail.com,,Delhi,full,2022-06-09,arjun5735@sbi
C00338,Pooja Shaikh,6734543270,pooja.shaikh43@gmail.com,2005-04-17,Delhi,full,2021-04-17,pooja3270@icici
C00339,Meera Joshi,9108461941,,2000-04-20,Ahmedabad,min,2025-06-18,meera1941@okbank
C00340,Manish Singh,7093591872,manish.singh28@gmail.com,,Kolkata,full,2019-08-27,manish1872@sbi
C00341,Vikram Yadav,6142907840,vikram.yadav41@gmail.com,1977-01-25,Kolkata,min,2022-10-01,vikram7840@ybl
C00342,Amit Bose,9726423859,,1963-11-02,Kolkata,min,2025-01-30,amit3859@sbi
C00343,Sanjay Yadav,9016781433,,1970-10-25,Lucknow,min,2020-03-16,sanjay1433@axl
C00344,Swati Iyer,6349639300,swati.iyer29@gmail.com,1993-11-15,Chennai,min,2019-11-14,
C00345,D. Das,9362659033,divya.das30@gmail.com,1962-10-08,Ahmedabad,full,2021-04-01,divya9033@axl
C00346,Farhan Chopra,6933581635,,1991-06-19,Bengaluru,min,2022-05-05,farhan1635@sbi
C00347,Aarti Patel,7209427080,aarti.patel8@gmail.com,1991-03-22,Hyderabad,full,2020-06-17,aarti7080@sbi
C00348,Aarti Patel,8526342565,,1962-09-02,Ahmedabad,min,2019-12-13,aarti2565@sbi
C00349,Deepak Menon,9970242778,deepak.menon37@gmail.com,1997-10-22,Chennai,min,2025-09-11,deepak2778@axl
C00350,Anjali Iyer,8622107349,anjali.iyer85@gmail.com,1998-11-11,Mumbai,full,2023-05-11,anjali7349@ybl
C00351,Aarti Nair,7607708320,,,Chennai,min,2025-05-28,aarti8320@sbi
C00352,Manish Bose,6589928218,,1990-07-18,Lucknow,min,2023-10-09,manish8218@sbi
C00353,Sneha Reddy,8425439346,sneha.reddy80@gmail.com,1985-12-01,Bengaluru,full,2022-04-17,sneha9346@hdfcbank
C00354,Tarun Desai,6869672539,tarun.desai12@gmail.com,1993-07-22,Delhi,full,2023-10-07,tarun2539@hdfcbank
C00355,Sanjay Nair,8082289687,sanjay.nair60@gmail.com,1997-06-14,Mumbai,full,2025-07-08,sanjay9687@hdfcbank
C00356,I. Mehta,9888653687,isha.mehta97@gmail.com,2001-08-31,Mumbai,min,2024-05-10,isha3687@axl
C00357,Sanjay Reddy,8301598786,sanjay.reddy87@gmail.com,1989-08-28,Jaipur,full,2024-12-02,sanjay8786@paytm
C00358,A. Reddy,6418982996,,,Delhi,pending,2024-03-11,anjali2996@paytm
C00359,Ritu Shaikh,8191505798,ritu.shaikh31@gmail.com,2005-05-02,Delhi,full,2024-02-20,ritu5798@ybl
C00360,Fatima Kulkarni,7422871170,,1984-06-27,Pune,min,2023-08-19,fatima1170@paytm
C00361,Fatima Khan,8932345050,,1982-01-26,Jaipur,pending,2019-09-16,fatima5050@axl
C00362,Suresh Desai,9333955259,,2002-12-30,Bengaluru,full,2020-06-20,suresh5259@sbi
C00363,Karan Verma,7492349289,,1989-01-30,Kolkata,min,2022-11-17,karan9289@axl
C00364,Swati Yadav,6101414184,swati.yadav61@gmail.com,2000-08-11,Chennai,pending,2020-02-16,swati4184@sbi
C00365,Sunita Khan,6322878562,sunita.khan80@gmail.com,1961-05-16,Ahmedabad,min,2024-05-23,sunita8562@sbi
C00366,Fatima Singh,8066359810,,2004-01-19,,min,2023-05-25,
C00367,Deepak Desai,9377952063,,1965-12-25,Delhi,full,2019-08-31,deepak2063@sbi
C00368,Pooja Kulkarni,6023469128,pooja.kulkarni9@gmail.com,1988-10-27,Lucknow,full,2025-05-04,pooja9128@hdfcbank
C00369,I. Kulkarni,9260431605,imran.kulkarni25@gmail.com,2002-08-02,Pune,min,2024-09-04,imran1605@sbi
C00370,Imran Shaikh,6941198520,,1967-11-13,Mumbai,full,2020-09-09,imran8520@sbi
C00371,Nisha Pillai,8357074780,nisha.pillai1@gmail.com,1998-05-06,Hyderabad,full,2021-04-25,nisha4780@hdfcbank
C00372,Isha Iyer,7176815011,,2003-10-22,Jaipur,min,2019-09-01,isha5011@axl
C00373,Harsh Desai,8696801186,harsh.desai83@gmail.com,1977-11-20,Mumbai,full,2024-10-15,harsh1186@axl
C00374,Swati Menon,7071419744,,,Jaipur,full,2024-02-28,swati9744@paytm
C00375,Rahul Singh,9987552445,rahul.singh48@gmail.com,2004-10-09,,min,2020-06-29,rahul2445@okbank
C00376,Amit Nair,9816644174,,2000-04-22,Pune,full,2019-10-29,amit4174@axl
C00377,Anjali Kulkarni,9867778627,,2004-04-28,,full,2024-08-30,anjali8627@icici
C00378,Meera Chopra,8259326185,meera.chopra46@gmail.com,1966-09-18,Chennai,full,2023-11-16,meera6185@okbank
C00379,Aarti Das,6758886109,,2002-01-05,Delhi,pending,2025-04-10,aarti6109@hdfcbank
C00380,Deepak Singh,7912457063,deepak.singh37@gmail.com,1973-05-12,Delhi,min,2021-06-29,deepak7063@sbi
C00381,Aarti Chopra,8212746275,,,Bengaluru,min,2021-10-12,aarti6275@sbi
C00382,Imran Khan,6750347430,imran.khan3@gmail.com,1974-07-18,Lucknow,full,2020-08-02,imran7430@paytm
C00383,Farhan Menon,8733896146,,2000-09-01,Chennai,min,2021-11-18,farhan6146@hdfcbank
C00384,Neha Menon,8378552533,,1975-05-11,Mumbai,full,2020-05-12,neha2533@icici
C00385,Vikram Joshi,9910363061,,1987-09-25,Lucknow,min,2021-05-02,vikram3061@paytm
C00386,A. Joshi,7752358307,anjali.joshi13@gmail.com,1997-12-20,Delhi,full,2021-08-26,anjali8307@ybl
C00387,Amit Das,9553244494,amit.das65@gmail.com,1998-05-28,Bengaluru,full,2024-12-28,amit4494@sbi
C00388,Suresh Bose,6640159181,suresh.bose22@gmail.com,1994-02-27,Lucknow,full,2020-07-21,suresh9181@ybl
C00389,D. Joshi,8471508828,,2004-11-07,Mumbai,full,2022-07-04,
C00390,Anjali Pillai,9974767544,anjali.pillai41@gmail.com,2001-04-16,Bengaluru,min,2022-10-08,anjali7544@okbank
C00391,Sanjay Mehta,6987687577,,,Ahmedabad,full,2020-05-04,sanjay7577@icici
C00392,Fatima Bose,6191072784,,1989-09-30,Kolkata,full,2020-11-26,fatima2784@hdfcbank
C00393,Sneha Shaikh,6832101120,sneha.shaikh33@gmail.com,1988-07-11,Kolkata,min,2025-10-03,sneha1120@icici
C00394,Farhan Verma,8334338127,,1982-03-21,Jaipur,full,2020-10-04,farhan8127@sbi
C00395,Karan Yadav,9006905517,karan.yadav32@gmail.com,1972-04-07,Hyderabad,full,2021-06-01,karan5517@okbank
C00396,V. Das,7754940482,,1976-01-07,Mumbai,full,2021-01-03,vijay0482@paytm
C00397,Deepak Reddy,8075331152,,1999-10-03,Pune,min,2022-11-06,deepak1152@axl
C00398,Farhan Yadav,8293450660,,2003-10-02,Mumbai,pending,2024-06-21,farhan0660@sbi
C00399,Aarti Patel,6884193638,,1961-10-04,Delhi,full,2024-04-02,aarti3638@sbi
C00400,Rahul Nair,8186829904,rahul.nair46@gmail.com,,Mumbai,full,2021-12-22,rahul9904@okbank
C00401,Arjun Pillai,7010252571,arjun.pillai10@gmail.com,1963-01-28,Ahmedabad,min,2020-02-19,arjun2571@sbi
C00402,Deepak Verma,8492643782,deepak.verma99@gmail.com,1985-12-08,Kolkata,full,2022-11-14,deepak3782@okbank
C00403,Amit Pillai,6926991306,,1963-07-03,Jaipur,full,2026-02-23,amit1306@icici
C00404,Priya Chopra,7988520540,priya.chopra24@gmail.com,2001-01-20,Lucknow,full,2025-09-26,priya0540@okbank
C00405,Swati Patel,7080641008,swati.patel98@gmail.com,1997-01-14,Delhi,min,2021-10-22,swati1008@ybl
C00406,Aarti Shaikh,6397431150,,1978-05-16,Lucknow,full,2020-09-16,aarti1150@paytm
C00407,Ritu Yadav,7270349738,ritu.yadav41@gmail.com,1974-01-24,Bengaluru,full,2022-07-28,ritu9738@paytm
C00408,M. Khan,6285039620,manish.khan59@gmail.com,1977-12-27,Jaipur,min,2021-03-05,manish9620@icici
C00409,Anjali Shaikh,8147020226,anjali.shaikh98@gmail.com,1982-06-12,Jaipur,min,2022-09-13,anjali0226@hdfcbank
C00410,Sneha Sharma,8035146939,sneha.sharma27@gmail.com,1978-11-12,Pune,full,2023-12-18,sneha6939@paytm
C00411,Kavita Gupta,7112181683,,1979-11-12,Hyderabad,full,2022-04-09,kavita1683@hdfcbank
C00412,A. Desai,9801971335,aarti.desai60@gmail.com,1982-12-10,Mumbai,min,2019-10-31,aarti1335@ybl
C00413,Vijay Mehta,7078898204,vijay.mehta16@gmail.com,1966-10-27,Bengaluru,full,2020-09-15,vijay8204@paytm
C00414,Farhan Das,9742495022,farhan.das83@gmail.com,1982-01-11,Kolkata,full,2021-08-26,farhan5022@sbi
C00415,Kavita Patel,7725205344,kavita.patel26@gmail.com,,Jaipur,full,2022-02-16,kavita5344@okbank
C00416,Deepak Patel,8925502213,deepak.patel15@gmail.com,,Chennai,full,2022-09-22,deepak2213@paytm
C00417,Farhan Desai,7977902874,farhan.desai13@gmail.com,1997-05-27,Lucknow,min,2026-04-14,farhan2874@sbi
C00418,Sanjay Gupta,7722554830,sanjay.gupta82@gmail.com,1977-11-08,Kolkata,min,2021-09-25,sanjay4830@ybl
C00419,Rahul Das,7519088346,rahul.das14@gmail.com,1997-03-10,,full,2019-11-01,
C00420,Karan Pillai,9923511548,karan.pillai67@gmail.com,1969-05-14,Bengaluru,full,2020-03-20,karan1548@ybl
C00421,Arjun Patel,9226005184,arjun.patel98@gmail.com,1975-02-02,,full,2021-09-22,arjun5184@sbi
C00422,Arjun Khan,7386153274,arjun.khan32@gmail.com,1979-02-05,Mumbai,pending,2021-06-02,arjun3274@okbank
C00423,Karan Pillai,9457284772,,1976-09-17,Kolkata,full,2021-07-28,karan4772@sbi
C00424,Manish Singh,9608185607,,1980-06-29,Jaipur,full,2020-03-20,manish5607@okbank
C00425,Priya Bose,8412006643,priya.bose52@gmail.com,1996-10-29,Pune,full,2026-04-19,priya6643@paytm
C00426,Nisha Yadav,9406744218,nisha.yadav6@gmail.com,1970-01-07,Bengaluru,full,2020-06-03,nisha4218@axl
C00427,Nisha Sharma,8132062688,nisha.sharma29@gmail.com,1970-03-23,Kolkata,min,2021-06-09,nisha2688@okbank
C00428,Sanjay Reddy,7320493162,sanjay.reddy50@gmail.com,1969-09-01,Bengaluru,min,2025-12-03,sanjay3162@sbi
C00429,Karan Mehta,7693421306,,1962-01-28,Kolkata,full,2023-12-13,karan1306@okbank
C00430,Amit Reddy,9359159819,,1990-02-06,,min,2024-12-04,amit9819@paytm
C00431,Nisha Chopra,6365362592,nisha.chopra95@gmail.com,1972-02-18,Hyderabad,full,2021-08-11,nisha2592@hdfcbank
C00432,Vijay Das,9212095973,vijay.das37@gmail.com,,,min,2025-12-21,vijay5973@icici
C00433,Rahul Gupta,8320998628,rahul.gupta96@gmail.com,1989-11-09,Bengaluru,full,2026-05-08,rahul8628@okbank
C00434,Neha Khan,7115725441,,1978-09-21,Pune,full,2023-08-17,neha5441@paytm
C00435,Rohan Chopra,6933446419,rohan.chopra96@gmail.com,2004-03-30,Mumbai,min,2021-08-16,rohan6419@hdfcbank
C00436,Kavita Khan,7244360141,kavita.khan53@gmail.com,1978-01-05,Mumbai,full,2020-10-20,kavita0141@axl
C00437,Meera Kulkarni,8339089191,meera.kulkarni47@gmail.com,2000-02-22,Hyderabad,min,2022-07-05,meera9191@icici
C00438,Neha Kulkarni,9720866662,neha.kulkarni16@gmail.com,2001-11-11,Bengaluru,full,2019-08-31,neha6662@icici
C00439,Vikram Patel,9359514823,,1995-05-06,Lucknow,full,2021-10-20,vikram4823@hdfcbank
C00440,Manish Das,7227601407,,1998-06-27,Ahmedabad,full,2023-03-08,manish1407@axl
C00441,Divya Iyer,7119481017,,1984-04-08,Kolkata,full,2025-03-11,divya1017@hdfcbank
C00442,Amit Kulkarni,6235461070,amit.kulkarni22@gmail.com,1964-10-03,Delhi,full,2026-05-03,amit1070@sbi
C00443,Fatima Chopra,8636332336,fatima.chopra41@gmail.com,1992-12-10,Chennai,min,2026-05-20,fatima2336@sbi
C00444,Ritu Singh,8972468560,ritu.singh23@gmail.com,,Mumbai,min,2025-11-26,ritu8560@hdfcbank
C00445,Fatima Kulkarni,6399466136,,1973-11-05,Ahmedabad,min,2020-10-04,fatima6136@okbank
C00446,Anjali Menon,9141622760,,2000-01-07,,full,2022-10-03,anjali2760@sbi
C00447,Rohan Chopra,6696473259,,1966-10-21,Chennai,full,2022-02-19,rohan3259@axl
C00448,Rohan Singh,8007971389,rohan.singh87@gmail.com,,Hyderabad,full,2020-05-30,rohan1389@ybl
C00449,Divya Khan,7108382261,divya.khan57@gmail.com,1986-06-05,Bengaluru,min,2026-01-12,divya2261@icici
C00450,Farhan Singh,8974847393,,1979-11-24,Pune,min,2025-10-29,farhan7393@hdfcbank
C00451,Anjali Iyer,6536973526,,1978-07-03,Ahmedabad,full,2024-12-12,anjali3526@paytm
C00452,Deepak Iyer,7448281638,deepak.iyer85@gmail.com,1970-02-23,Bengaluru,full,2021-08-17,deepak1638@axl
C00453,Divya Chopra,7915341721,divya.chopra74@gmail.com,1996-08-02,Jaipur,full,2019-09-25,divya1721@ybl
C00454,Imran Kulkarni,8640116925,,2004-01-08,Hyderabad,min,2025-05-10,
C00455,Farhan Shaikh,8500971805,farhan.shaikh3@gmail.com,2004-10-31,Delhi,full,2019-11-10,farhan1805@icici
C00456,Tarun Singh,7860430560,tarun.singh57@gmail.com,1984-01-14,Mumbai,full,2025-01-07,tarun0560@icici
C00457,Sneha Shaikh,6209925143,,1992-08-04,Lucknow,full,2024-01-24,sneha5143@axl
C00458,N. Reddy,7289623160,neha.reddy28@gmail.com,1983-11-16,Hyderabad,full,2024-08-02,neha3160@sbi
C00459,Nisha Shaikh,7507961368,nisha.shaikh30@gmail.com,1975-09-20,Kolkata,min,2022-11-14,nisha1368@hdfcbank
C00460,Pooja Patel,8115063328,,1981-04-03,Hyderabad,full,2022-03-10,pooja3328@ybl
C00461,I. Singh,7585803522,,1969-11-21,Mumbai,full,2022-01-18,isha3522@ybl
C00462,Vijay Nair,6676152963,vijay.nair44@gmail.com,1983-05-08,Lucknow,full,2021-04-13,vijay2963@ybl
C00463,Imran Bose,8249883894,,1989-01-21,Delhi,min,2025-07-22,imran3894@axl
C00464,Manish Verma,6754894574,manish.verma28@gmail.com,,Kolkata,full,2024-04-14,manish4574@hdfcbank
C00465,Sunita Das,7969996041,sunita.das41@gmail.com,1981-03-12,Bengaluru,full,2024-12-02,sunita6041@icici
C00466,Fatima Kulkarni,7319257122,fatima.kulkarni23@gmail.com,1980-02-12,Mumbai,min,2020-01-15,fatima7122@sbi
C00467,Isha Bose,6988004213,isha.bose3@gmail.com,1977-09-14,Kolkata,full,2025-04-12,isha4213@sbi
C00468,Suresh Bose,7490724338,,1985-03-06,Delhi,pending,2021-06-28,suresh4338@ybl
C00469,Meera Sharma,8871214306,,2004-01-01,Hyderabad,full,2020-12-06,meera4306@icici
C00470,Vikram Kulkarni,9197130608,vikram.kulkarni33@gmail.com,,Lucknow,min,2021-07-18,vikram0608@sbi
C00471,Amit Shaikh,7671212764,amit.shaikh86@gmail.com,2003-07-08,Delhi,min,2020-10-13,amit2764@icici
C00472,Manish Khan,7142110183,manish.khan99@gmail.com,1988-06-29,Pune,full,2021-08-21,manish0183@sbi
C00473,Anjali Singh,8397281063,anjali.singh31@gmail.com,1986-08-07,Jaipur,full,2025-04-15,anjali1063@sbi
C00474,Divya Mehta,8166713875,divya.mehta56@gmail.com,1994-05-04,,min,2024-01-23,divya3875@icici
C00475,Priya Khan,6098814096,,1988-01-18,Jaipur,pending,2024-02-25,priya4096@icici
C00476,Arjun Shaikh,8878533614,arjun.shaikh45@gmail.com,2004-04-26,Kolkata,full,2020-10-07,arjun3614@hdfcbank
C00477,Rohan Khan,8057673689,rohan.khan19@gmail.com,1975-11-07,Jaipur,min,2022-02-09,rohan3689@icici
C00478,Arjun Iyer,6126874753,arjun.iyer76@gmail.com,1980-10-07,Hyderabad,min,2020-03-23,arjun4753@okbank
C00479,Kavita Gupta,8018927628,,1971-06-05,Mumbai,min,2022-04-12,kavita7628@paytm
C00480,Vijay Shaikh,8308829195,vijay.shaikh12@gmail.com,,Kolkata,pending,2023-07-13,vijay9195@hdfcbank
C00481,Rohan Reddy,9127390118,rohan.reddy1@gmail.com,1977-12-11,Lucknow,full,2024-05-24,rohan0118@axl
C00482,Sneha Iyer,9611446471,sneha.iyer99@gmail.com,1962-01-22,Lucknow,full,2022-02-10,sneha6471@okbank
C00483,Harsh Verma,7201609917,harsh.verma7@gmail.com,1991-05-12,Delhi,full,2021-01-11,harsh9917@hdfcbank
C00484,Karan Chopra,7252500518,karan.chopra63@gmail.com,1998-04-05,Bengaluru,full,2023-11-26,karan0518@okbank
C00485,Divya Joshi,7966794929,,1986-04-14,Chennai,full,2022-09-04,divya4929@okbank
C00486,Neha Desai,7155616383,,1970-04-29,Hyderabad,pending,2022-04-12,neha6383@paytm
C00487,Isha Khan,7337740592,,1969-02-11,Chennai,pending,2024-05-18,isha0592@hdfcbank
C00488,Fatima Shaikh,9647386244,,2005-03-12,Ahmedabad,full,2023-11-02,fatima6244@sbi
C00489,V. Gupta,6209059903,vikram.gupta61@gmail.com,1973-07-03,Hyderabad,full,2020-03-26,vikram9903@sbi
C00490,Pooja Verma,7161764015,,2003-10-12,Lucknow,min,2026-01-29,pooja4015@ybl
C00491,P. Patel,6581177624,pooja.patel56@gmail.com,1991-04-07,Jaipur,min,2026-04-08,pooja7624@paytm
C00492,Tarun Verma,7508685895,tarun.verma62@gmail.com,1981-05-24,Kolkata,pending,2023-05-15,tarun5895@okbank
C00493,Arjun Kulkarni,6217588436,,1995-02-19,Bengaluru,full,2022-04-02,arjun8436@axl
C00494,Priya Singh,6373211209,priya.singh97@gmail.com,1977-11-04,Ahmedabad,full,2026-01-20,priya1209@ybl
C00495,Manish Verma,9039032317,manish.verma95@gmail.com,1992-12-04,Bengaluru,min,2025-04-29,manish2317@paytm
C00496,Aarti Khan,6535821480,aarti.khan87@gmail.com,1981-10-11,Pune,min,2024-11-02,aarti1480@hdfcbank
C00497,Aarti Khan,8269076296,aarti.khan31@gmail.com,1974-09-03,Lucknow,min,2020-11-02,aarti6296@okbank
C00498,S. Joshi,6441205307,swati.joshi73@gmail.com,2002-05-03,Hyderabad,pending,2023-07-19,swati5307@hdfcbank
C00499,Manish Chopra,6324664563,manish.chopra31@gmail.com,1968-06-28,Kolkata,full,2023-06-21,manish4563@axl
C00500,Aarti Gupta,6113582863,aarti.gupta81@gmail.com,,Ahmedabad,pending,2021-03-15,aarti2863@okbank
C00501,Priya Kulkarni,9133947420,priya.kulkarni94@gmail.com,1974-12-22,Jaipur,full,2024-01-09,priya7420@paytm
C00502,Aarti Das,9922074211,aarti.das42@gmail.com,1985-07-29,Kolkata,full,2021-05-09,aarti4211@hdfcbank
C00503,Tarun Nair,7809371344,tarun.nair29@gmail.com,1975-06-02,Kolkata,full,2020-01-08,tarun1344@sbi
C00504,Sunita Pillai,7399773141,,1989-05-22,Delhi,min,2021-11-10,sunita3141@paytm
C00505,Harsh Khan,9650716762,harsh.khan40@gmail.com,1979-10-27,Pune,pending,2019-12-13,harsh6762@okbank
C00506,Anjali Joshi,6664435571,anjali.joshi16@gmail.com,1976-10-10,Jaipur,full,2024-06-07,anjali5571@icici
C00507,Swati Shaikh,8799008009,swati.shaikh42@gmail.com,1970-04-21,Jaipur,min,2020-04-22,swati8009@okbank
C00508,Anjali Shaikh,7243141994,anjali.shaikh40@gmail.com,1996-07-05,Mumbai,pending,2023-11-27,anjali1994@icici
C00509,N. Nair,8874294013,nisha.nair31@gmail.com,,Chennai,full,2020-01-01,nisha4013@sbi
C00510,Deepak Kulkarni,6851691954,deepak.kulkarni4@gmail.com,1969-12-07,Bengaluru,full,2019-12-12,deepak1954@hdfcbank
C00511,Kavita Iyer,8204650790,kavita.iyer3@gmail.com,1995-04-23,Mumbai,min,2024-12-14,kavita0790@sbi
C00512,Deepak Gupta,8187832001,deepak.gupta2@gmail.com,1963-01-29,Lucknow,min,2025-03-04,deepak2001@sbi
C00513,Anjali Nair,7043834009,,1967-11-06,Pune,min,2022-03-17,anjali4009@paytm
C00514,Anjali Sharma,7668133950,anjali.sharma41@gmail.com,1983-11-01,Delhi,full,2026-01-31,anjali3950@icici
C00515,Swati Das,6801061210,,1987-05-29,Jaipur,min,2020-11-09,swati1210@sbi
C00516,Rohan Iyer,7682357379,rohan.iyer62@gmail.com,2004-10-07,Kolkata,min,2021-08-31,rohan7379@icici
C00517,Priya Desai,9453601055,,1987-05-01,Lucknow,min,2020-06-20,priya1055@paytm
C00518,S. Mehta,9730637130,,,Pune,full,2022-10-23,sneha7130@ybl
C00519,Arjun Bose,7126880847,,1989-07-06,,full,2025-11-10,arjun0847@hdfcbank
C00520,Meera Singh,6465200750,meera.singh98@gmail.com,2002-06-06,Hyderabad,full,2021-11-25,meera0750@okbank
C00521,D. Sharma,6484333074,deepak.sharma96@gmail.com,1965-03-23,,full,2021-04-27,deepak3074@sbi
C00522,Priya Sharma,7001364119,priya.sharma82@gmail.com,1994-02-04,Ahmedabad,pending,2025-10-29,priya4119@paytm
C00523,Anjali Patel,8368211418,anjali.patel29@gmail.com,,Jaipur,min,2020-07-25,anjali1418@icici
C00524,Rohan Mehta,9222058672,rohan.mehta85@gmail.com,1968-01-01,Delhi,pending,2025-09-28,rohan8672@ybl
C00525,Harsh Kulkarni,7438753976,harsh.kulkarni46@gmail.com,1970-06-25,Bengaluru,full,2022-05-04,harsh3976@sbi
C00526,S. Reddy,6213861872,,,Bengaluru,full,2021-01-28,sanjay1872@axl
C00527,P. Menon,6323434303,priya.menon97@gmail.com,1998-11-30,Pune,full,2021-11-25,priya4303@ybl
C00528,P. Verma,7920020126,priya.verma94@gmail.com,1997-04-18,Kolkata,full,2023-12-14,priya0126@axl
C00529,Aarti Reddy,8672019678,,1982-05-30,Bengaluru,full,2025-08-21,aarti9678@ybl
C00530,I. Khan,6640981703,imran.khan88@gmail.com,2003-07-06,,full,2023-08-23,imran1703@sbi
C00531,R. Pillai,8851103747,,1984-02-02,Jaipur,full,2021-04-09,rahul3747@okbank
C00532,Karan Bose,9167098614,karan.bose51@gmail.com,1982-12-04,Lucknow,min,2021-08-02,karan8614@paytm
C00533,Isha Kulkarni,6986849526,,1990-09-18,Kolkata,full,2023-04-27,isha9526@paytm
C00534,Suresh Mehta,6449729464,,1974-06-24,Ahmedabad,pending,2020-02-27,suresh9464@axl
C00535,Anjali Patel,8002503460,anjali.patel57@gmail.com,1983-07-23,Bengaluru,full,2023-03-29,anjali3460@hdfcbank
C00536,Farhan Nair,7915024386,farhan.nair25@gmail.com,,Kolkata,pending,2025-04-26,farhan4386@paytm
C00537,Manish Shaikh,8817241329,manish.shaikh36@gmail.com,2002-05-17,Ahmedabad,full,2021-07-08,manish1329@okbank
C00538,Suresh Das,9349490701,suresh.das51@gmail.com,1988-02-17,Pune,full,2022-03-26,suresh0701@ybl
C00539,Vikram Kulkarni,7408840086,,1990-12-02,Lucknow,full,2023-02-27,vikram0086@icici
C00540,Neha Singh,6755918616,neha.singh26@gmail.com,1961-07-31,Jaipur,min,2024-03-01,neha8616@okbank
C00541,Ritu Singh,6210539241,,1982-01-29,Ahmedabad,full,2021-06-29,ritu9241@hdfcbank
C00542,R. Iyer,7861754269,,2005-03-24,Chennai,min,2022-01-11,rahul4269@sbi
C00543,M. Khan,6213506649,meera.khan24@gmail.com,1992-10-28,Bengaluru,full,2021-04-11,meera6649@paytm
C00544,Suresh Bose,7373063737,,1973-07-25,Hyderabad,min,2023-01-08,suresh3737@sbi
C00545,Ritu Iyer,8139364081,ritu.iyer5@gmail.com,1969-08-30,Delhi,full,2021-01-27,ritu4081@paytm
C00546,Tarun Iyer,9740618076,,1963-08-24,Bengaluru,full,2021-05-17,tarun8076@sbi
C00547,Rohan Chopra,9627457009,rohan.chopra68@gmail.com,1969-08-19,Pune,full,2024-11-03,rohan7009@okbank
C00548,Swati Patel,8179648543,,1973-05-15,Delhi,full,2022-03-14,swati8543@hdfcbank
C00549,Aarti Bose,8140508283,aarti.bose70@gmail.com,1993-02-09,Delhi,min,2024-08-24,aarti8283@paytm
C00550,Suresh Desai,8306149203,suresh.desai38@gmail.com,1984-05-28,Pune,full,2025-10-01,suresh9203@ybl
C00551,Vikram Verma,7485688304,,,Ahmedabad,full,2024-12-18,vikram8304@paytm
C00552,Fatima Bose,7643890078,,1995-01-14,Mumbai,full,2025-10-31,fatima0078@sbi
C00553,Farhan Shaikh,7116933920,farhan.shaikh74@gmail.com,1961-11-26,Pune,full,2020-05-27,farhan3920@icici
C00554,Sunita Gupta,6011036226,,2003-12-13,Delhi,min,2025-07-24,sunita6226@paytm
C00555,F. Das,7433582835,,1970-05-14,Mumbai,full,2021-10-23,farhan2835@axl
C00556,Arjun Khan,7351770247,arjun.khan97@gmail.com,1971-04-02,Mumbai,full,2026-01-14,arjun0247@paytm
C00557,Amit Verma,8830342365,amit.verma71@gmail.com,1988-05-18,Mumbai,full,2022-07-08,amit2365@okbank
C00558,Vikram Pillai,7738447701,,1995-10-27,Hyderabad,min,2020-06-02,vikram7701@sbi
C00559,Sanjay Yadav,7107902533,,1985-08-10,Chennai,full,2023-08-10,sanjay2533@hdfcbank
C00560,Manish Mehta,8840003654,,1968-02-20,Hyderabad,min,2020-03-26,manish3654@paytm
C00561,V. Nair,8816160106,,2000-07-03,Lucknow,full,2020-03-18,vikram0106@axl
C00562,Rohan Nair,6683763045,,,Pune,full,2022-04-02,rohan3045@hdfcbank
C00563,Meera Joshi,7063983920,,1994-01-16,,full,2024-09-25,meera3920@icici
C00564,Arjun Mehta,8935617699,arjun.mehta27@gmail.com,1981-02-24,Lucknow,full,2019-12-23,arjun7699@axl
C00565,Priya Bose,6665315937,,1993-06-22,Pune,full,2025-02-14,priya5937@axl
C00566,Meera Das,6359664458,meera.das26@gmail.com,1972-03-29,Ahmedabad,full,2021-11-05,meera4458@axl
C00567,Anjali Mehta,8145148114,,1975-12-18,Delhi,full,2020-03-13,anjali8114@axl
C00568,Swati Verma,9010553416,swati.verma80@gmail.com,1982-08-30,Hyderabad,full,2022-08-23,
C00569,Sunita Das,9967477775,sunita.das42@gmail.com,,Bengaluru,min,2019-10-05,sunita7775@icici
C00570,Imran Iyer,8902358584,,1989-12-17,Kolkata,full,2024-06-01,imran8584@ybl
C00571,Suresh Nair,8021248299,suresh.nair11@gmail.com,1970-07-10,Pune,min,2024-11-01,suresh8299@okbank
C00572,Ritu Verma,7080295758,ritu.verma85@gmail.com,,Delhi,min,2025-01-26,ritu5758@sbi
C00573,S. Khan,8713077352,,,Chennai,min,2025-12-26,swati7352@sbi
C00574,Harsh Menon,6962582144,harsh.menon88@gmail.com,1977-10-15,Jaipur,full,2024-03-10,harsh2144@axl
C00575,Meera Patel,9521423564,meera.patel6@gmail.com,1977-02-26,Hyderabad,min,2023-02-21,meera3564@axl
C00576,Sanjay Desai,8522987442,,1999-02-12,Delhi,full,2022-11-03,sanjay7442@axl
C00577,Sanjay Khan,9886602284,sanjay.khan93@gmail.com,1989-12-30,Hyderabad,min,2021-10-21,sanjay2284@sbi
C00578,Isha Verma,8426042857,isha.verma77@gmail.com,1970-11-24,Lucknow,min,2024-12-19,isha2857@icici
C00579,Rahul Kulkarni,6733700259,rahul.kulkarni76@gmail.com,1996-06-26,Pune,full,2024-08-09,rahul0259@paytm
C00580,Sunita Gupta,6009134132,sunita.gupta76@gmail.com,1983-03-10,Mumbai,full,2025-01-11,sunita4132@hdfcbank
C00581,Sunita Nair,6057707590,sunita.nair13@gmail.com,1996-02-03,Pune,min,2022-12-01,sunita7590@hdfcbank
C00582,Rahul Joshi,8409534242,rahul.joshi22@gmail.com,1986-07-08,Ahmedabad,full,2022-02-16,rahul4242@okbank
C00583,Kavita Singh,9293235638,kavita.singh34@gmail.com,1968-07-03,Delhi,full,2024-02-02,kavita5638@hdfcbank
C00584,Vijay Kulkarni,9587044780,vijay.kulkarni31@gmail.com,1997-06-22,Mumbai,full,2024-01-27,vijay4780@hdfcbank
C00585,Pooja Mehta,9758901637,pooja.mehta93@gmail.com,1975-07-18,Ahmedabad,min,2024-07-21,
C00586,Tarun Shaikh,9184753242,tarun.shaikh27@gmail.com,1985-04-28,Ahmedabad,full,2022-04-01,tarun3242@icici
C00587,Suresh Reddy,8524997815,suresh.reddy38@gmail.com,2003-07-07,Mumbai,full,2024-05-28,suresh7815@ybl
C00588,Anjali Reddy,7653041352,anjali.reddy36@gmail.com,1962-04-08,Pune,full,2021-08-21,anjali1352@icici
C00589,Vikram Kulkarni,8562512151,,1995-05-11,Chennai,full,2019-10-11,vikram2151@icici
C00590,Rahul Gupta,7081183805,rahul.gupta69@gmail.com,2000-06-12,Kolkata,min,2022-10-01,rahul3805@paytm
C00591,Kavita Kulkarni,9773830621,,1985-12-01,Bengaluru,min,2020-02-18,
C00592,Priya Menon,9618873468,priya.menon30@gmail.com,1978-02-19,Kolkata,full,2026-04-19,priya3468@ybl
C00593,Arjun Sharma,8399502663,,1983-09-14,Hyderabad,min,2020-01-01,arjun2663@hdfcbank
C00594,Imran Chopra,7487800817,,1972-10-23,Delhi,full,2025-01-28,imran0817@okbank
C00595,Priya Menon,8916088379,priya.menon39@gmail.com,1993-11-10,Ahmedabad,full,2021-11-23,priya8379@sbi
C00596,Harsh Bose,7704215178,harsh.bose68@gmail.com,1961-04-16,Hyderabad,full,2022-06-26,harsh5178@okbank
C00597,Farhan Patel,9091036010,farhan.patel26@gmail.com,1994-08-08,Jaipur,full,2023-08-26,farhan6010@paytm
C00598,N. Kulkarni,8113218126,neha.kulkarni23@gmail.com,1984-09-25,Delhi,full,2019-12-05,neha8126@paytm
C00599,Nisha Iyer,6951594662,nisha.iyer21@gmail.com,,Ahmedabad,full,2023-05-27,nisha4662@okbank
C00600,Arjun Yadav,8016115335,arjun.yadav5@gmail.com,1964-01-15,Chennai,min,2022-05-24,arjun5335@hdfcbank
C00601,Fatima Mehta,8619341084,,2000-01-10,Kolkata,full,2023-09-08,fatima1084@paytm
C00602,Nisha Kulkarni,8092991425,nisha.kulkarni56@gmail.com,1963-07-25,Bengaluru,full,2023-01-17,nisha1425@icici
C00603,Vikram Khan,7670071334,,1974-03-26,Pune,min,2023-01-14,vikram1334@paytm
C00604,Swati Reddy,9026834346,,1980-01-24,Jaipur,min,2021-03-21,swati4346@axl
C00605,Vijay Mehta,7332685536,,1963-06-01,Pune,min,2024-06-02,vijay5536@hdfcbank
C00606,Karan Bose,6679611243,,1977-02-20,Kolkata,full,2022-12-05,karan1243@sbi
C00607,Meera Iyer,7351837648,,1975-06-08,Chennai,full,2020-09-24,meera7648@sbi
C00608,Deepak Kulkarni,9732668434,,,Ahmedabad,pending,2025-03-01,deepak8434@hdfcbank
C00609,Sanjay Patel,7097256844,sanjay.patel66@gmail.com,1964-07-29,Delhi,min,2021-04-03,sanjay6844@paytm
C00610,Meera Mehta,8702244201,,1964-04-14,Ahmedabad,min,2023-08-18,meera4201@ybl
C00611,Sunita Khan,9429628875,sunita.khan64@gmail.com,2002-02-16,Mumbai,full,2022-03-28,sunita8875@okbank
C00612,Suresh Patel,8974092688,suresh.patel62@gmail.com,1999-11-20,Delhi,min,2020-01-06,suresh2688@paytm
C00613,Aarti Verma,8529261503,aarti.verma35@gmail.com,1977-04-06,Hyderabad,full,2021-11-07,aarti1503@ybl
C00614,Rohan Nair,9593203027,,2002-04-30,Lucknow,full,2019-09-28,rohan3027@paytm
C00615,Kavita Sharma,8334472662,kavita.sharma24@gmail.com,1963-11-24,Lucknow,pending,2020-12-17,kavita2662@icici
C00616,Sunita Bose,8374415654,sunita.bose54@gmail.com,1963-02-07,Hyderabad,full,2020-11-29,sunita5654@ybl
C00617,Ritu Singh,6321287995,ritu.singh99@gmail.com,,Pune,full,2019-09-12,ritu7995@paytm
C00618,P. Mehta,9247291840,priya.mehta17@gmail.com,1990-12-21,Jaipur,min,2025-04-25,priya1840@sbi
C00619,Deepak Sharma,7169579325,deepak.sharma4@gmail.com,2003-05-04,Delhi,pending,2026-02-28,deepak9325@axl
C00620,Isha Iyer,9381993282,isha.iyer97@gmail.com,2002-05-17,Jaipur,full,2019-08-27,isha3282@sbi
C00621,Suresh Singh,8892707645,suresh.singh1@gmail.com,2003-03-09,Kolkata,full,2021-09-27,suresh7645@paytm
C00622,Vikram Desai,6480887039,vikram.desai59@gmail.com,2000-06-24,Kolkata,min,2025-04-03,vikram7039@ybl
C00623,S. Das,9612423647,sneha.das32@gmail.com,1982-12-16,Hyderabad,full,2021-06-06,sneha3647@paytm
C00624,Rohan Desai,6712233291,,,Jaipur,min,2023-02-10,rohan3291@ybl
C00625,Anjali Kulkarni,8602352779,,1997-05-30,Jaipur,min,2024-07-04,anjali2779@paytm
C00626,Divya Kulkarni,9684436022,divya.kulkarni97@gmail.com,1974-06-20,Hyderabad,min,2025-01-28,divya6022@axl
C00627,Imran Pillai,6887522630,imran.pillai74@gmail.com,1990-07-25,Ahmedabad,full,2020-03-18,imran2630@icici
C00628,Neha Yadav,7271982719,neha.yadav90@gmail.com,1984-11-04,Ahmedabad,full,2024-04-14,neha2719@axl
C00629,Anjali Verma,7255457361,anjali.verma42@gmail.com,1971-06-12,Jaipur,full,2024-03-15,anjali7361@okbank
C00630,Fatima Joshi,6581871864,,1961-01-17,Hyderabad,min,2019-09-03,fatima1864@paytm
C00631,Suresh Chopra,8928225349,,1977-05-06,Jaipur,full,2020-09-13,suresh5349@sbi
C00632,Amit Shaikh,8083681123,amit.shaikh9@gmail.com,1988-05-25,Chennai,min,2021-02-15,amit1123@okbank
C00633,Nisha Khan,8177861996,nisha.khan43@gmail.com,1998-05-28,Hyderabad,full,2023-06-21,nisha1996@sbi
C00634,Anjali Mehta,8833570904,,1973-07-22,Jaipur,min,2026-03-14,anjali0904@hdfcbank
C00635,F. Nair,8804357764,farhan.nair11@gmail.com,1985-07-31,,full,2024-08-13,farhan7764@paytm
C00636,Nisha Kulkarni,9295003542,,2003-05-02,Bengaluru,min,2025-08-02,nisha3542@paytm
C00637,Vijay Pillai,8554356586,vijay.pillai72@gmail.com,1973-08-08,Delhi,min,2022-11-24,vijay6586@hdfcbank
C00638,Arjun Iyer,8443672701,arjun.iyer26@gmail.com,1997-11-08,Kolkata,full,2020-12-17,arjun2701@hdfcbank
C00639,Suresh Das,6599835230,,1967-10-12,Lucknow,full,2020-02-27,suresh5230@hdfcbank
C00640,Suresh Patel,9697742487,suresh.patel89@gmail.com,1990-08-24,Delhi,full,2019-12-19,suresh2487@paytm
C00641,Sanjay Pillai,8080242263,sanjay.pillai55@gmail.com,2002-01-25,Pune,min,2019-12-23,sanjay2263@paytm
C00642,Vijay Reddy,8106875933,,1981-08-24,Pune,full,2024-08-02,vijay5933@sbi
C00643,Isha Reddy,8089190882,,1965-06-01,Jaipur,full,2024-03-10,isha0882@ybl
C00644,Sneha Bose,6129739420,sneha.bose90@gmail.com,1993-04-14,Jaipur,full,2025-02-28,sneha9420@sbi
C00645,A. Shaikh,9913309627,aarti.shaikh20@gmail.com,1995-12-18,Jaipur,full,2023-05-03,aarti9627@axl
C00646,Swati Gupta,7511670886,swati.gupta65@gmail.com,1994-05-07,,full,2024-08-25,swati0886@sbi
C00647,Suresh Khan,7397024386,suresh.khan40@gmail.com,1963-07-23,Mumbai,full,2021-02-20,suresh4386@okbank
C00648,Sanjay Desai,7108091498,sanjay.desai95@gmail.com,2000-07-06,Bengaluru,min,2026-05-30,sanjay1498@paytm
C00649,Rohan Khan,8636747812,,1972-08-24,Bengaluru,full,2025-06-30,rohan7812@axl
C00650,Ritu Singh,7216396558,ritu.singh13@gmail.com,1972-10-25,Chennai,full,2024-10-15,ritu6558@icici
C00651,Aarti Reddy,7068230481,aarti.reddy19@gmail.com,1997-05-24,Jaipur,pending,2021-05-02,aarti0481@icici
C00652,Rohan Bose,8382845663,rohan.bose3@gmail.com,1984-08-01,Delhi,min,2021-08-19,rohan5663@axl
C00653,Pooja Yadav,6171345999,,1977-05-20,Kolkata,min,2020-09-08,pooja5999@ybl
C00654,Rahul Reddy,8575505569,rahul.reddy16@gmail.com,1975-12-18,Chennai,full,2024-07-23,rahul5569@axl
C00655,Ritu Shaikh,7299299841,,1987-12-01,Mumbai,full,2020-03-08,ritu9841@axl
C00656,Sunita Desai,6041878927,sunita.desai20@gmail.com,1998-08-05,Kolkata,full,2023-08-18,sunita8927@hdfcbank
C00657,Rohan Khan,9179146701,rohan.khan17@gmail.com,1988-12-01,,full,2019-09-15,rohan6701@sbi
C00658,Priya Menon,9187789082,priya.menon91@gmail.com,2002-11-09,Kolkata,full,2020-12-14,priya9082@hdfcbank
C00659,Priya Patel,8284740178,priya.patel94@gmail.com,1985-10-01,Hyderabad,min,2022-09-24,priya0178@sbi
C00660,Rahul Singh,9245617758,,,Lucknow,full,2022-02-15,rahul7758@okbank
C00661,Priya Singh,7369437378,priya.singh75@gmail.com,1964-05-06,Kolkata,min,2021-07-29,priya7378@axl
C00662,Sneha Sharma,8098782839,sneha.sharma96@gmail.com,1983-04-25,Hyderabad,full,2025-11-18,sneha2839@paytm
C00663,Aarti Iyer,7586777140,aarti.iyer68@gmail.com,1992-07-24,Lucknow,full,2023-11-12,aarti7140@paytm
C00664,Sunita Patel,9341327388,,1975-04-15,Bengaluru,full,2025-03-02,sunita7388@ybl
C00665,Kavita Menon,7361058427,kavita.menon20@gmail.com,1992-09-28,Kolkata,full,2022-02-05,kavita8427@okbank
C00666,Pooja Yadav,6219026284,pooja.yadav44@gmail.com,1980-05-17,Bengaluru,full,2023-09-07,pooja6284@okbank
C00667,Kavita Pillai,7485689779,kavita.pillai1@gmail.com,1984-08-24,Kolkata,full,2023-10-14,kavita9779@paytm
C00668,Farhan Khan,8892519754,,1989-02-15,Delhi,min,2023-11-11,farhan9754@axl
C00669,Rohan Pillai,6445090468,rohan.pillai13@gmail.com,2003-10-06,Bengaluru,full,2022-06-11,rohan0468@okbank
C00670,Sunita Sharma,9471363632,sunita.sharma95@gmail.com,1997-07-12,Bengaluru,min,2019-11-02,sunita3632@paytm
C00671,Vikram Das,6700411979,vikram.das3@gmail.com,1977-04-05,,min,2020-11-12,vikram1979@axl
C00672,Priya Kulkarni,9834813142,priya.kulkarni60@gmail.com,,Bengaluru,full,2024-03-02,priya3142@ybl
C00673,Imran Singh,8069031950,,1995-07-09,Hyderabad,full,2020-01-18,imran1950@icici
C00674,Arjun Desai,9123895587,,1976-12-04,Ahmedabad,full,2021-06-04,arjun5587@okbank
C00675,Isha Joshi,8165101163,isha.joshi40@gmail.com,2001-10-16,Ahmedabad,min,2021-05-24,isha1163@okbank
C00676,Divya Khan,7947009486,,1969-11-11,Ahmedabad,full,2022-10-28,divya9486@icici
C00677,Deepak Reddy,8341944001,deepak.reddy55@gmail.com,2004-06-07,Lucknow,full,2020-11-01,deepak4001@hdfcbank
C00678,Harsh Verma,7935956750,harsh.verma48@gmail.com,1988-03-06,Kolkata,full,2020-05-21,harsh6750@okbank
C00679,Divya Verma,7098702260,divya.verma66@gmail.com,1995-03-24,Pune,pending,2025-02-10,divya2260@paytm
C00680,Harsh Mehta,7983801268,harsh.mehta25@gmail.com,1998-12-08,Lucknow,min,2022-12-11,harsh1268@ybl
C00681,M. Shaikh,9298466364,,1981-01-02,Delhi,min,2025-02-14,meera6364@ybl
C00682,Kavita Mehta,7926935251,,1971-09-18,Kolkata,min,2024-02-25,kavita5251@okbank
C00683,Suresh Verma,9410306043,suresh.verma62@gmail.com,1973-10-22,Jaipur,full,2025-12-15,suresh6043@axl
C00684,Arjun Mehta,6593993263,arjun.mehta95@gmail.com,1974-09-26,Hyderabad,full,2023-11-22,arjun3263@ybl
C00685,Sunita Yadav,6802551906,,1997-10-11,Ahmedabad,full,2024-07-06,
C00686,Vijay Singh,7000358705,,1962-10-11,Jaipur,pending,2022-02-01,vijay8705@paytm
C00687,Pooja Chopra,8394915316,pooja.chopra70@gmail.com,1976-08-23,Kolkata,pending,2024-08-14,pooja5316@paytm
C00688,V. Verma,9488916248,,,Jaipur,full,2022-01-22,vijay6248@sbi
C00689,N. Kulkarni,7722118669,,1997-08-16,Chennai,min,2024-01-09,nisha8669@sbi
C00690,Deepak Yadav,8998413869,deepak.yadav88@gmail.com,1999-09-27,,pending,2026-02-24,deepak3869@axl
C00691,S. Nair,7658132774,sneha.nair50@gmail.com,1964-03-02,Delhi,min,2025-06-15,sneha2774@okbank
C00692,Swati Patel,8937930639,,2001-01-25,Jaipur,full,2024-06-14,swati0639@paytm
C00693,Kavita Iyer,7119456628,kavita.iyer16@gmail.com,1983-05-18,Delhi,min,2024-10-09,kavita6628@sbi
C00694,Tarun Kulkarni,9310689518,tarun.kulkarni27@gmail.com,2005-02-13,Lucknow,full,2022-08-10,tarun9518@okbank
C00695,Vijay Desai,8691991627,,1968-06-15,Chennai,min,2020-11-13,vijay1627@okbank
C00696,Swati Nair,7599031672,,1999-11-04,Chennai,full,2021-04-12,swati1672@axl
C00697,Neha Khan,6703930663,neha.khan75@gmail.com,1999-02-01,Kolkata,min,2024-12-06,neha0663@paytm
C00698,A. Nair,6990635188,,,Pune,full,2022-03-25,anjali5188@okbank
C00699,Amit Patel,6773905996,amit.patel43@gmail.com,1990-09-08,Delhi,min,2025-10-14,amit5996@axl
C00700,Sunita Patel,7090720035,sunita.patel39@gmail.com,2003-09-17,Pune,min,2020-11-11,sunita0035@icici
C00701,Nisha Pillai,6450928511,,1967-10-20,Pune,full,2022-10-24,nisha8511@hdfcbank
C00702,Deepak Pillai,8652487569,,,Hyderabad,min,2025-09-10,deepak7569@okbank
C00703,S. Verma,9077070593,,,Lucknow,full,2022-11-03,sunita0593@sbi
C00704,Anjali Chopra,8572164837,anjali.chopra3@gmail.com,1997-03-06,Jaipur,min,2021-03-17,anjali4837@sbi
C00705,Vikram Kulkarni,9987381348,vikram.kulkarni63@gmail.com,1976-07-02,Bengaluru,full,2024-05-09,vikram1348@ybl
C00706,Fatima Khan,8303395247,fatima.khan10@gmail.com,1999-11-01,Kolkata,pending,2024-08-16,fatima5247@sbi
C00707,Amit Mehta,9615424963,amit.mehta43@gmail.com,1988-11-13,Lucknow,full,2025-01-18,amit4963@icici
C00708,Sunita Das,7390442328,sunita.das56@gmail.com,1989-01-15,Jaipur,min,2020-03-11,sunita2328@paytm
C00709,Vijay Mehta,7768258383,vijay.mehta62@gmail.com,1974-04-24,Lucknow,full,2020-06-25,vijay8383@sbi
C00710,Imran Kulkarni,7721802638,,2004-04-17,Ahmedabad,full,2023-05-11,imran2638@paytm
C00711,Tarun Menon,7869517717,,1986-05-05,Pune,min,2021-09-03,tarun7717@axl
C00712,A. Khan,8067049165,,2000-11-05,Chennai,full,2023-05-08,arjun9165@sbi
C00713,Ritu Yadav,8119185337,ritu.yadav55@gmail.com,,Kolkata,min,2021-12-24,ritu5337@ybl
C00714,Anjali Mehta,6807100159,,1982-01-31,Delhi,min,2022-05-31,anjali0159@paytm
C00715,Amit Chopra,9556318841,amit.chopra76@gmail.com,1984-05-24,Pune,full,2020-02-29,amit8841@okbank
C00716,Neha Verma,7799133635,neha.verma18@gmail.com,1986-12-26,Jaipur,full,2021-10-06,neha3635@icici
C00717,Manish Verma,7243085831,,1961-08-29,,full,2020-03-06,manish5831@paytm
C00718,Arjun Desai,8332120665,arjun.desai8@gmail.com,1997-05-25,Pune,full,2025-12-13,
C00719,Vikram Pillai,8868830658,vikram.pillai67@gmail.com,1983-08-22,Pune,full,2022-12-10,vikram0658@okbank
C00720,Karan Reddy,9933961452,karan.reddy99@gmail.com,1983-04-19,Delhi,min,2026-05-31,karan1452@hdfcbank
C00721,Rahul Nair,6335102148,,,Hyderabad,full,2026-03-02,rahul2148@paytm
C00722,V. Nair,9988297609,,2003-10-02,Bengaluru,full,2025-06-14,vijay7609@axl
C00723,Manish Menon,8274710604,manish.menon50@gmail.com,2002-10-13,Kolkata,full,2026-04-08,manish0604@icici
C00724,Tarun Nair,8722691689,,1964-12-16,Lucknow,min,2021-07-14,tarun1689@icici
C00725,Swati Verma,8354416351,swati.verma34@gmail.com,1992-02-11,Kolkata,full,2021-11-29,swati6351@paytm
C00726,Anjali Khan,9649021964,,1975-09-28,Mumbai,full,2024-10-15,anjali1964@icici
C00727,Aarti Pillai,7978388955,aarti.pillai48@gmail.com,1961-05-13,Hyderabad,pending,2024-07-27,aarti8955@axl
C00728,P. Mehta,8536357692,,2001-09-13,Bengaluru,min,2024-04-21,priya7692@axl
C00729,Vijay Patel,8248508001,vijay.patel45@gmail.com,1977-08-30,Delhi,full,2021-05-05,vijay8001@okbank
C00730,S. Sharma,8333696569,,2005-11-09,Chennai,full,2023-07-20,sanjay6569@axl
C00731,Vikram Singh,9663940049,vikram.singh17@gmail.com,2003-08-09,Hyderabad,full,2025-06-27,vikram0049@ybl
C00732,Karan Gupta,9037824018,karan.gupta11@gmail.com,1963-07-15,Ahmedabad,full,2020-10-14,karan4018@ybl
C00733,Manish Kulkarni,6215148064,manish.kulkarni45@gmail.com,1974-11-21,Delhi,full,2020-12-18,manish8064@ybl
C00734,Aarti Iyer,9013682479,aarti.iyer89@gmail.com,1970-02-10,Bengaluru,full,2020-02-08,aarti2479@okbank
C00735,Farhan Shaikh,6783540470,farhan.shaikh13@gmail.com,1968-10-29,Hyderabad,min,2022-05-29,farhan0470@sbi
C00736,Isha Khan,6001165549,isha.khan21@gmail.com,1977-08-23,Lucknow,full,2020-02-21,isha5549@okbank
C00737,A. Khan,9007165081,anjali.khan85@gmail.com,1982-11-11,Jaipur,min,2024-04-20,anjali5081@axl
C00738,Priya Iyer,9568068174,priya.iyer10@gmail.com,1967-07-07,Lucknow,full,2021-10-12,priya8174@hdfcbank
C00739,Rohan Shaikh,6703317348,rohan.shaikh21@gmail.com,1981-02-28,Bengaluru,full,2020-09-13,rohan7348@sbi
C00740,Suresh Joshi,9740008163,suresh.joshi52@gmail.com,1996-04-13,Hyderabad,full,2022-08-03,suresh8163@paytm
C00741,A. Chopra,9386696654,anjali.chopra80@gmail.com,1969-03-01,Jaipur,pending,2020-06-10,anjali6654@icici
C00742,Rohan Nair,8529321913,rohan.nair23@gmail.com,1997-12-03,Hyderabad,full,2021-08-30,rohan1913@axl
C00743,Vikram Joshi,7635375178,vikram.joshi39@gmail.com,1983-03-01,,full,2022-08-20,vikram5178@ybl
C00744,Sanjay Chopra,8943201353,sanjay.chopra16@gmail.com,1966-12-21,Pune,min,2023-07-24,sanjay1353@sbi
C00745,Manish Shaikh,7296414311,manish.shaikh98@gmail.com,1965-11-21,Mumbai,min,2023-04-22,manish4311@okbank
C00746,A. Singh,9285036242,aarti.singh11@gmail.com,1984-12-06,Ahmedabad,full,2023-10-07,aarti6242@ybl
C00747,Pooja Iyer,9269079240,pooja.iyer84@gmail.com,1997-06-17,Pune,full,2024-07-23,pooja9240@ybl
C00748,Rahul Gupta,8488428441,rahul.gupta3@gmail.com,1995-06-30,Lucknow,min,2026-02-27,rahul8441@icici
C00749,Nisha Chopra,9753468637,nisha.chopra51@gmail.com,1994-11-19,Bengaluru,min,2024-02-04,nisha8637@ybl
C00750,Rohan Gupta,8838965607,,1962-12-18,Kolkata,full,2022-05-21,rohan5607@sbi
C00751,Imran Shaikh,6432921255,,1978-07-24,,pending,2022-04-30,imran1255@okbank
C00752,Isha Iyer,6652521148,isha.iyer90@gmail.com,,Pune,full,2024-07-19,isha1148@icici
C00753,Amit Desai,6578872441,amit.desai58@gmail.com,1962-07-18,Pune,min,2025-07-21,amit2441@okbank
C00754,Aarti Iyer,6753151731,,1985-06-07,Ahmedabad,min,2020-10-19,aarti1731@icici
C00755,Neha Chopra,7826374477,neha.chopra82@gmail.com,1975-07-18,Lucknow,min,2025-08-31,neha4477@sbi
C00756,Imran Bose,9635459936,,1997-05-09,Hyderabad,full,2021-11-05,imran9936@ybl
C00757,Neha Reddy,6532643331,neha.reddy94@gmail.com,1962-06-10,Pune,full,2024-10-07,neha3331@sbi
C00758,Pooja Khan,6992373219,,1983-01-06,Bengaluru,min,2025-04-13,pooja3219@paytm
C00759,I. Kulkarni,9028509803,imran.kulkarni61@gmail.com,1988-11-04,Ahmedabad,full,2025-04-13,imran9803@ybl
C00760,Suresh Reddy,8047462051,suresh.reddy42@gmail.com,2000-05-01,Jaipur,full,2020-08-26,suresh2051@okbank
C00761,Isha Kulkarni,8647219033,,1964-10-04,Mumbai,full,2024-12-04,isha9033@ybl
C00762,Aarti Khan,9529008240,,2003-01-06,Bengaluru,pending,2020-11-18,aarti8240@okbank
C00763,Karan Desai,8892588365,karan.desai60@gmail.com,1986-01-11,Lucknow,min,2023-09-01,karan8365@ybl
C00764,Karan Bose,8474938112,karan.bose82@gmail.com,,Pune,full,2024-09-12,
C00765,Sunita Kulkarni,9522696790,sunita.kulkarni22@gmail.com,,Kolkata,full,2021-02-09,sunita6790@okbank
C00766,Anjali Gupta,9849548261,anjali.gupta79@gmail.com,,,full,2022-03-11,anjali8261@hdfcbank
C00767,Amit Sharma,7540986901,amit.sharma17@gmail.com,1972-12-22,Hyderabad,pending,2022-04-21,amit6901@axl
C00768,Sneha Joshi,8090009788,sneha.joshi3@gmail.com,,Delhi,full,2023-02-24,sneha9788@icici
C00769,Ritu Joshi,7062660660,ritu.joshi59@gmail.com,1991-05-21,Bengaluru,min,2021-05-05,ritu0660@paytm
C00770,Deepak Kulkarni,9829332110,deepak.kulkarni88@gmail.com,1971-07-25,Bengaluru,full,2021-05-20,deepak2110@ybl
C00771,V. Mehta,8574169559,,1979-10-27,Jaipur,min,2022-05-02,vikram9559@ybl
C00772,Amit Verma,6883849784,amit.verma54@gmail.com,1990-05-01,Kolkata,min,2020-01-24,amit9784@hdfcbank
C00773,Aarti Iyer,8449182699,aarti.iyer87@gmail.com,,Kolkata,full,2026-04-25,aarti2699@axl
C00774,Ritu Das,8048523675,,1996-01-20,Ahmedabad,pending,2024-03-18,ritu3675@sbi
C00775,Kavita Joshi,9034674899,,1981-09-20,Chennai,min,2023-12-02,kavita4899@sbi
C00776,Deepak Verma,7653022820,deepak.verma11@gmail.com,,Delhi,min,2023-05-08,deepak2820@icici
C00777,Swati Joshi,6455578937,swati.joshi91@gmail.com,1976-11-25,Ahmedabad,min,2026-04-04,swati8937@axl
C00778,Deepak Gupta,9017266492,,1975-09-15,Chennai,full,2023-03-07,deepak6492@paytm
C00779,Vijay Singh,6907721735,vijay.singh57@gmail.com,2002-09-29,Ahmedabad,full,2023-04-19,vijay1735@hdfcbank
C00780,Amit Das,7319796979,amit.das31@gmail.com,1975-07-24,Bengaluru,full,2020-07-24,amit6979@hdfcbank
C00781,Isha Das,6337158216,,1967-01-02,Pune,min,2020-11-15,isha8216@icici
C00782,Divya Reddy,6015063370,divya.reddy98@gmail.com,1989-04-11,Jaipur,full,2025-05-04,divya3370@icici
C00783,Vijay Chopra,9557187625,,1999-03-10,Hyderabad,full,2025-03-22,vijay7625@okbank
C00784,Rohan Kulkarni,7289934740,rohan.kulkarni42@gmail.com,1986-08-01,Chennai,full,2025-05-16,
C00785,Priya Singh,8731550037,priya.singh81@gmail.com,1968-02-24,Ahmedabad,pending,2020-04-17,priya0037@paytm
C00786,Sanjay Verma,8946200951,,2003-10-17,Mumbai,full,2022-05-14,sanjay0951@sbi
C00787,Sneha Pillai,7016586027,,1976-03-12,Ahmedabad,full,2021-11-04,sneha6027@okbank
C00788,Aarti Reddy,9502615345,aarti.reddy4@gmail.com,,Hyderabad,full,2025-01-07,aarti5345@axl
C00789,Ritu Chopra,6941211616,ritu.chopra39@gmail.com,1972-11-19,Mumbai,full,2023-08-13,ritu1616@axl
C00790,Sanjay Khan,7210216434,,1974-03-10,Delhi,min,2022-10-09,sanjay6434@sbi
C00791,Nisha Reddy,7238864942,,,Jaipur,full,2025-09-30,nisha4942@axl
C00792,Meera Singh,8124075536,,2001-04-25,Pune,min,2023-04-30,meera5536@hdfcbank
C00793,Fatima Gupta,9902429591,fatima.gupta48@gmail.com,1994-04-09,Ahmedabad,full,2025-04-23,fatima9591@paytm
C00794,Sanjay Sharma,6582287656,sanjay.sharma71@gmail.com,1977-05-31,Jaipur,pending,2026-05-19,sanjay7656@ybl
C00795,Farhan Menon,9501137285,farhan.menon76@gmail.com,1997-01-23,,full,2022-06-01,farhan7285@okbank
C00796,T. Gupta,8034232900,,,Pune,full,2025-12-04,tarun2900@ybl
C00797,Amit Singh,9722300512,,2001-05-11,Pune,full,2023-10-06,amit0512@icici
C00798,Rohan Desai,7065660882,rohan.desai68@gmail.com,1997-12-12,Chennai,full,2020-10-07,rohan0882@icici
C00799,Meera Das,8751795618,meera.das41@gmail.com,1982-01-05,Mumbai,min,2024-03-21,meera5618@hdfcbank
C00800,Anjali Yadav,6621192682,,1999-09-28,Bengaluru,min,2024-08-19,anjali2682@sbi
C00801,Divya Verma,7681721128,divya.verma77@gmail.com,1984-11-16,Ahmedabad,min,2020-06-18,divya1128@icici
C00802,Ritu Menon,7946722277,ritu.menon88@gmail.com,1962-10-19,Pune,full,2022-03-16,ritu2277@hdfcbank
C00803,Swati Pillai,6710758536,,1973-02-17,Mumbai,full,2020-05-16,swati8536@ybl
C00804,Neha Bose,6253523114,neha.bose21@gmail.com,1979-06-03,Bengaluru,min,2023-12-11,neha3114@axl
C00805,Imran Patel,9757312807,imran.patel60@gmail.com,1963-06-15,Mumbai,min,2026-01-28,imran2807@okbank
C00806,Sunita Pillai,6019075377,sunita.pillai20@gmail.com,1963-04-27,Bengaluru,pending,2022-11-28,sunita5377@sbi
C00807,Anjali Nair,7086544901,anjali.nair2@gmail.com,1986-12-05,Ahmedabad,min,2025-12-10,anjali4901@paytm
C00808,Meera Yadav,6006836072,meera.yadav84@gmail.com,1974-06-15,Kolkata,full,2025-01-14,meera6072@ybl
C00809,Rohan Bose,7930315750,rohan.bose15@gmail.com,2003-02-23,Mumbai,full,2023-09-21,rohan5750@sbi
C00810,Rahul Desai,7108982589,rahul.desai34@gmail.com,1961-06-12,Hyderabad,min,2023-07-08,rahul2589@hdfcbank
C00811,Isha Gupta,7375021066,,,Bengaluru,full,2022-12-20,isha1066@sbi
C00812,Pooja Shaikh,7375237088,pooja.shaikh87@gmail.com,1987-03-01,Kolkata,full,2022-03-24,pooja7088@hdfcbank
C00813,Sanjay Gupta,8362990034,sanjay.gupta59@gmail.com,1986-02-07,Hyderabad,full,2020-06-20,sanjay0034@icici
C00814,Priya Das,7551939480,,1991-07-01,Mumbai,full,2025-10-09,priya9480@hdfcbank
C00815,Isha Reddy,7981558178,isha.reddy16@gmail.com,1970-03-03,Delhi,full,2019-09-09,isha8178@sbi
C00816,Aarti Singh,6615612432,aarti.singh73@gmail.com,1997-06-26,,min,2025-06-23,aarti2432@hdfcbank
C00817,Sanjay Singh,9987750920,sanjay.singh38@gmail.com,1963-08-22,Lucknow,full,2021-10-06,sanjay0920@okbank
C00818,F. Kulkarni,8472291740,farhan.kulkarni31@gmail.com,1980-03-04,Kolkata,full,2022-07-16,farhan1740@ybl
C00819,Ritu Patel,6865122530,ritu.patel67@gmail.com,1973-07-01,Kolkata,full,2024-08-25,ritu2530@ybl
C00820,Pooja Yadav,8340968254,,1964-11-05,Chennai,min,2022-08-19,pooja8254@ybl
C00821,Aarti Verma,6117001952,aarti.verma68@gmail.com,1996-01-16,Kolkata,min,2025-06-04,aarti1952@hdfcbank
C00822,Imran Patel,8929723045,,2000-02-20,Lucknow,full,2020-12-22,imran3045@sbi
C00823,Harsh Nair,8702805412,harsh.nair30@gmail.com,2003-10-14,Ahmedabad,min,2020-06-27,harsh5412@ybl
C00824,Pooja Das,6064660357,,1986-12-17,Hyderabad,full,2026-03-29,pooja0357@axl
C00825,Aarti Iyer,9776675372,,2001-12-05,Delhi,min,2023-02-07,aarti5372@ybl
C00826,S. Pillai,7152785789,sanjay.pillai82@gmail.com,1978-01-30,Delhi,full,2023-12-01,sanjay5789@paytm
C00827,Kavita Verma,9605164486,,1976-08-08,Pune,full,2023-11-10,kavita4486@icici
C00828,Nisha Desai,8685650820,nisha.desai51@gmail.com,1991-12-04,Kolkata,min,2025-02-04,nisha0820@ybl
C00829,Kavita Khan,9536427334,,1967-07-14,Pune,full,2021-01-05,kavita7334@hdfcbank
C00830,Harsh Khan,7833918731,harsh.khan7@gmail.com,1988-11-17,Ahmedabad,full,2025-12-17,harsh8731@hdfcbank
C00831,Vikram Gupta,6084380087,vikram.gupta54@gmail.com,1979-02-17,Delhi,full,2024-04-01,vikram0087@hdfcbank
C00832,Amit Kulkarni,6622683478,,1978-07-30,Lucknow,pending,2021-10-21,amit3478@axl
C00833,Divya Gupta,8284530987,divya.gupta51@gmail.com,1997-12-06,,full,2022-07-21,divya0987@okbank
C00834,Harsh Chopra,9995907096,harsh.chopra5@gmail.com,1984-07-30,Delhi,pending,2024-03-11,harsh7096@ybl
C00835,Isha Khan,8392944942,isha.khan86@gmail.com,1975-09-27,Delhi,full,2024-08-01,isha4942@okbank
C00836,Vikram Shaikh,7893459314,,1987-08-16,Hyderabad,full,2025-11-12,vikram9314@axl
C00837,V. Kulkarni,8590292221,,2003-03-16,Ahmedabad,full,2024-10-29,vijay2221@sbi
C00838,Sneha Patel,6868858115,,1998-09-02,Bengaluru,full,2022-08-08,sneha8115@axl
C00839,Meera Gupta,7881630279,,1963-01-21,Jaipur,min,2019-10-26,meera0279@icici
C00840,P. Yadav,9749247173,priya.yadav86@gmail.com,,Kolkata,full,2025-06-21,priya7173@axl
C00841,Deepak Das,8603837541,,1984-10-07,Kolkata,full,2025-08-07,deepak7541@icici
C00842,Vijay Mehta,9979556265,,1962-06-14,Bengaluru,full,2025-12-29,vijay6265@hdfcbank
C00843,Farhan Gupta,9956521837,farhan.gupta3@gmail.com,1966-12-04,Delhi,full,2021-05-08,farhan1837@axl
C00844,Isha Verma,9092544591,isha.verma39@gmail.com,2001-07-21,Hyderabad,full,2025-07-17,isha4591@icici
C00845,Kavita Chopra,9585448815,kavita.chopra72@gmail.com,1978-08-07,Jaipur,pending,2025-12-27,kavita8815@hdfcbank
C00846,Suresh Sharma,9667368687,,1996-01-02,Kolkata,min,2022-09-11,suresh8687@axl
C00847,Nisha Singh,7257332935,nisha.singh32@gmail.com,,Bengaluru,full,2023-02-13,nisha2935@ybl
C00848,Kavita Pillai,8782959514,kavita.pillai55@gmail.com,1984-05-23,Delhi,min,2022-09-28,kavita9514@ybl
C00849,Isha Chopra,7931545825,isha.chopra47@gmail.com,1994-03-14,Delhi,full,2020-10-04,isha5825@okbank
C00850,Rahul Chopra,8995034682,,1978-06-03,Hyderabad,min,2025-01-26,rahul4682@axl
C00851,Harsh Singh,9511832703,,1996-05-24,Hyderabad,full,2023-02-15,harsh2703@sbi
C00852,K. Reddy,6216247907,karan.reddy15@gmail.com,2001-02-18,Chennai,full,2023-06-09,karan7907@hdfcbank
C00853,Vikram Patel,6713596556,,1972-10-23,Jaipur,full,2022-05-15,vikram6556@ybl
C00854,Sneha Khan,8597498547,sneha.khan67@gmail.com,2000-09-03,Hyderabad,full,2024-07-15,sneha8547@ybl
C00855,Karan Nair,8743878253,karan.nair24@gmail.com,1971-08-25,Delhi,min,2021-08-13,karan8253@paytm
C00856,Swati Sharma,6083262918,swati.sharma41@gmail.com,1971-05-21,Chennai,min,2025-08-22,
C00857,Fatima Verma,7647622563,,2005-01-06,Bengaluru,full,2023-12-05,fatima2563@sbi
C00858,Deepak Shaikh,7718979290,deepak.shaikh48@gmail.com,1980-08-06,Bengaluru,min,2025-03-25,deepak9290@axl
C00859,Amit Khan,7686660785,amit.khan83@gmail.com,1998-04-07,Hyderabad,full,2024-02-17,amit0785@axl
C00860,Kavita Iyer,9476113429,kavita.iyer48@gmail.com,1984-10-31,Jaipur,full,2024-09-06,kavita3429@hdfcbank
C00861,Ritu Patel,9362108796,ritu.patel11@gmail.com,1976-10-01,Delhi,full,2024-01-03,ritu8796@ybl
C00862,Manish Pillai,7993155678,manish.pillai17@gmail.com,1970-01-17,Kolkata,min,2019-11-09,manish5678@okbank
C00863,K. Khan,7833978539,,1984-12-07,Kolkata,full,2021-03-23,kavita8539@axl
C00864,Aarti Kulkarni,8203859471,aarti.kulkarni90@gmail.com,2001-02-01,Lucknow,min,2019-11-21,aarti9471@sbi
C00865,Sneha Yadav,6136579727,,1990-04-30,Bengaluru,full,2020-02-27,sneha9727@icici
C00866,Rahul Singh,7737851825,rahul.singh93@gmail.com,2002-10-09,Ahmedabad,full,2020-01-14,rahul1825@sbi
C00867,Sunita Das,8163087972,,,Hyderabad,full,2022-01-25,sunita7972@axl
C00868,Imran Patel,8812788015,imran.patel55@gmail.com,1992-03-30,Mumbai,full,2024-03-09,imran8015@sbi
C00869,Ritu Reddy,6590646136,ritu.reddy7@gmail.com,,Delhi,full,2025-02-03,ritu6136@hdfcbank
C00870,Nisha Khan,6176131906,nisha.khan28@gmail.com,,Jaipur,full,2022-07-28,nisha1906@axl
C00871,A. Desai,7054356488,arjun.desai49@gmail.com,,Bengaluru,min,2023-04-03,arjun6488@ybl
C00872,Rahul Menon,9613069121,rahul.menon75@gmail.com,1978-05-17,Chennai,pending,2022-06-29,rahul9121@axl
C00873,Sunita Sharma,7753758724,,1973-09-24,Hyderabad,full,2022-05-23,sunita8724@icici
C00874,Anjali Khan,7820711401,anjali.khan3@gmail.com,1975-07-13,Jaipur,full,2020-11-13,anjali1401@paytm
C00875,Ritu Verma,9794802126,ritu.verma18@gmail.com,1970-08-09,Chennai,full,2024-08-21,ritu2126@hdfcbank
C00876,Farhan Joshi,6216944963,,1988-08-28,Lucknow,full,2021-06-14,farhan4963@icici
C00877,Meera Iyer,7281840001,meera.iyer79@gmail.com,1972-01-02,Mumbai,full,2021-10-16,meera0001@icici
C00878,Sanjay Nair,6440007315,sanjay.nair60@gmail.com,1970-09-15,Chennai,min,2021-03-21,sanjay7315@okbank
C00879,Imran Singh,7073982994,imran.singh96@gmail.com,1978-11-25,Kolkata,full,2024-03-18,imran2994@okbank
C00880,Kavita Bose,8475425398,,1978-12-23,Lucknow,full,2021-06-27,kavita5398@paytm
C00881,Vijay Patel,8558640944,vijay.patel75@gmail.com,1988-11-12,Chennai,min,2026-02-19,vijay0944@hdfcbank
C00882,Imran Pillai,9612065590,imran.pillai57@gmail.com,,Lucknow,full,2023-08-15,imran5590@axl
C00883,S. Verma,8658288936,sneha.verma32@gmail.com,2005-03-19,Pune,min,2024-03-10,sneha8936@sbi
C00884,Meera Kulkarni,8199149452,,1976-08-18,Chennai,full,2024-01-20,meera9452@axl
C00885,Manish Singh,9808288912,manish.singh61@gmail.com,1965-07-29,Ahmedabad,full,2020-05-09,manish8912@hdfcbank
C00886,Meera Verma,7666628959,,1968-07-05,Pune,full,2020-01-03,meera8959@icici
C00887,Tarun Singh,6997569958,tarun.singh63@gmail.com,1967-05-03,,pending,2023-07-02,tarun9958@paytm
C00888,V. Singh,9985729939,vikram.singh58@gmail.com,,Mumbai,min,2023-07-05,vikram9939@icici
C00889,Fatima Patel,7830506018,fatima.patel87@gmail.com,1985-04-05,Bengaluru,full,2021-09-01,fatima6018@icici
C00890,Sunita Kulkarni,9600372774,,1992-10-24,Kolkata,full,2020-03-24,sunita2774@axl
C00891,Anjali Menon,7331958661,anjali.menon30@gmail.com,1965-01-20,Lucknow,pending,2023-03-30,anjali8661@hdfcbank
C00892,Sunita Nair,9043005119,sunita.nair35@gmail.com,1992-11-25,Lucknow,min,2021-11-09,sunita5119@paytm
C00893,Suresh Pillai,7246204931,suresh.pillai54@gmail.com,2000-12-09,Lucknow,full,2021-08-26,suresh4931@okbank
C00894,Amit Reddy,6577375898,,1997-07-20,Delhi,full,2021-02-01,amit5898@axl
C00895,Sneha Gupta,6935477939,,1988-02-07,Jaipur,full,2025-01-07,sneha7939@icici
C00896,Neha Reddy,8274847890,,1972-05-17,Hyderabad,full,2019-12-28,neha7890@hdfcbank
C00897,K. Sharma,9450025978,kavita.sharma90@gmail.com,1977-07-28,Kolkata,min,2023-06-12,kavita5978@icici
C00898,Manish Kulkarni,9355683598,manish.kulkarni78@gmail.com,1965-06-04,Delhi,full,2024-11-26,manish3598@axl
C00899,Nisha Chopra,8298014472,nisha.chopra53@gmail.com,1996-06-05,Pune,full,2023-08-18,nisha4472@sbi
C00900,Manish Nair,8304056315,manish.nair62@gmail.com,1983-06-14,Bengaluru,full,2022-03-13,manish6315@sbi
C00901,Meera Verma,8720734373,meera.verma26@gmail.com,1963-08-15,Lucknow,full,2022-12-16,meera4373@hdfcbank
C00902,Aarti Bose,6427243167,,1991-03-11,Hyderabad,full,2021-12-20,aarti3167@axl
C00903,Isha Verma,6661112974,,2003-12-02,Jaipur,full,2024-11-28,isha2974@hdfcbank
C00904,Rahul Singh,6170395955,rahul.singh75@gmail.com,1995-11-01,Mumbai,full,2020-05-25,rahul5955@okbank
C00905,Sanjay Chopra,9918159470,,1985-07-06,Jaipur,full,2021-11-01,
C00906,Aarti Shaikh,6111227834,,1995-08-15,Ahmedabad,full,2020-03-15,aarti7834@paytm
C00907,Suresh Iyer,8166232792,suresh.iyer48@gmail.com,1963-10-28,Kolkata,full,2022-04-19,
C00908,Vijay Reddy,6191747679,vijay.reddy73@gmail.com,1968-08-12,Jaipur,full,2021-12-14,vijay7679@hdfcbank
C00909,Anjali Iyer,9118568830,anjali.iyer19@gmail.com,,Delhi,min,2022-01-28,anjali8830@ybl
C00910,Farhan Reddy,6399358283,farhan.reddy48@gmail.com,1981-08-04,Hyderabad,full,2025-04-02,farhan8283@icici
C00911,Suresh Joshi,6831299248,suresh.joshi56@gmail.com,1979-11-12,Ahmedabad,min,2025-09-04,suresh9248@sbi
C00912,Kavita Singh,6669736159,kavita.singh7@gmail.com,1983-12-02,Ahmedabad,min,2020-01-18,kavita6159@icici
C00913,Tarun Desai,6394781862,tarun.desai27@gmail.com,1981-11-12,Mumbai,min,2019-09-16,tarun1862@icici
C00914,R. Khan,7865125199,rohan.khan55@gmail.com,2005-11-08,Mumbai,full,2024-08-27,rohan5199@icici
C00915,Swati Bose,6752101110,swati.bose96@gmail.com,1966-08-28,Ahmedabad,full,2021-07-20,swati1110@sbi
C00916,Rahul Bose,9715813007,rahul.bose93@gmail.com,1986-12-17,Chennai,min,2025-06-18,rahul3007@icici
C00917,Fatima Nair,9775134936,,1969-10-06,Mumbai,full,2026-03-24,fatima4936@sbi
C00918,Divya Nair,8954006496,divya.nair11@gmail.com,1998-11-13,Hyderabad,full,2026-04-09,divya6496@axl
C00919,Swati Patel,6789904338,swati.patel51@gmail.com,1985-02-14,Lucknow,full,2020-07-21,swati4338@icici
C00920,Kavita Reddy,9425375434,kavita.reddy35@gmail.com,1962-05-21,Ahmedabad,full,2021-07-22,kavita5434@icici
C00921,Suresh Chopra,6335140436,suresh.chopra7@gmail.com,1982-03-29,Bengaluru,full,2025-06-10,suresh0436@ybl
C00922,Swati Bose,7330879599,swati.bose9@gmail.com,2002-05-11,,full,2022-11-22,swati9599@okbank
C00923,Farhan Patel,7431057610,,1997-02-20,Bengaluru,full,2024-06-06,farhan7610@ybl
C00924,Manish Patel,9079873915,,1987-05-07,Chennai,full,2025-11-28,manish3915@paytm
C00925,S. Pillai,7184059062,swati.pillai80@gmail.com,1991-09-13,Kolkata,full,2025-10-28,swati9062@sbi
C00926,Vijay Nair,9959688204,vijay.nair63@gmail.com,1977-05-25,Bengaluru,min,2021-05-05,vijay8204@ybl
C00927,Amit Kulkarni,8007967013,amit.kulkarni44@gmail.com,1961-02-03,Lucknow,full,2021-03-20,amit7013@hdfcbank
C00928,Sneha Shaikh,6703984810,sneha.shaikh10@gmail.com,2002-06-26,Delhi,min,2019-10-05,sneha4810@paytm
C00929,Rohan Patel,8532815455,rohan.patel53@gmail.com,1997-12-22,,full,2023-07-14,rohan5455@paytm
C00930,Harsh Patel,7923527703,harsh.patel7@gmail.com,1974-10-17,Chennai,min,2021-11-23,harsh7703@ybl
C00931,Tarun Joshi,7977458281,,1966-06-05,Kolkata,min,2020-04-18,tarun8281@sbi
C00932,Manish Menon,7998955932,,1987-09-24,Kolkata,pending,2020-05-11,manish5932@okbank
C00933,Imran Yadav,8734309157,,1961-11-15,Lucknow,full,2022-09-05,imran9157@hdfcbank
C00934,Fatima Joshi,6668001790,fatima.joshi46@gmail.com,1962-09-18,Bengaluru,full,2023-02-09,fatima1790@axl
C00935,Farhan Iyer,7646939296,farhan.iyer46@gmail.com,1961-01-22,Delhi,min,2024-05-16,farhan9296@sbi
C00936,N. Sharma,7876033899,neha.sharma55@gmail.com,1992-02-19,Lucknow,full,2022-08-10,neha3899@okbank
C00937,Harsh Chopra,6778459753,,1963-07-09,Pune,min,2025-09-05,harsh9753@okbank
C00938,Ritu Reddy,8706503984,ritu.reddy31@gmail.com,,Delhi,full,2023-01-20,ritu3984@axl
C00939,Karan Desai,7937235130,,1966-04-28,Kolkata,pending,2020-01-12,karan5130@icici
C00940,Manish Shaikh,6034278956,manish.shaikh1@gmail.com,1972-03-30,Pune,min,2020-01-09,manish8956@hdfcbank
C00941,Farhan Das,7034783013,farhan.das33@gmail.com,1961-12-29,Delhi,full,2022-02-28,farhan3013@paytm
C00942,Sanjay Iyer,8151019717,,1988-08-10,,min,2025-08-20,sanjay9717@okbank
C00943,Tarun Shaikh,6307595219,,1968-12-06,Kolkata,full,2023-12-14,tarun5219@hdfcbank
C00944,T. Mehta,9385753511,tarun.mehta47@gmail.com,1998-12-30,Hyderabad,full,2025-11-23,tarun3511@ybl
C00945,Tarun Iyer,6813504405,,1961-02-05,Jaipur,full,2022-07-22,
C00946,Vikram Menon,6149077139,vikram.menon35@gmail.com,1972-03-03,Ahmedabad,full,2020-12-07,vikram7139@axl
C00947,Priya Shaikh,6752350537,priya.shaikh28@gmail.com,2003-03-17,Bengaluru,min,2025-05-12,priya0537@sbi
C00948,Neha Mehta,7476809619,neha.mehta66@gmail.com,2004-01-11,Bengaluru,min,2023-04-28,neha9619@paytm
C00949,Priya Bose,7171056568,priya.bose67@gmail.com,1981-07-07,Bengaluru,min,2024-09-03,priya6568@okbank
C00950,Rohan Chopra,8679870995,,1978-08-11,Mumbai,min,2026-04-09,rohan0995@ybl
C00951,Rohan Khan,7814396131,,,Ahmedabad,full,2022-08-27,rohan6131@okbank
C00952,Arjun Sharma,6372843905,arjun.sharma47@gmail.com,1972-11-05,Delhi,min,2024-08-07,arjun3905@icici
C00953,Harsh Patel,9280959290,harsh.patel43@gmail.com,1983-03-31,Ahmedabad,min,2025-09-01,
C00954,M. Patel,7940048949,manish.patel29@gmail.com,,Jaipur,pending,2025-12-17,manish8949@sbi
C00955,Amit Pillai,9305773093,amit.pillai65@gmail.com,1978-08-13,Hyderabad,min,2024-04-20,amit3093@axl
C00956,Anjali Desai,9118348092,anjali.desai34@gmail.com,1997-11-13,Bengaluru,pending,2022-07-25,anjali8092@axl
C00957,Vijay Singh,6549967912,,1988-11-30,Delhi,min,2020-01-06,vijay7912@axl
C00958,A. Menon,8887924986,arjun.menon40@gmail.com,1993-09-19,Ahmedabad,full,2023-08-31,arjun4986@paytm
C00959,Farhan Gupta,6088543734,farhan.gupta89@gmail.com,1996-01-10,Lucknow,min,2020-10-25,farhan3734@paytm
C00960,Tarun Nair,8932348395,,2006-02-09,Kolkata,pending,2025-09-14,tarun8395@sbi
C00961,Amit Iyer,8206038695,amit.iyer38@gmail.com,1991-08-28,Bengaluru,min,2019-09-26,amit8695@ybl
C00962,Sanjay Kulkarni,8818249137,,1971-08-25,Hyderabad,full,2025-01-16,sanjay9137@hdfcbank
C00963,Rohan Menon,7289833370,,1998-01-08,Pune,min,2021-04-13,rohan3370@ybl
C00964,K. Singh,9989113509,kavita.singh25@gmail.com,1986-03-13,Chennai,full,2022-05-08,kavita3509@hdfcbank
C00965,Tarun Bose,9286604616,tarun.bose27@gmail.com,1963-04-10,Ahmedabad,full,2022-08-03,tarun4616@axl
C00966,Imran Yadav,9146410208,,1993-01-14,,min,2020-05-24,imran0208@okbank
C00967,Deepak Bose,6094670148,deepak.bose78@gmail.com,1978-06-26,Delhi,full,2023-01-15,deepak0148@ybl
C00968,Sanjay Bose,6410133753,sanjay.bose15@gmail.com,1963-05-28,Lucknow,min,2019-12-18,sanjay3753@axl
C00969,Vijay Das,8886911682,,1978-01-21,Ahmedabad,min,2024-06-18,vijay1682@okbank
C00970,Fatima Gupta,8224594009,,1965-02-01,Ahmedabad,full,2020-10-31,fatima4009@hdfcbank
C00971,Swati Reddy,9001338858,,1977-05-29,Delhi,pending,2020-11-20,swati8858@axl
C00972,Swati Nair,9437129261,swati.nair75@gmail.com,1975-06-25,Ahmedabad,full,2025-03-24,swati9261@hdfcbank
C00973,Divya Menon,7766819438,divya.menon48@gmail.com,1991-04-14,Pune,full,2025-11-12,divya9438@sbi
C00974,Pooja Patel,6526412438,pooja.patel68@gmail.com,1988-05-09,Delhi,min,2022-10-14,pooja2438@ybl
C00975,Vikram Kulkarni,7407628430,,1985-11-02,Jaipur,full,2022-11-05,vikram8430@paytm
C00976,Deepak Patel,8092076325,,1969-03-12,Lucknow,min,2019-10-10,deepak6325@ybl
C00977,Divya Iyer,6401241066,,1969-08-15,Bengaluru,min,2025-05-30,divya1066@ybl
C00978,Manish Gupta,9964540940,,1999-04-03,Jaipur,min,2023-10-28,manish0940@okbank
C00979,Deepak Kulkarni,6435566426,deepak.kulkarni62@gmail.com,1979-08-30,Lucknow,pending,2022-12-15,deepak6426@ybl
C00980,Vikram Kulkarni,8305753211,vikram.kulkarni26@gmail.com,1967-03-20,Chennai,min,2022-07-03,vikram3211@sbi
C00981,Manish Yadav,8470453364,manish.yadav95@gmail.com,1996-12-20,Hyderabad,full,2019-10-07,manish3364@sbi
C00982,Harsh Reddy,9849230232,harsh.reddy8@gmail.com,1978-11-14,Mumbai,full,2022-02-01,harsh0232@paytm
C00983,Imran Patel,6853533034,imran.patel82@gmail.com,1961-09-18,Bengaluru,full,2025-03-07,imran3034@ybl
C00984,Meera Reddy,9298696553,,1996-04-20,Chennai,pending,2021-10-10,meera6553@axl
C00985,Karan Nair,8732086395,,1982-10-02,Hyderabad,full,2021-05-12,karan6395@paytm
C00986,Meera Nair,6566510346,meera.nair30@gmail.com,2003-10-19,Pune,pending,2020-06-09,meera0346@axl
C00987,Pooja Iyer,6997401874,pooja.iyer38@gmail.com,1988-01-14,Ahmedabad,full,2023-03-14,pooja1874@axl
C00988,Fatima Pillai,7812024391,,1981-01-17,Lucknow,full,2026-02-09,fatima4391@ybl
C00989,Vikram Singh,7748855156,,2003-04-16,Mumbai,full,2021-08-04,vikram5156@hdfcbank
C00990,Rohan Das,8163209502,rohan.das81@gmail.com,1977-06-21,Pune,min,2024-08-25,rohan9502@axl
C00991,Pooja Reddy,8414602455,pooja.reddy67@gmail.com,1996-07-20,Ahmedabad,min,2026-01-19,pooja2455@icici
C00992,Swati Nair,9791806480,swati.nair44@gmail.com,1984-08-22,Pune,pending,2023-01-11,swati6480@ybl
C00993,P. Menon,8918623177,pooja.menon87@gmail.com,1975-04-23,Pune,full,2020-07-31,pooja3177@ybl
C00994,Rahul Khan,8492822240,,1972-01-09,Kolkata,min,2022-04-28,
C00995,Vijay Chopra,8738023091,,1981-09-16,Lucknow,full,2023-07-09,vijay3091@hdfcbank
C00996,Rahul Reddy,8791120957,rahul.reddy37@gmail.com,,Delhi,full,2024-08-03,rahul0957@ybl
C00997,T. Das,6484865798,tarun.das33@gmail.com,2003-09-24,Jaipur,full,2023-07-01,tarun5798@sbi
C00998,Rohan Verma,9355916638,rohan.verma43@gmail.com,,Bengaluru,full,2019-09-14,rohan6638@okbank
C00999,Kavita Joshi,8971221597,kavita.joshi94@gmail.com,1969-12-12,Bengaluru,full,2025-11-20,kavita1597@okbank
C01000,Pooja Das,9870990884,pooja.das18@gmail.com,1964-03-27,Pune,full,2022-06-19,pooja0884@okbank
C01001,Ritu Mehta,6411432241,ritu.mehta56@gmail.com,,Hyderabad,full,2025-02-24,ritu2241@sbi
C01002,N. Nair,9811768223,,1962-08-30,Hyderabad,full,2020-08-07,nisha8223@sbi
C01003,Rohan Yadav,6803676073,rohan.yadav32@gmail.com,2001-03-18,Jaipur,full,2024-05-18,rohan6073@sbi
C01004,Tarun Desai,8424431950,,1968-03-24,Kolkata,full,2025-06-24,tarun1950@ybl
C01005,Divya Pillai,7120997213,,1997-02-01,Pune,full,2021-03-22,divya7213@axl
C01006,Ritu Joshi,7033256502,ritu.joshi57@gmail.com,1970-08-07,Pune,min,2025-12-18,ritu6502@okbank
C01007,Swati Iyer,6808087326,,1971-02-09,Chennai,full,2021-07-14,swati7326@icici
C01008,Tarun Sharma,6713503318,tarun.sharma65@gmail.com,1961-02-01,Mumbai,min,2024-06-04,tarun3318@icici
C01009,Suresh Chopra,7857962877,suresh.chopra77@gmail.com,1971-08-28,Lucknow,full,2024-12-19,suresh2877@ybl
C01010,Ritu Khan,9811060122,,1971-02-13,Hyderabad,min,2020-09-07,ritu0122@icici
C01011,Swati Desai,9175565565,swati.desai89@gmail.com,1978-11-14,Delhi,min,2026-03-12,swati5565@okbank
C01012,R. Iyer,6031135103,rahul.iyer84@gmail.com,1965-03-01,Chennai,min,2023-05-22,rahul5103@ybl
C01013,Farhan Sharma,8514817704,farhan.sharma35@gmail.com,1999-10-11,Bengaluru,min,2021-07-11,farhan7704@ybl
C01014,Kavita Reddy,9682847568,kavita.reddy44@gmail.com,1997-02-09,Bengaluru,full,2025-03-29,kavita7568@ybl
C01015,Priya Sharma,6167226055,priya.sharma90@gmail.com,1981-01-29,Chennai,min,2021-03-31,priya6055@axl
C01016,Vikram Sharma,9943646350,vikram.sharma51@gmail.com,1970-01-05,Hyderabad,full,2025-07-29,vikram6350@icici
C01017,Meera Singh,9963555263,,2005-08-19,Bengaluru,min,2026-03-25,meera5263@axl
C01018,F. Kulkarni,9763814355,farhan.kulkarni25@gmail.com,1975-08-01,Chennai,full,2019-08-30,farhan4355@paytm
C01019,Imran Joshi,7564616493,imran.joshi33@gmail.com,2000-04-14,Lucknow,min,2020-12-25,imran6493@okbank
C01020,Nisha Chopra,8568229165,,1988-02-13,Delhi,full,2023-09-12,nisha9165@paytm
C01021,S. Pillai,6925020665,sanjay.pillai82@gmail.com,,Mumbai,full,2024-07-01,sanjay0665@okbank
C01022,Vijay Yadav,6326081525,,1980-11-13,Mumbai,full,2020-05-13,vijay1525@icici
C01023,Fatima Joshi,7672895480,fatima.joshi96@gmail.com,2001-02-09,,pending,2025-11-20,fatima5480@okbank
C01024,Divya Kulkarni,9187329930,,1984-06-03,Lucknow,full,2021-07-02,divya9930@icici
C01025,Neha Bose,9996518806,neha.bose54@gmail.com,1979-04-23,Kolkata,full,2025-01-14,neha8806@okbank
C01026,Anjali Joshi,8150469598,anjali.joshi25@gmail.com,1994-07-29,Bengaluru,full,2025-12-25,anjali9598@sbi
C01027,Karan Das,9819718102,,1987-06-17,Jaipur,min,2023-07-08,karan8102@sbi
C01028,Anjali Menon,8635630822,anjali.menon81@gmail.com,1961-07-20,Jaipur,min,2024-11-17,anjali0822@paytm
C01029,Priya Iyer,6021108972,priya.iyer59@gmail.com,1973-11-05,Jaipur,full,2021-08-23,priya8972@hdfcbank
C01030,Divya Menon,8733161818,,1970-02-05,Kolkata,full,2020-10-13,divya1818@paytm
C01031,Amit Yadav,6095635242,amit.yadav26@gmail.com,1981-08-31,Chennai,min,2022-06-02,amit5242@hdfcbank
C01032,Swati Bose,8174338512,,1979-03-25,Mumbai,full,2020-12-09,
C01033,Arjun Singh,7480285619,,2003-07-26,Ahmedabad,full,2024-06-14,arjun5619@hdfcbank
C01034,Sneha Chopra,9125163164,sneha.chopra65@gmail.com,1980-01-31,Chennai,min,2021-01-02,sneha3164@hdfcbank
C01035,Suresh Pillai,6361230479,suresh.pillai52@gmail.com,1996-08-29,Lucknow,pending,2022-12-08,suresh0479@ybl
C01036,Ritu Pillai,8864936576,,1971-01-24,Mumbai,full,2020-03-15,ritu6576@paytm
C01037,Rahul Menon,7863005622,rahul.menon29@gmail.com,,Kolkata,full,2020-08-24,rahul5622@hdfcbank
C01038,Vikram Desai,9545888373,vikram.desai16@gmail.com,1972-05-05,Ahmedabad,min,2019-10-10,vikram8373@okbank
C01039,I. Pillai,9768888256,imran.pillai94@gmail.com,2001-07-16,Delhi,full,2022-09-26,imran8256@hdfcbank
C01040,Rohan Mehta,6772485350,,,Mumbai,full,2020-10-11,rohan5350@paytm
C01041,Amit Pillai,7698093087,amit.pillai92@gmail.com,1975-12-23,Delhi,full,2019-12-12,amit3087@okbank
C01042,Kavita Shaikh,9527083577,kavita.shaikh83@gmail.com,2002-09-09,Mumbai,min,2022-11-05,kavita3577@ybl
C01043,Sunita Singh,6570281541,sunita.singh99@gmail.com,1989-04-10,Chennai,full,2021-08-19,sunita1541@okbank
C01044,K. Singh,6038272036,kavita.singh29@gmail.com,2005-07-08,Pune,full,2021-11-28,kavita2036@ybl
C01045,Farhan Das,9522676599,,1999-08-06,Delhi,full,2023-02-22,farhan6599@sbi
C01046,Karan Kulkarni,9241381236,,1964-10-27,Bengaluru,min,2023-09-23,karan1236@sbi
C01047,Rahul Iyer,9964321082,,1997-12-25,Delhi,full,2025-03-29,rahul1082@icici
C01048,Tarun Reddy,8589429906,tarun.reddy32@gmail.com,1961-02-10,Bengaluru,full,2024-01-07,tarun9906@okbank
C01049,Meera Reddy,9188222172,meera.reddy99@gmail.com,1989-06-10,Pune,pending,2019-12-19,meera2172@sbi
C01050,Rohan Desai,6515895787,,1992-06-15,Delhi,min,2023-10-04,rohan5787@hdfcbank
C01051,Fatima Singh,9216455113,fatima.singh55@gmail.com,1985-04-24,Mumbai,full,2024-01-30,fatima5113@icici
C01052,Fatima Reddy,9479224748,fatima.reddy82@gmail.com,1969-06-17,Pune,min,2026-04-11,fatima4748@icici
C01053,Suresh Shaikh,6111210261,,1981-11-15,Delhi,min,2022-06-04,suresh0261@sbi
C01054,Rohan Nair,6074570229,rohan.nair36@gmail.com,1982-07-20,Ahmedabad,min,2025-10-01,rohan0229@icici
C01055,Deepak Khan,7754574798,deepak.khan77@gmail.com,1997-07-03,Pune,full,2022-03-26,deepak4798@okbank
C01056,Vijay Iyer,8086610560,,1988-05-28,,full,2025-04-21,vijay0560@axl
C01057,Fatima Sharma,7546097037,fatima.sharma42@gmail.com,1996-01-27,Kolkata,min,2025-08-18,fatima7037@icici
C01058,Kavita Pillai,6046002379,kavita.pillai95@gmail.com,1963-05-02,Jaipur,full,2021-03-29,kavita2379@okbank
C01059,Imran Iyer,7028574031,imran.iyer12@gmail.com,1971-10-06,Mumbai,min,2023-07-28,imran4031@paytm
C01060,Fatima Singh,7590843491,,1981-03-28,Hyderabad,full,2024-12-09,fatima3491@ybl
C01061,Deepak Kulkarni,6119209960,deepak.kulkarni62@gmail.com,1985-05-14,,min,2021-05-31,deepak9960@hdfcbank
C01062,Ritu Sharma,7646321466,,1987-12-04,Ahmedabad,full,2024-11-30,ritu1466@paytm
C01063,Kavita Das,6311639581,kavita.das90@gmail.com,1999-07-26,Ahmedabad,min,2023-03-20,kavita9581@axl
C01064,Kavita Shaikh,9149952407,,2000-04-28,Ahmedabad,pending,2020-02-01,kavita2407@okbank
C01065,Swati Pillai,7030575889,swati.pillai29@gmail.com,,Lucknow,pending,2024-12-25,swati5889@hdfcbank
C01066,Rohan Menon,8529012942,rohan.menon7@gmail.com,1977-10-27,Bengaluru,min,2026-04-23,rohan2942@ybl
C01067,Sunita Chopra,7833870053,,1987-03-04,Kolkata,full,2019-10-05,sunita0053@okbank
C01068,Suresh Pillai,6117098376,suresh.pillai63@gmail.com,,,min,2024-02-27,suresh8376@sbi
C01069,Ritu Verma,9073580894,,1984-02-24,Kolkata,full,2025-11-06,ritu0894@okbank
C01070,Pooja Gupta,9108900836,,1994-02-20,Hyderabad,full,2024-10-30,pooja0836@hdfcbank
C01071,Arjun Nair,6027244355,,1986-06-04,Lucknow,min,2023-05-09,arjun4355@hdfcbank
C01072,Farhan Verma,6018787505,,1973-05-12,Pune,full,2019-09-23,farhan7505@hdfcbank
C01073,Tarun Kulkarni,7038469473,tarun.kulkarni4@gmail.com,1978-04-14,Kolkata,full,2023-12-04,tarun9473@paytm
C01074,Anjali Patel,7695171140,,1976-11-07,Chennai,full,2026-03-20,anjali1140@paytm
C01075,N. Verma,9622401210,,1969-01-19,Bengaluru,full,2024-12-28,neha1210@icici
C01076,Amit Khan,6625344728,,1984-03-13,Hyderabad,full,2025-11-25,amit4728@paytm
C01077,Meera Gupta,8391023779,meera.gupta24@gmail.com,1988-09-25,Jaipur,min,2023-07-05,meera3779@ybl
C01078,Meera Menon,7131686140,meera.menon19@gmail.com,1996-03-02,Kolkata,min,2022-01-27,meera6140@paytm
C01079,Vijay Nair,6964984826,vijay.nair41@gmail.com,2003-06-19,Jaipur,min,2024-08-17,vijay4826@icici
C01080,Rahul Verma,9915543128,rahul.verma50@gmail.com,1979-10-18,Hyderabad,full,2021-09-18,rahul3128@axl
C01081,Vijay Patel,8742733519,vijay.patel19@gmail.com,,,min,2025-06-06,vijay3519@hdfcbank
C01082,Farhan Desai,9750128433,,1986-10-17,Ahmedabad,min,2020-10-11,farhan8433@hdfcbank
C01083,S. Nair,9594808891,suresh.nair85@gmail.com,1975-06-12,Chennai,full,2023-04-16,suresh8891@okbank
C01084,Rahul Singh,9069482176,rahul.singh30@gmail.com,1995-07-19,Mumbai,pending,2024-02-23,rahul2176@ybl
C01085,Ritu Yadav,6080029827,ritu.yadav17@gmail.com,2005-07-14,,full,2021-03-08,ritu9827@hdfcbank
C01086,S. Singh,9819379972,sunita.singh83@gmail.com,1986-07-24,Jaipur,min,2022-09-24,sunita9972@hdfcbank
C01087,Priya Patel,7933114158,,2000-10-20,Ahmedabad,min,2021-02-16,priya4158@ybl
C01088,Pooja Yadav,6910616918,pooja.yadav57@gmail.com,1995-06-21,Hyderabad,full,2025-01-23,pooja6918@icici
C01089,Pooja Verma,9851912075,pooja.verma43@gmail.com,1992-07-27,Jaipur,min,2020-10-20,pooja2075@okbank
C01090,Rohan Joshi,7718918309,,1995-04-24,Ahmedabad,full,2021-04-21,
C01091,Aarti Yadav,8061599699,aarti.yadav47@gmail.com,1969-01-09,Chennai,full,2025-02-14,aarti9699@hdfcbank
C01092,Vijay Kulkarni,6092399678,vijay.kulkarni84@gmail.com,1975-01-17,Hyderabad,min,2025-02-26,vijay9678@icici
C01093,Vijay Joshi,8520976883,vijay.joshi81@gmail.com,1981-07-06,Mumbai,full,2022-04-15,vijay6883@okbank
C01094,Vikram Menon,9647286330,,1961-04-13,Chennai,full,2025-02-01,vikram6330@hdfcbank
C01095,Vikram Khan,9587814537,vikram.khan42@gmail.com,,Bengaluru,full,2025-07-24,vikram4537@sbi
C01096,Priya Khan,7574031867,,2002-06-09,Bengaluru,full,2022-02-12,priya1867@okbank
C01097,Anjali Shaikh,8744134028,,2002-08-13,Delhi,full,2023-06-18,anjali4028@hdfcbank
C01098,Nisha Verma,7039578203,,1990-02-05,Jaipur,min,2022-02-12,nisha8203@okbank
C01099,Rohan Kulkarni,9981530420,rohan.kulkarni58@gmail.com,1994-11-05,Pune,full,2025-08-29,rohan0420@hdfcbank
C01100,Sunita Menon,9463184540,sunita.menon10@gmail.com,1963-09-17,Hyderabad,full,2020-07-19,sunita4540@sbi
C01101,Farhan Mehta,8723058745,farhan.mehta18@gmail.com,1968-07-09,Chennai,full,2021-05-18,farhan8745@sbi
C01102,Arjun Mehta,9475843240,arjun.mehta76@gmail.com,1963-06-25,Pune,min,2020-07-04,arjun3240@paytm
C01103,Arjun Kulkarni,7420191178,,1994-04-14,Jaipur,full,2025-01-23,arjun1178@sbi
C01104,Vikram Joshi,7651255239,,1999-02-11,Lucknow,full,2019-11-11,vikram5239@hdfcbank
C01105,Tarun Iyer,9997098134,,1967-12-13,,full,2026-02-18,tarun8134@hdfcbank
C01106,T. Sharma,7809478692,,1978-10-16,Pune,full,2021-04-09,tarun8692@ybl
C01107,Manish Gupta,6845742559,manish.gupta36@gmail.com,1963-12-02,Kolkata,min,2022-10-09,manish2559@paytm
C01108,Divya Desai,8167241718,,,Lucknow,full,2022-01-26,divya1718@ybl
C01109,Vikram Pillai,9087468416,vikram.pillai40@gmail.com,1992-12-06,Pune,full,2023-06-13,vikram8416@icici
C01110,Sunita Sharma,9307978000,sunita.sharma26@gmail.com,1970-04-08,Lucknow,pending,2024-06-28,sunita8000@icici
C01111,Vikram Patel,8798202502,vikram.patel39@gmail.com,1975-01-28,Chennai,pending,2023-08-24,vikram2502@ybl
C01112,Pooja Das,6089839182,,1991-04-17,Hyderabad,full,2026-01-16,pooja9182@ybl
C01113,Aarti Reddy,7728229518,aarti.reddy95@gmail.com,1963-05-24,Chennai,full,2020-05-18,aarti9518@axl
C01114,Harsh Nair,8080773966,,1966-01-24,Delhi,full,2020-11-06,harsh3966@sbi
C01115,Imran Joshi,8200172024,imran.joshi99@gmail.com,,Lucknow,full,2021-12-24,imran2024@sbi
C01116,Fatima Das,7714941863,fatima.das94@gmail.com,1995-05-16,Delhi,min,2024-10-28,fatima1863@axl
C01117,Aarti Gupta,6056893101,,1970-07-02,Delhi,full,2023-11-01,aarti3101@hdfcbank
C01118,K. Singh,8271626084,karan.singh92@gmail.com,2002-05-11,Bengaluru,full,2024-12-29,karan6084@paytm
C01119,Amit Bose,7727397579,,1988-02-21,Ahmedabad,full,2025-12-14,amit7579@sbi
C01120,Arjun Reddy,7759408914,,1987-01-02,Kolkata,full,2020-08-03,arjun8914@paytm
C01121,Suresh Bose,7859347170,,1984-11-16,Kolkata,full,2019-11-11,suresh7170@hdfcbank
C01122,Isha Reddy,8705111375,isha.reddy15@gmail.com,1992-08-22,Kolkata,full,2023-01-20,isha1375@sbi
C01123,Vikram Nair,7609722255,vikram.nair7@gmail.com,1962-03-17,Lucknow,min,2021-09-25,vikram2255@sbi
C01124,Meera Kulkarni,6283893108,,1964-07-13,Mumbai,min,2025-07-30,meera3108@okbank
C01125,Divya Reddy,7124053009,divya.reddy21@gmail.com,1973-11-18,Jaipur,full,2025-12-31,divya3009@paytm
C01126,Priya Shaikh,6441277303,priya.shaikh50@gmail.com,,Bengaluru,full,2021-08-31,priya7303@okbank
C01127,S. Gupta,6281409620,,2000-01-20,Hyderabad,full,2024-03-04,swati9620@axl
C01128,Tarun Joshi,6911485449,tarun.joshi33@gmail.com,,Kolkata,min,2024-01-30,tarun5449@hdfcbank
C01129,Ritu Verma,8884815008,ritu.verma54@gmail.com,1977-12-09,Bengaluru,full,2024-05-14,
C01130,P. Yadav,8227124318,pooja.yadav61@gmail.com,1983-12-05,Jaipur,full,2026-04-18,pooja4318@ybl
C01131,Kavita Das,7374524147,kavita.das43@gmail.com,1966-09-03,Mumbai,pending,2026-05-19,kavita4147@icici
C01132,Swati Mehta,8491323507,swati.mehta70@gmail.com,1980-10-09,Jaipur,full,2023-06-25,swati3507@axl
C01133,Fatima Shaikh,6249524335,fatima.shaikh54@gmail.com,2001-06-30,Chennai,min,2023-07-17,fatima4335@sbi
C01134,Tarun Kulkarni,7499732658,,1964-01-05,Mumbai,full,2021-01-31,tarun2658@axl
C01135,Vikram Bose,8366832248,vikram.bose83@gmail.com,1963-12-27,Chennai,min,2023-11-11,vikram2248@axl
C01136,Meera Pillai,7236604781,,1973-03-03,Bengaluru,min,2021-09-13,meera4781@sbi
C01137,Amit Desai,6746427680,amit.desai66@gmail.com,2003-03-26,Pune,full,2024-02-15,amit7680@paytm
C01138,Sunita Mehta,8886511428,,1998-11-30,,full,2021-11-30,sunita1428@axl
C01139,Sanjay Reddy,7874196849,sanjay.reddy76@gmail.com,1976-11-28,Ahmedabad,min,2025-07-08,sanjay6849@axl
C01140,Priya Menon,7438284490,,1998-12-10,Hyderabad,min,2024-06-29,priya4490@sbi
C01141,Arjun Pillai,7907939602,,1998-07-20,,full,2022-02-24,arjun9602@icici
C01142,Karan Menon,9139592557,,1983-01-05,Mumbai,min,2025-07-28,karan2557@sbi
C01143,Fatima Bose,6336663657,fatima.bose41@gmail.com,1965-08-25,Delhi,full,2023-08-02,fatima3657@hdfcbank
C01144,Rahul Reddy,9710516082,rahul.reddy52@gmail.com,1963-10-28,Ahmedabad,min,2025-09-06,rahul6082@sbi
C01145,Sneha Desai,9567883960,sneha.desai43@gmail.com,1974-03-20,Ahmedabad,full,2019-12-02,sneha3960@paytm
C01146,Amit Patel,9545158814,amit.patel91@gmail.com,1996-02-29,Bengaluru,full,2026-01-17,amit8814@icici
C01147,Ritu Singh,9071919223,,1995-03-24,Bengaluru,min,2022-09-02,ritu9223@icici
C01148,Sneha Sharma,8891182559,sneha.sharma67@gmail.com,1975-01-06,Pune,full,2023-08-18,sneha2559@okbank
C01149,Imran Kulkarni,6237092317,imran.kulkarni87@gmail.com,1988-08-30,Mumbai,full,2023-12-04,imran2317@axl
C01150,Vikram Patel,9772024788,,1974-03-06,Delhi,full,2020-01-10,vikram4788@sbi
C01151,Divya Nair,9499204479,divya.nair30@gmail.com,1997-08-01,Hyderabad,full,2024-12-19,divya4479@paytm
C01152,Tarun Iyer,7791519513,,,Delhi,pending,2020-01-13,tarun9513@icici
C01153,Tarun Das,9658685777,,1983-03-31,Pune,full,2020-03-20,tarun5777@axl
C01154,Imran Chopra,9637012158,imran.chopra77@gmail.com,1983-07-25,Lucknow,min,2025-05-06,imran2158@paytm
C01155,Ritu Patel,7940820969,ritu.patel58@gmail.com,1974-03-04,Lucknow,min,2025-08-30,ritu0969@hdfcbank
C01156,Neha Joshi,6212841651,,2000-01-03,Chennai,min,2022-02-11,neha1651@paytm
C01157,Isha Sharma,8671528099,,1999-05-30,Lucknow,pending,2025-04-08,isha8099@icici
C01158,Manish Menon,6684104360,,1997-08-25,Kolkata,full,2020-07-07,manish4360@sbi
C01159,Vikram Joshi,6373273964,vikram.joshi28@gmail.com,1989-04-30,,full,2025-11-01,vikram3964@sbi
C01160,Sneha Patel,9932056913,sneha.patel15@gmail.com,1967-05-15,Lucknow,full,2020-12-26,sneha6913@ybl
C01161,Anjali Iyer,8838267407,anjali.iyer67@gmail.com,1998-04-27,Bengaluru,min,2022-11-18,anjali7407@okbank
C01162,Amit Desai,6769689069,,1975-12-08,Ahmedabad,full,2025-07-15,amit9069@paytm
C01163,Neha Desai,6530377838,neha.desai73@gmail.com,1984-05-18,Hyderabad,min,2022-01-06,neha7838@axl
C01164,Nisha Singh,9044002803,nisha.singh86@gmail.com,1988-12-20,Delhi,full,2026-03-18,nisha2803@hdfcbank
C01165,Amit Menon,6653197238,,1996-10-29,Hyderabad,min,2026-03-07,amit7238@axl
C01166,Sanjay Mehta,7639367222,sanjay.mehta76@gmail.com,,Bengaluru,full,2024-04-15,sanjay7222@icici
C01167,Swati Sharma,6784595901,swati.sharma72@gmail.com,1971-07-17,Lucknow,min,2025-05-18,swati5901@icici
C01168,Amit Reddy,7830555382,amit.reddy62@gmail.com,1971-09-15,Delhi,full,2021-11-23,amit5382@okbank
C01169,Nisha Iyer,7029649324,nisha.iyer15@gmail.com,1966-02-02,Ahmedabad,min,2024-11-15,nisha9324@axl
C01170,Vikram Patel,8306322843,,1997-08-15,Bengaluru,min,2024-05-26,vikram2843@ybl
C01171,Divya Gupta,6137314542,divya.gupta21@gmail.com,1995-11-01,Ahmedabad,full,2022-09-16,divya4542@hdfcbank
C01172,Sanjay Kulkarni,7400780620,,1971-10-30,Mumbai,min,2019-11-03,sanjay0620@okbank
C01173,Aarti Gupta,6116367434,,1993-11-23,Pune,min,2019-12-22,aarti7434@axl
C01174,Ritu Menon,9084999622,ritu.menon76@gmail.com,1973-04-19,Mumbai,full,2020-03-04,ritu9622@icici
C01175,Karan Gupta,6105753328,karan.gupta42@gmail.com,1986-05-23,,full,2021-11-11,karan3328@ybl
C01176,Priya Chopra,9063281415,priya.chopra30@gmail.com,1963-09-26,Jaipur,full,2021-05-20,priya1415@hdfcbank
C01177,S. Sharma,7170503104,sanjay.sharma98@gmail.com,1969-02-02,Kolkata,full,2025-05-13,sanjay3104@paytm
C01178,Suresh Yadav,6313253503,suresh.yadav50@gmail.com,1984-09-14,Chennai,full,2022-10-30,suresh3503@axl
C01179,Sunita Yadav,6577965473,sunita.yadav70@gmail.com,1997-04-20,Lucknow,full,2022-09-18,sunita5473@sbi
C01180,Tarun Mehta,9264506012,,2003-11-28,Jaipur,min,2025-06-03,tarun6012@icici
C01181,Rahul Singh,7164218664,rahul.singh7@gmail.com,1972-12-15,Pune,full,2021-11-16,rahul8664@paytm
C01182,Swati Menon,7378984651,,1975-11-01,Jaipur,full,2023-10-06,swati4651@icici
C01183,Kavita Mehta,7021529062,,1976-09-19,,full,2024-11-12,kavita9062@ybl
C01184,R. Pillai,7806330861,ritu.pillai40@gmail.com,1995-11-25,Mumbai,pending,2021-06-15,ritu0861@paytm
C01185,Kavita Gupta,6073226179,,1974-07-05,Bengaluru,full,2021-03-05,kavita6179@sbi
C01186,Meera Bose,6942494232,,1964-02-07,Chennai,min,2024-07-07,meera4232@icici
C01187,Deepak Joshi,6704771406,deepak.joshi14@gmail.com,1999-12-20,Jaipur,min,2022-04-21,deepak1406@icici
C01188,Vijay Das,6841824863,,1997-03-16,Hyderabad,pending,2025-08-15,vijay4863@paytm
C01189,Ritu Chopra,7199654552,ritu.chopra81@gmail.com,1967-12-11,Hyderabad,full,2020-09-28,ritu4552@sbi
C01190,Karan Sharma,8582874212,,1984-01-30,Kolkata,full,2025-04-14,karan4212@ybl
C01191,Swati Singh,8653200646,swati.singh23@gmail.com,1975-08-28,Bengaluru,pending,2019-10-13,swati0646@icici
C01192,Harsh Iyer,8345487591,harsh.iyer56@gmail.com,2001-05-24,Ahmedabad,min,2020-12-31,harsh7591@okbank
C01193,Sanjay Bose,6307626449,sanjay.bose77@gmail.com,1985-04-25,Kolkata,full,2022-10-11,sanjay6449@icici
C01194,Manish Kulkarni,7859884280,manish.kulkarni62@gmail.com,1966-04-29,Lucknow,min,2021-09-27,manish4280@okbank
C01195,Priya Shaikh,8334593653,,,Chennai,min,2022-06-20,priya3653@okbank
C01196,Meera Nair,6034588820,,1967-05-26,Kolkata,full,2023-07-22,meera8820@paytm
C01197,Tarun Nair,8275421825,tarun.nair52@gmail.com,1999-03-15,Mumbai,full,2023-10-20,tarun1825@hdfcbank
C01198,Sunita Patel,9021829126,,1966-06-15,Bengaluru,full,2022-09-07,sunita9126@axl
C01199,R. Nair,6260768448,,2004-09-09,Bengaluru,min,2022-08-23,ritu8448@ybl
C01200,Divya Kulkarni,8529437749,,1962-04-10,Lucknow,full,2023-12-02,divya7749@icici
C01201,Karan Pillai,6190721888,karan.pillai51@gmail.com,,Chennai,pending,2019-09-07,karan1888@hdfcbank
C01202,Rohan Desai,6481254424,rohan.desai19@gmail.com,1993-07-12,Lucknow,full,2025-02-21,rohan4424@axl
C01203,Tarun Shaikh,8967257167,tarun.shaikh36@gmail.com,1996-07-26,Ahmedabad,min,2023-04-26,tarun7167@okbank
C01204,Deepak Gupta,7947357714,deepak.gupta40@gmail.com,2004-02-12,Hyderabad,pending,2024-01-24,deepak7714@okbank
C01205,Rahul Kulkarni,9156663958,rahul.kulkarni95@gmail.com,1969-02-07,Jaipur,full,2024-09-27,rahul3958@paytm
C01206,Harsh Mehta,8458992416,harsh.mehta9@gmail.com,1971-09-06,Jaipur,min,2019-12-03,harsh2416@okbank
C01207,Fatima Pillai,6087488764,fatima.pillai19@gmail.com,1986-03-04,Jaipur,pending,2019-11-26,fatima8764@paytm
C01208,Aarti Yadav,9435088568,aarti.yadav16@gmail.com,1979-11-08,Jaipur,full,2022-06-18,aarti8568@icici
C01209,Ritu Verma,8397618225,ritu.verma4@gmail.com,1997-11-16,Pune,full,2024-09-02,ritu8225@okbank
C01210,Pooja Pillai,9619766308,pooja.pillai4@gmail.com,1969-12-14,Bengaluru,pending,2020-05-12,pooja6308@icici
C01211,Vikram Khan,6649379014,,1972-11-02,Pune,full,2024-10-08,vikram9014@icici
C01212,Tarun Gupta,7276866407,tarun.gupta36@gmail.com,1964-12-20,Kolkata,full,2021-04-03,tarun6407@icici
C01213,Karan Das,9042118823,,1991-07-12,Mumbai,min,2022-11-06,karan8823@sbi
C01214,Deepak Patel,9667572035,,1979-10-10,Delhi,pending,2022-12-04,deepak2035@okbank
C01215,Isha Singh,7997815437,,1967-09-13,Mumbai,full,2021-07-04,isha5437@hdfcbank
C01216,Swati Khan,7637242448,swati.khan74@gmail.com,1963-03-22,Pune,min,2021-09-02,swati2448@axl
C01217,Rahul Patel,9213246839,rahul.patel36@gmail.com,,Jaipur,min,2024-08-14,rahul6839@icici
C01218,Suresh Kulkarni,7718337318,suresh.kulkarni65@gmail.com,1981-05-02,Bengaluru,full,2022-03-15,suresh7318@hdfcbank
C01219,D. Nair,7570422342,divya.nair45@gmail.com,1976-11-07,Delhi,full,2019-12-31,divya2342@paytm
C01220,Amit Chopra,8796443980,,1969-06-09,Kolkata,full,2025-08-11,amit3980@axl
C01221,Aarti Joshi,8638725682,,,Lucknow,min,2025-01-04,aarti5682@icici
C01222,Deepak Gupta,7701969756,,1995-06-30,Bengaluru,full,2024-04-20,deepak9756@sbi
C01223,Ritu Kulkarni,9490979289,ritu.kulkarni45@gmail.com,1973-01-22,Bengaluru,full,2023-12-13,ritu9289@paytm
C01224,Tarun Reddy,9958460440,tarun.reddy20@gmail.com,1974-06-08,Hyderabad,full,2021-11-21,tarun0440@okbank
C01225,Ritu Iyer,7280333818,ritu.iyer21@gmail.com,1965-09-18,Delhi,full,2023-08-28,
C01226,Manish Pillai,8768637644,,1984-07-27,Delhi,full,2025-11-29,manish7644@okbank
C01227,Sneha Mehta,8072997925,sneha.mehta63@gmail.com,2004-03-01,Bengaluru,full,2020-05-28,sneha7925@ybl
C01228,Vikram Gupta,7092763451,,1993-01-30,Delhi,full,2019-10-27,vikram3451@sbi
C01229,Karan Reddy,6162524645,,1965-08-24,Ahmedabad,min,2020-10-14,karan4645@okbank
C01230,Farhan Menon,9902000244,farhan.menon83@gmail.com,1970-04-28,Mumbai,full,2020-04-07,farhan0244@okbank
C01231,Ritu Kulkarni,8417845814,,1978-10-04,Pune,pending,2025-08-10,ritu5814@paytm
C01232,Sunita Reddy,6401158963,sunita.reddy14@gmail.com,,Chennai,pending,2024-11-13,sunita8963@ybl
C01233,Anjali Khan,6441035108,anjali.khan99@gmail.com,1999-01-29,Pune,full,2020-08-04,anjali5108@ybl
C01234,Vijay Nair,6038511310,,1965-02-28,Delhi,full,2024-02-02,vijay1310@paytm
C01235,Pooja Pillai,6163591225,pooja.pillai16@gmail.com,1991-02-07,Kolkata,min,2022-09-05,pooja1225@ybl
C01236,Suresh Kulkarni,8724715411,,1965-11-22,Lucknow,pending,2023-08-23,suresh5411@sbi
C01237,Swati Gupta,8656142473,,1976-12-06,Kolkata,pending,2021-11-19,swati2473@paytm
C01238,Fatima Kulkarni,7326094149,fatima.kulkarni31@gmail.com,1980-08-30,Pune,full,2019-11-23,fatima4149@axl
C01239,Tarun Yadav,8937635664,tarun.yadav48@gmail.com,1991-06-04,Pune,full,2024-02-23,tarun5664@axl
C01240,Vijay Joshi,6306864169,,1990-01-25,Hyderabad,full,2023-03-16,vijay4169@sbi
C01241,Sunita Shaikh,7607352466,sunita.shaikh45@gmail.com,1967-12-04,Kolkata,full,2023-11-25,sunita2466@axl
C01242,Sanjay Bose,7602421067,,1961-05-14,Delhi,full,2021-08-31,sanjay1067@hdfcbank
C01243,Tarun Khan,9751993177,,2000-08-28,Kolkata,full,2023-04-20,tarun3177@hdfcbank
C01244,Harsh Joshi,8728547586,,1987-12-20,Mumbai,full,2019-12-30,harsh7586@paytm
C01245,Priya Iyer,9732464648,priya.iyer62@gmail.com,1981-02-11,Pune,full,2019-09-09,priya4648@okbank
C01246,Priya Iyer,8751726707,,1978-06-20,Pune,full,2023-05-15,
C01247,Nisha Reddy,8510572798,,2005-04-15,Lucknow,full,2025-08-03,nisha2798@paytm
C01248,S. Sharma,8576008698,sanjay.sharma11@gmail.com,1964-06-20,Bengaluru,full,2021-09-27,sanjay8698@hdfcbank
C01249,I. Menon,6706021825,,1990-07-12,Hyderabad,full,2024-09-01,isha1825@okbank
C01250,A. Shaikh,6656495250,,1990-01-23,Jaipur,full,2025-06-13,amit5250@hdfcbank
C01251,Tarun Khan,6538019609,,1968-12-02,Hyderabad,full,2024-12-06,tarun9609@hdfcbank
C01252,Anjali Mehta,7990924833,anjali.mehta81@gmail.com,1999-06-18,Pune,min,2023-09-27,anjali4833@icici
C01253,Deepak Chopra,8619152213,,1965-04-19,,min,2025-06-29,deepak2213@paytm
C01254,Meera Desai,9910583916,meera.desai84@gmail.com,1988-12-24,Delhi,full,2022-05-05,meera3916@paytm
C01255,Farhan Yadav,8593325920,farhan.yadav19@gmail.com,1994-02-16,Delhi,full,2022-08-06,farhan5920@sbi
C01256,Isha Kulkarni,7372194743,isha.kulkarni58@gmail.com,1972-12-15,Chennai,full,2026-02-15,isha4743@paytm
C01257,Rahul Verma,6299129369,,1977-02-25,Hyderabad,full,2020-09-04,rahul9369@sbi
C01258,Deepak Shaikh,9502974504,deepak.shaikh55@gmail.com,1978-03-30,Ahmedabad,min,2025-01-19,deepak4504@paytm
C01259,Vijay Menon,7152548536,vijay.menon36@gmail.com,1987-08-30,Mumbai,full,2025-05-20,vijay8536@okbank
C01260,Priya Gupta,8811268933,,2000-09-29,Bengaluru,full,2020-06-19,priya8933@icici
C01261,Isha Shaikh,8176950750,isha.shaikh2@gmail.com,1962-07-18,Delhi,full,2023-01-19,isha0750@okbank
C01262,A. Patel,8817706257,anjali.patel85@gmail.com,1986-10-28,Bengaluru,full,2024-06-14,anjali6257@okbank
C01263,Sanjay Gupta,8496962576,,1969-09-25,Pune,min,2021-06-06,sanjay2576@paytm
C01264,Rahul Mehta,8599753752,,1961-01-22,Kolkata,min,2021-08-06,rahul3752@icici
C01265,Tarun Khan,9000342738,,1968-06-12,Kolkata,full,2021-06-08,tarun2738@sbi
C01266,Nisha Menon,6280365176,,1975-06-03,Lucknow,min,2023-02-06,nisha5176@paytm
C01267,Fatima Iyer,8885621225,fatima.iyer28@gmail.com,1963-11-12,Hyderabad,full,2025-01-01,fatima1225@paytm
C01268,Pooja Kulkarni,6334850148,pooja.kulkarni28@gmail.com,1962-05-05,Bengaluru,full,2022-04-12,pooja0148@sbi
C01269,Arjun Gupta,7635398358,arjun.gupta26@gmail.com,1995-09-17,Pune,full,2026-03-11,arjun8358@hdfcbank
C01270,Tarun Desai,6402111345,tarun.desai43@gmail.com,1976-11-12,Delhi,full,2023-09-19,tarun1345@icici
C01271,Arjun Chopra,6398791210,,1993-02-22,Mumbai,full,2025-11-29,arjun1210@sbi
C01272,Manish Gupta,7264460615,manish.gupta71@gmail.com,1991-08-25,Kolkata,full,2024-10-11,manish0615@ybl
C01273,Nisha Nair,9073504981,,1961-01-16,Hyderabad,min,2022-07-23,nisha4981@axl
C01274,Pooja Patel,9649503278,pooja.patel64@gmail.com,2000-10-29,Mumbai,min,2025-02-02,pooja3278@icici
C01275,Nisha Desai,6969444014,nisha.desai77@gmail.com,1998-07-05,Delhi,full,2019-12-18,nisha4014@ybl
C01276,Kavita Verma,9676126366,kavita.verma86@gmail.com,2000-08-20,Mumbai,full,2021-01-21,kavita6366@axl
C01277,Pooja Khan,7145501852,pooja.khan45@gmail.com,1993-12-25,Kolkata,full,2020-10-31,pooja1852@okbank
C01278,Vijay Desai,8109287275,vijay.desai10@gmail.com,1974-04-29,Pune,min,2025-08-06,vijay7275@ybl
C01279,Divya Desai,9329752458,divya.desai64@gmail.com,2005-08-01,Kolkata,full,2025-08-12,divya2458@paytm
C01280,Priya Singh,8603373147,,1980-10-07,Chennai,full,2024-10-18,priya3147@sbi
C01281,Divya Gupta,7486376924,divya.gupta96@gmail.com,1987-05-02,Lucknow,full,2024-07-27,divya6924@paytm
C01282,Priya Sharma,8410415353,priya.sharma3@gmail.com,1970-11-09,Bengaluru,min,2025-10-22,priya5353@hdfcbank
C01283,Imran Shaikh,9197765262,imran.shaikh42@gmail.com,1973-06-04,Delhi,full,2025-03-07,imran5262@paytm
C01284,Rahul Iyer,7724589670,rahul.iyer83@gmail.com,1991-12-11,Jaipur,min,2021-03-20,rahul9670@hdfcbank
C01285,Swati Bose,8600261258,,1973-12-03,Pune,full,2024-08-31,swati1258@axl
C01286,Amit Kulkarni,9470166878,amit.kulkarni37@gmail.com,1999-04-02,Pune,full,2025-08-30,amit6878@ybl
C01287,Harsh Verma,8523295274,harsh.verma45@gmail.com,2001-06-30,Lucknow,full,2020-09-14,harsh5274@ybl
C01288,Sunita Patel,7386298850,,1994-03-28,Kolkata,full,2025-11-01,sunita8850@okbank
C01289,Ritu Das,6993898082,ritu.das87@gmail.com,1970-11-05,Jaipur,full,2020-06-19,
C01290,Suresh Bose,6260023350,,,Chennai,full,2025-04-05,suresh3350@paytm
C01291,Anjali Yadav,8300614934,anjali.yadav95@gmail.com,2004-09-11,,full,2026-01-05,anjali4934@okbank
C01292,Imran Singh,9855741039,,1999-01-25,Ahmedabad,pending,2025-02-24,imran1039@okbank
C01293,Manish Bose,7610878392,manish.bose46@gmail.com,1978-01-04,Hyderabad,full,2020-05-15,manish8392@okbank
C01294,Farhan Khan,8299557114,,1973-09-28,Delhi,full,2021-01-04,farhan7114@paytm
C01295,Karan Menon,8944808215,karan.menon33@gmail.com,1979-05-08,Bengaluru,pending,2021-03-27,karan8215@ybl
C01296,K. Gupta,8368711594,,1982-05-27,Mumbai,min,2021-03-06,kavita1594@hdfcbank
C01297,Isha Pillai,9170485714,isha.pillai83@gmail.com,2003-08-17,Jaipur,full,2025-02-12,isha5714@okbank
C01298,Karan Khan,9691704008,karan.khan59@gmail.com,1986-01-01,Bengaluru,full,2023-03-01,karan4008@sbi
C01299,Sunita Chopra,9906974156,sunita.chopra50@gmail.com,1970-09-20,,full,2021-07-18,sunita4156@paytm
C01300,Meera Joshi,6673817063,,1975-06-28,Hyderabad,pending,2022-02-27,meera7063@axl
C01301,Imran Desai,7918572600,imran.desai14@gmail.com,1986-07-11,Jaipur,min,2021-09-10,imran2600@okbank
C01302,A. Pillai,6090703810,aarti.pillai46@gmail.com,,,full,2020-02-18,aarti3810@icici
C01303,Imran Mehta,9892357386,imran.mehta81@gmail.com,1970-09-03,Hyderabad,full,2021-02-14,imran7386@icici
C01304,Pooja Bose,9932880299,pooja.bose21@gmail.com,,Kolkata,full,2024-10-10,pooja0299@hdfcbank
C01305,Sanjay Menon,8289941086,,1973-09-03,Mumbai,full,2025-11-10,sanjay1086@okbank
C01306,Karan Patel,6532184678,,1978-10-11,Pune,full,2021-09-12,karan4678@hdfcbank
C01307,Vikram Reddy,6007555255,vikram.reddy84@gmail.com,1961-04-27,Hyderabad,min,2020-06-15,vikram5255@okbank
C01308,Farhan Nair,6386166297,farhan.nair77@gmail.com,2000-10-15,Kolkata,full,2023-09-12,farhan6297@hdfcbank
C01309,Isha Sharma,6116539734,,1984-01-03,Jaipur,min,2022-07-09,isha9734@axl
C01310,Swati Patel,6969670642,swati.patel77@gmail.com,2001-03-07,Lucknow,full,2024-11-07,swati0642@okbank
C01311,Nisha Shaikh,7448671846,,,Ahmedabad,full,2021-12-14,nisha1846@hdfcbank
C01312,Isha Gupta,9596073764,,1997-01-08,Bengaluru,full,2024-05-09,isha3764@sbi
C01313,Harsh Bose,6564399319,harsh.bose59@gmail.com,1961-01-23,Jaipur,full,2019-11-15,harsh9319@ybl
C01314,Karan Mehta,9413642515,karan.mehta70@gmail.com,1963-03-19,Chennai,full,2025-08-09,karan2515@axl
C01315,Imran Singh,9351085933,,1969-04-30,Ahmedabad,full,2025-07-08,imran5933@axl
C01316,Meera Verma,6830712719,meera.verma19@gmail.com,2005-01-28,Chennai,min,2025-11-10,meera2719@axl
C01317,Vijay Pillai,7018306364,,1976-05-02,Lucknow,min,2026-02-27,vijay6364@sbi
C01318,Sneha Gupta,7421538096,,1962-10-12,Bengaluru,min,2024-06-24,sneha8096@sbi
C01319,F. Pillai,9347696386,,1985-11-10,Hyderabad,full,2019-09-19,farhan6386@paytm
C01320,Sunita Kulkarni,9733923034,,1998-07-30,Chennai,pending,2020-08-26,sunita3034@ybl
C01321,Anjali Menon,7696968829,,1987-11-22,Ahmedabad,full,2024-09-08,anjali8829@okbank
C01322,Fatima Sharma,8276762822,,1999-08-20,Lucknow,min,2020-05-30,
C01323,Sunita Joshi,8737554180,sunita.joshi99@gmail.com,1978-09-06,Hyderabad,full,2024-03-20,sunita4180@icici
C01324,Isha Chopra,7852736629,,1966-09-10,Kolkata,full,2020-02-23,isha6629@paytm
C01325,Nisha Khan,6236902209,nisha.khan15@gmail.com,1984-10-04,Pune,min,2020-11-26,nisha2209@icici
C01326,Aarti Singh,6165284142,aarti.singh3@gmail.com,1999-12-13,Kolkata,pending,2022-07-24,aarti4142@okbank
C01327,Pooja Bose,7563306406,pooja.bose13@gmail.com,1968-04-02,Lucknow,full,2025-05-13,pooja6406@okbank
C01328,Harsh Das,8724071184,harsh.das32@gmail.com,1978-12-04,Pune,full,2022-02-04,harsh1184@okbank
C01329,Karan Chopra,8977772170,karan.chopra79@gmail.com,1984-02-09,Ahmedabad,full,2021-06-17,karan2170@sbi
C01330,Ritu Verma,9508272630,ritu.verma28@gmail.com,2005-04-29,Mumbai,full,2026-01-19,ritu2630@axl
C01331,Harsh Khan,9460172279,harsh.khan16@gmail.com,1964-06-14,Hyderabad,full,2025-05-27,harsh2279@axl
C01332,Vijay Das,7438117124,vijay.das85@gmail.com,1994-04-17,Jaipur,full,2024-05-06,vijay7124@icici
C01333,K. Joshi,6761082246,,1981-03-10,Delhi,min,2024-08-28,karan2246@axl
C01334,Deepak Singh,8015996373,,1966-10-06,Jaipur,full,2024-08-08,deepak6373@icici
C01335,R. Patel,6748105387,,2000-09-17,Pune,min,2021-07-15,ritu5387@hdfcbank
C01336,R. Das,7564428780,,1978-08-18,Mumbai,full,2022-11-08,rahul8780@okbank
C01337,Vijay Kulkarni,7550296813,vijay.kulkarni93@gmail.com,1996-11-12,Jaipur,min,2025-11-20,vijay6813@ybl
C01338,Ritu Reddy,8466207175,,1969-08-21,Mumbai,full,2023-09-08,ritu7175@hdfcbank
C01339,N. Mehta,6220510261,,1982-03-06,Bengaluru,full,2020-03-31,neha0261@axl
C01340,Vikram Kulkarni,6762825609,vikram.kulkarni28@gmail.com,,Pune,min,2019-09-08,vikram5609@okbank
C01341,Fatima Shaikh,9103060040,,1971-03-30,Kolkata,full,2020-02-17,fatima0040@paytm
C01342,Sneha Reddy,9037850263,sneha.reddy98@gmail.com,1993-08-07,Kolkata,min,2024-10-29,sneha0263@icici
C01343,Sanjay Singh,7442461754,,1973-09-07,Kolkata,full,2022-06-11,sanjay1754@sbi
C01344,Sanjay Kulkarni,9593441857,sanjay.kulkarni23@gmail.com,1965-03-05,Bengaluru,min,2023-12-24,sanjay1857@axl
C01345,Anjali Kulkarni,9147091840,anjali.kulkarni97@gmail.com,1987-10-03,Bengaluru,min,2025-04-09,anjali1840@paytm
C01346,Pooja Singh,9972920235,,1995-10-07,Lucknow,full,2020-12-31,pooja0235@okbank
C01347,Vikram Gupta,6054664287,vikram.gupta23@gmail.com,1977-04-02,Bengaluru,min,2019-10-04,vikram4287@okbank
C01348,Sanjay Mehta,7202391051,sanjay.mehta56@gmail.com,1975-01-28,Hyderabad,full,2020-08-07,sanjay1051@ybl
C01349,Priya Yadav,9684657852,priya.yadav66@gmail.com,2003-10-20,Hyderabad,full,2021-05-20,priya7852@icici
C01350,Isha Khan,6415434506,isha.khan23@gmail.com,1970-02-25,Mumbai,full,2020-11-22,isha4506@ybl
C01351,Priya Shaikh,7814984184,priya.shaikh21@gmail.com,,Lucknow,full,2021-10-24,priya4184@ybl
C01352,Manish Reddy,6391076009,manish.reddy35@gmail.com,1992-03-24,Pune,min,2024-06-28,manish6009@okbank
C01353,Farhan Reddy,9982483570,,1966-01-19,Pune,full,2024-08-01,farhan3570@icici
C01354,Suresh Mehta,7349869581,,1985-12-25,Pune,min,2024-09-08,suresh9581@ybl
C01355,Imran Nair,6871586898,,2005-04-12,Kolkata,min,2025-03-23,imran6898@hdfcbank
C01356,Aarti Verma,6635228753,aarti.verma8@gmail.com,1969-06-02,Chennai,full,2025-10-29,aarti8753@icici
C01357,Vikram Chopra,9577664637,vikram.chopra12@gmail.com,2002-09-14,Bengaluru,min,2026-01-21,vikram4637@icici
C01358,Fatima Reddy,8670408261,fatima.reddy28@gmail.com,1999-06-21,Jaipur,full,2024-11-21,
C01359,Anjali Sharma,7366790688,anjali.sharma51@gmail.com,1981-08-05,Mumbai,full,2023-08-30,anjali0688@ybl
C01360,Tarun Sharma,6807217581,tarun.sharma36@gmail.com,1963-10-07,Bengaluru,min,2023-09-03,tarun7581@hdfcbank
C01361,Ritu Joshi,9479174039,ritu.joshi96@gmail.com,1961-09-22,Lucknow,min,2023-03-22,ritu4039@okbank
C01362,Ritu Menon,6843818966,ritu.menon57@gmail.com,1977-01-25,Kolkata,min,2025-08-16,ritu8966@okbank
C01363,Karan Desai,8159092335,karan.desai10@gmail.com,1998-12-27,Lucknow,full,2024-07-14,karan2335@icici
C01364,Kavita Kulkarni,6500871687,kavita.kulkarni19@gmail.com,1988-05-31,Bengaluru,full,2024-09-30,kavita1687@paytm
C01365,Sneha Bose,7218652223,sneha.bose82@gmail.com,1995-03-16,Kolkata,pending,2023-07-25,sneha2223@axl
C01366,Divya Joshi,7271995342,,1962-12-13,Lucknow,min,2024-08-02,divya5342@hdfcbank
C01367,Rohan Chopra,6249843308,,1997-04-28,Chennai,full,2021-04-13,rohan3308@okbank
C01368,Neha Pillai,8259222766,neha.pillai25@gmail.com,1999-11-27,,full,2020-05-16,neha2766@icici
C01369,Farhan Singh,9780885024,,1968-05-12,Delhi,full,2024-01-03,farhan5024@hdfcbank
C01370,Farhan Yadav,6343436074,farhan.yadav85@gmail.com,1962-10-18,Delhi,full,2023-02-19,farhan6074@paytm
C01371,Farhan Reddy,8664509939,,1991-01-25,Kolkata,full,2019-12-14,farhan9939@hdfcbank
C01372,N. Khan,8974475881,,1963-12-27,Bengaluru,full,2023-09-20,neha5881@icici
C01373,Sneha Kulkarni,8576726574,sneha.kulkarni74@gmail.com,1965-08-24,Kolkata,full,2020-09-03,sneha6574@paytm
C01374,Harsh Patel,6781533962,harsh.patel95@gmail.com,1987-05-17,Ahmedabad,min,2024-10-06,harsh3962@hdfcbank
C01375,Sanjay Chopra,6834014262,sanjay.chopra52@gmail.com,,Kolkata,full,2019-09-18,sanjay4262@sbi
C01376,Kavita Patel,7136077088,kavita.patel28@gmail.com,2001-01-21,Hyderabad,full,2022-05-30,kavita7088@sbi
C01377,Meera Khan,9235659584,,2005-06-28,Hyderabad,min,2022-03-21,meera9584@icici
C01378,Pooja Joshi,8131778897,pooja.joshi81@gmail.com,2003-09-22,Kolkata,full,2020-03-01,pooja8897@sbi
C01379,Swati Khan,6944053207,,1979-08-20,Pune,full,2019-10-27,swati3207@okbank
C01380,S. Nair,6733522229,,1990-12-04,Kolkata,full,2022-08-01,swati2229@ybl
C01381,Meera Verma,6804850023,meera.verma71@gmail.com,1993-06-13,Kolkata,full,2019-09-09,meera0023@axl
C01382,Amit Patel,6632972433,amit.patel40@gmail.com,2001-04-03,Kolkata,pending,2020-09-09,amit2433@axl
C01383,Rohan Yadav,9367387031,rohan.yadav87@gmail.com,1997-04-04,Chennai,pending,2019-11-05,rohan7031@paytm
C01384,Farhan Iyer,7601749838,,,Lucknow,full,2024-06-16,farhan9838@ybl
C01385,Divya Patel,7853338250,divya.patel66@gmail.com,2001-09-17,,full,2023-06-28,divya8250@sbi
C01386,Vijay Sharma,7321976925,vijay.sharma72@gmail.com,1981-03-31,Chennai,pending,2020-05-23,vijay6925@axl
C01387,Swati Chopra,9329906033,swati.chopra50@gmail.com,1985-01-01,Kolkata,min,2020-06-03,swati6033@hdfcbank
C01388,Ritu Bose,8664636685,,,Bengaluru,pending,2020-03-15,ritu6685@sbi
C01389,Suresh Singh,9471590259,,1969-03-24,Ahmedabad,min,2025-12-15,suresh0259@axl
C01390,Amit Nair,9116831685,,1982-09-23,Mumbai,min,2025-04-11,amit1685@ybl
C01391,Fatima Reddy,8007023638,fatima.reddy40@gmail.com,1966-08-19,Chennai,full,2024-04-15,fatima3638@okbank
C01392,Imran Yadav,6600973563,,2001-12-19,Kolkata,min,2021-07-27,imran3563@ybl
C01393,Anjali Singh,7504692146,,1970-03-29,Mumbai,full,2025-03-30,anjali2146@axl
C01394,Amit Sharma,6888761281,,1973-09-08,Kolkata,min,2025-01-02,amit1281@ybl
C01395,D. Kulkarni,7636790125,deepak.kulkarni57@gmail.com,1968-09-30,Mumbai,full,2020-01-15,deepak0125@ybl
C01396,Vijay Khan,9021064856,vijay.khan35@gmail.com,1972-07-23,Hyderabad,min,2020-03-05,vijay4856@sbi
C01397,Divya Patel,8398398809,divya.patel32@gmail.com,1996-11-01,Mumbai,min,2025-12-04,divya8809@paytm
C01398,Isha Iyer,8078829399,,1964-09-27,Lucknow,full,2025-06-25,isha9399@axl
C01399,Sanjay Nair,7093841545,sanjay.nair65@gmail.com,2000-09-22,Kolkata,full,2023-10-02,sanjay1545@okbank
C01400,Meera Khan,7800071394,meera.khan11@gmail.com,,Jaipur,pending,2025-07-10,meera1394@hdfcbank
C01401,Rahul Reddy,8172959321,rahul.reddy17@gmail.com,1987-01-02,Hyderabad,full,2025-01-18,rahul9321@paytm
C01402,Pooja Joshi,9123074683,pooja.joshi38@gmail.com,1980-10-31,,min,2021-12-31,pooja4683@sbi
C01403,Suresh Bose,9857836183,suresh.bose91@gmail.com,1977-08-25,Bengaluru,full,2024-07-27,suresh6183@axl
C01404,Vikram Singh,7130854768,,2004-07-05,Kolkata,min,2020-10-13,vikram4768@okbank
C01405,Aarti Menon,7422353032,aarti.menon17@gmail.com,,Chennai,min,2022-09-20,aarti3032@icici
C01406,Farhan Yadav,8067256914,farhan.yadav63@gmail.com,1971-10-18,Delhi,min,2020-11-20,farhan6914@sbi
C01407,Rohan Desai,9337748645,rohan.desai83@gmail.com,1982-04-26,Mumbai,pending,2025-11-09,rohan8645@icici
C01408,Suresh Iyer,6831073461,,1986-03-11,Bengaluru,full,2023-04-08,suresh3461@hdfcbank
C01409,Vikram Desai,7440674698,,1964-01-06,Hyderabad,full,2024-02-17,vikram4698@ybl
C01410,Harsh Mehta,7427547132,harsh.mehta71@gmail.com,1998-05-25,Mumbai,full,2019-11-06,harsh7132@ybl
C01411,T. Shaikh,9898474032,tarun.shaikh31@gmail.com,1987-10-26,Lucknow,full,2025-03-20,tarun4032@icici
C01412,Imran Khan,8710833878,,1980-07-07,Ahmedabad,full,2026-03-13,imran3878@axl
C01413,Karan Menon,7011293452,,1996-06-23,Mumbai,full,2026-03-02,karan3452@hdfcbank
C01414,Nisha Pillai,6604316203,,,Chennai,full,2025-04-17,nisha6203@sbi
C01415,Vikram Gupta,8644433843,vikram.gupta55@gmail.com,1988-03-08,Lucknow,full,2024-01-22,vikram3843@axl
C01416,Meera Menon,9618811057,,1965-10-28,Jaipur,full,2023-09-18,meera1057@paytm
C01417,Divya Pillai,9496196487,,1984-07-31,,min,2023-06-23,
C01418,Divya Das,9932229633,,1990-07-02,Chennai,full,2022-11-23,divya9633@ybl
C01419,Divya Das,8586593734,divya.das61@gmail.com,2005-12-31,Delhi,min,2021-11-26,divya3734@okbank
C01420,Deepak Singh,7427693001,,1996-12-04,Lucknow,pending,2021-06-06,deepak3001@axl
C01421,Fatima Pillai,9786913330,fatima.pillai34@gmail.com,,Jaipur,pending,2022-03-27,fatima3330@axl
C01422,Imran Sharma,7630460874,,1964-03-01,Kolkata,full,2023-05-24,imran0874@icici
C01423,Farhan Desai,7936371757,,1999-01-22,Jaipur,full,2023-08-13,farhan1757@paytm
C01424,Divya Das,9001527923,,1970-07-21,Pune,min,2025-08-01,divya7923@paytm
C01425,Imran Joshi,7436489377,imran.joshi87@gmail.com,1998-02-23,Jaipur,min,2025-09-18,imran9377@axl
C01426,Farhan Sharma,6962368518,farhan.sharma23@gmail.com,1976-08-15,Chennai,full,2021-10-05,farhan8518@ybl
C01427,Vikram Patel,7885450111,vikram.patel74@gmail.com,1975-12-01,Delhi,full,2024-07-20,vikram0111@paytm
C01428,Priya Pillai,9758136397,,2001-07-04,Hyderabad,min,2023-05-11,priya6397@sbi
C01429,Divya Mehta,8205766760,,1995-04-11,Jaipur,full,2026-03-19,divya6760@axl
C01430,Arjun Menon,6628757588,,1968-03-15,Hyderabad,full,2024-11-27,arjun7588@ybl
C01431,Nisha Bose,7139814590,,1961-02-23,Ahmedabad,full,2021-12-27,nisha4590@paytm
C01432,Manish Sharma,9641573734,,2004-04-24,Delhi,min,2024-05-03,manish3734@okbank
C01433,Anjali Menon,9561350863,anjali.menon25@gmail.com,1987-09-06,Chennai,min,2023-07-16,anjali0863@icici
C01434,Manish Desai,6439760727,,1963-12-24,Lucknow,min,2020-12-17,manish0727@axl
C01435,V. Mehta,6756108503,vijay.mehta75@gmail.com,,Lucknow,full,2026-04-18,vijay8503@sbi
C01436,Karan Gupta,6563189401,karan.gupta63@gmail.com,1998-12-28,Lucknow,min,2026-02-19,karan9401@icici
C01437,Rohan Bose,6186195781,,1968-06-02,Mumbai,full,2021-05-21,rohan5781@ybl
C01438,Anjali Mehta,8326301008,anjali.mehta22@gmail.com,1968-12-07,Bengaluru,pending,2023-09-04,anjali1008@ybl
C01439,Suresh Pillai,9502884448,suresh.pillai81@gmail.com,1963-05-30,Pune,full,2021-10-23,suresh4448@icici
C01440,Manish Joshi,6196003526,manish.joshi5@gmail.com,1989-10-11,Pune,full,2022-02-05,manish3526@icici
C01441,Kavita Yadav,9484032398,,2001-10-28,,min,2021-02-12,kavita2398@hdfcbank
C01442,Pooja Iyer,8548737499,pooja.iyer28@gmail.com,,Delhi,min,2023-01-11,pooja7499@icici
C01443,Anjali Yadav,7859388105,anjali.yadav54@gmail.com,1993-04-15,Lucknow,min,2023-01-24,anjali8105@hdfcbank
C01444,Priya Singh,6494342744,priya.singh3@gmail.com,2001-11-26,Bengaluru,full,2019-12-14,priya2744@ybl
C01445,N. Sharma,7562653483,nisha.sharma37@gmail.com,1977-04-30,Kolkata,full,2020-08-04,nisha3483@ybl
C01446,V. Yadav,9843065843,vikram.yadav54@gmail.com,2005-08-03,Jaipur,full,2021-06-09,vikram5843@okbank
C01447,Vikram Gupta,8154174961,vikram.gupta74@gmail.com,1979-02-05,Bengaluru,full,2023-09-15,vikram4961@okbank
C01448,Manish Gupta,8204708959,manish.gupta43@gmail.com,1981-04-30,Mumbai,full,2022-07-24,manish8959@axl
C01449,Imran Menon,9313134803,imran.menon91@gmail.com,1984-10-07,Hyderabad,full,2020-03-08,imran4803@paytm
C01450,Pooja Singh,6967501331,pooja.singh56@gmail.com,1961-07-31,Chennai,full,2021-06-09,pooja1331@sbi
C01451,Karan Sharma,9594595012,,1972-09-01,Bengaluru,full,2025-07-29,karan5012@sbi
C01452,Farhan Mehta,9999765454,farhan.mehta66@gmail.com,2005-08-05,Pune,min,2025-07-24,farhan5454@paytm
C01453,D. Shaikh,7519531011,,1961-08-06,Jaipur,full,2022-10-13,divya1011@okbank
C01454,Fatima Joshi,8610676074,,,Chennai,pending,2025-09-01,fatima6074@sbi
C01455,Nisha Patel,6824837734,nisha.patel26@gmail.com,,Hyderabad,full,2025-11-05,nisha7734@ybl
C01456,Kavita Mehta,8798253912,,1980-05-24,Kolkata,full,2026-04-20,kavita3912@sbi
C01457,Rohan Mehta,9911426376,rohan.mehta47@gmail.com,2002-04-19,Mumbai,full,2025-12-02,rohan6376@axl
C01458,Swati Chopra,7010115571,swati.chopra48@gmail.com,1981-05-09,Bengaluru,pending,2021-05-15,swati5571@hdfcbank
C01459,Deepak Reddy,9555159998,deepak.reddy18@gmail.com,1967-12-09,Kolkata,min,2021-06-10,deepak9998@okbank
C01460,Tarun Yadav,8846173154,tarun.yadav50@gmail.com,1982-05-17,Lucknow,full,2022-02-04,tarun3154@ybl
C01461,Isha Menon,7616999729,,1999-12-17,Jaipur,full,2023-07-11,isha9729@paytm
C01462,Deepak Mehta,8644683197,,1988-07-30,Pune,min,2025-12-07,deepak3197@hdfcbank
C01463,Aarti Gupta,8966148967,aarti.gupta63@gmail.com,1986-10-04,Mumbai,min,2021-09-19,aarti8967@axl
C01464,Meera Khan,8846981210,,1998-01-06,Lucknow,full,2019-09-28,meera1210@hdfcbank
C01465,Harsh Verma,6612914839,harsh.verma31@gmail.com,1984-03-15,Jaipur,pending,2022-09-26,harsh4839@sbi
C01466,Amit Bose,8162969281,amit.bose42@gmail.com,1982-09-29,Chennai,min,2021-10-04,amit9281@axl
C01467,Amit Das,7801497474,,1961-12-14,Mumbai,min,2024-10-23,amit7474@icici
C01468,Deepak Verma,9340831527,deepak.verma21@gmail.com,1990-02-23,Chennai,full,2025-10-29,deepak1527@axl
C01469,Pooja Singh,9657774389,pooja.singh5@gmail.com,1981-02-25,Lucknow,full,2023-10-29,pooja4389@axl
C01470,Karan Reddy,7761463188,,1969-11-06,Pune,full,2021-01-07,karan3188@ybl
C01471,Deepak Reddy,6123817905,deepak.reddy46@gmail.com,1994-08-01,Pune,min,2021-04-10,deepak7905@ybl
C01472,Divya Verma,8931838409,divya.verma87@gmail.com,1990-02-03,Ahmedabad,min,2025-10-23,divya8409@hdfcbank
C01473,Vijay Khan,8930518812,,1964-03-12,Jaipur,min,2025-07-28,vijay8812@icici
C01474,Sunita Das,6377399968,,1970-11-16,Chennai,min,2022-11-23,sunita9968@paytm
C01475,Isha Kulkarni,9715694071,isha.kulkarni58@gmail.com,1997-10-30,Bengaluru,min,2025-08-01,isha4071@axl
C01476,Farhan Shaikh,7307493206,farhan.shaikh41@gmail.com,1995-07-31,Ahmedabad,min,2021-09-15,farhan3206@icici
C01477,Anjali Reddy,7649575102,anjali.reddy65@gmail.com,1998-06-19,Delhi,min,2023-12-28,anjali5102@icici
C01478,S. Bose,6522931951,suresh.bose95@gmail.com,2003-06-13,Ahmedabad,min,2025-06-04,suresh1951@icici
C01479,Neha Das,6639751450,,1975-01-02,Jaipur,full,2026-05-25,neha1450@axl
C01480,V. Reddy,9240577050,vijay.reddy59@gmail.com,1996-12-01,Lucknow,full,2020-07-31,vijay7050@hdfcbank
C01481,R. Das,8624032045,,1998-06-28,Jaipur,full,2020-02-15,rohan2045@paytm
C01482,Meera Joshi,8436349275,meera.joshi58@gmail.com,2000-05-17,Pune,full,2024-10-09,meera9275@okbank
C01483,Suresh Das,9372447023,,,Delhi,full,2024-08-12,suresh7023@hdfcbank
C01484,Anjali Menon,9601209923,anjali.menon71@gmail.com,1966-03-10,Chennai,full,2026-01-24,anjali9923@icici
C01485,Swati Chopra,9625133077,swati.chopra58@gmail.com,1983-04-26,Ahmedabad,full,2025-10-01,swati3077@okbank
C01486,Pooja Mehta,7662067195,,1998-01-12,Chennai,pending,2021-10-13,pooja7195@hdfcbank
C01487,Ritu Chopra,7357134340,,1972-06-06,Pune,full,2023-11-25,ritu4340@paytm
C01488,Sunita Yadav,9891365781,sunita.yadav93@gmail.com,1975-11-23,Ahmedabad,min,2026-04-13,sunita5781@paytm
C01489,Neha Menon,6821522605,neha.menon80@gmail.com,1978-05-19,Kolkata,full,2024-11-03,neha2605@sbi
C01490,Kavita Joshi,8301961581,,1967-04-30,Pune,min,2023-10-14,kavita1581@sbi
C01491,Neha Gupta,6889016689,neha.gupta49@gmail.com,1971-11-27,Lucknow,min,2019-12-25,neha6689@sbi
C01492,Rohan Yadav,6857888678,rohan.yadav42@gmail.com,1994-12-12,Lucknow,full,2023-01-04,rohan8678@axl
C01493,Nisha Reddy,8002210199,nisha.reddy53@gmail.com,1970-04-17,Hyderabad,full,2022-08-01,nisha0199@okbank
C01494,Deepak Singh,9863454520,,1995-09-01,Jaipur,full,2020-10-09,deepak4520@sbi
C01495,Rahul Reddy,6287331746,rahul.reddy64@gmail.com,2003-05-20,Lucknow,full,2025-10-21,rahul1746@sbi
C01496,Arjun Yadav,8266946267,arjun.yadav80@gmail.com,1996-04-10,Lucknow,full,2024-05-01,arjun6267@hdfcbank
C01497,Rahul Kulkarni,6248397539,,,Pune,full,2026-01-04,rahul7539@okbank
C01498,Anjali Shaikh,6120902254,anjali.shaikh77@gmail.com,1987-12-11,,full,2019-11-14,anjali2254@hdfcbank
C01499,Rohan Bose,6482800870,rohan.bose11@gmail.com,1967-06-12,Jaipur,full,2023-12-06,rohan0870@axl
C01500,Isha Joshi,7889419017,isha.joshi66@gmail.com,1998-12-17,Mumbai,pending,2023-04-20,isha9017@icici
C01501,Amit Nair,8298354226,amit.nair99@gmail.com,1988-03-09,Lucknow,min,2022-07-30,amit4226@paytm
C01502,Priya Chopra,6873987365,priya.chopra75@gmail.com,1977-02-27,Kolkata,min,2022-07-07,priya7365@ybl
C01503,Ritu Chopra,9292534924,,1974-08-29,Pune,min,2020-02-19,ritu4924@hdfcbank
C01504,Nisha Gupta,7863407992,nisha.gupta22@gmail.com,1979-01-05,Delhi,min,2021-01-06,nisha7992@icici
C01505,Meera Sharma,8364236173,,1991-06-01,,full,2019-10-30,meera6173@icici
C01506,Rohan Kulkarni,8485509663,,2004-08-08,Mumbai,min,2023-10-30,rohan9663@icici
C01507,Vijay Chopra,6793793186,,1990-07-17,Mumbai,min,2024-06-20,vijay3186@sbi
C01508,Nisha Patel,6670300512,nisha.patel19@gmail.com,1983-08-23,Lucknow,min,2025-07-01,nisha0512@ybl
C01509,Neha Menon,7618635069,neha.menon4@gmail.com,1997-04-29,Jaipur,full,2023-12-21,neha5069@okbank
C01510,Rohan Bose,6489929899,rohan.bose8@gmail.com,,Delhi,min,2024-12-31,rohan9899@okbank
C01511,V. Sharma,9207324069,,1981-01-14,Mumbai,full,2021-10-12,vijay4069@paytm
C01512,Meera Bose,7365442817,meera.bose74@gmail.com,,Lucknow,min,2024-05-27,
C01513,Tarun Kulkarni,9918256638,,1977-09-25,Chennai,full,2021-10-08,
C01514,Nisha Bose,8729677419,nisha.bose26@gmail.com,,Delhi,full,2023-12-03,nisha7419@ybl
C01515,Ritu Bose,6340375667,,1995-11-14,Bengaluru,min,2020-06-19,ritu5667@sbi
C01516,Divya Pillai,6607994117,,1996-08-08,Kolkata,min,2023-12-28,divya4117@ybl
C01517,Anjali Patel,6136594249,,,Lucknow,min,2020-12-07,anjali4249@hdfcbank
C01518,Manish Khan,8720069942,manish.khan37@gmail.com,1999-03-12,Bengaluru,pending,2022-01-04,manish9942@axl
C01519,Sneha Das,8712753909,sneha.das20@gmail.com,1974-02-11,Lucknow,pending,2023-08-01,sneha3909@axl
C01520,Harsh Iyer,6047506243,harsh.iyer66@gmail.com,1987-01-27,Ahmedabad,full,2024-05-09,harsh6243@okbank
C01521,Amit Desai,9851480616,,1999-07-27,Pune,min,2022-10-04,amit0616@okbank
C01522,Karan Patel,6030566771,,1976-07-07,Pune,min,2026-04-10,karan6771@ybl
C01523,Vijay Khan,7316271218,vijay.khan61@gmail.com,1985-08-22,Pune,pending,2022-09-15,vijay1218@hdfcbank
C01524,Vikram Pillai,7858143187,vikram.pillai73@gmail.com,1995-08-03,Ahmedabad,full,2022-12-28,vikram3187@okbank
C01525,Rahul Nair,8229342405,,1987-01-12,Chennai,full,2025-04-19,rahul2405@paytm
C01526,Vijay Pillai,9810103306,,1997-08-07,Lucknow,full,2021-10-03,vijay3306@okbank
C01527,Harsh Iyer,8366175055,,2001-11-30,,min,2023-10-13,harsh5055@paytm
C01528,Swati Joshi,9913813709,,1975-04-13,Chennai,full,2021-07-14,swati3709@hdfcbank
C01529,Kavita Menon,7429259093,,,Lucknow,full,2020-04-27,kavita9093@sbi
C01530,Tarun Khan,7683797638,,,Chennai,min,2022-06-18,tarun7638@icici
C01531,Fatima Desai,6114550334,fatima.desai69@gmail.com,1973-10-24,Jaipur,min,2022-10-09,fatima0334@hdfcbank
C01532,Rahul Menon,8959078691,,1979-05-27,Pune,full,2020-07-26,rahul8691@icici
C01533,Isha Bose,7247155562,,2005-06-26,Hyderabad,full,2025-03-25,isha5562@axl
C01534,Harsh Pillai,9585469699,,1980-10-07,Pune,full,2020-12-20,harsh9699@axl
C01535,Harsh Khan,8795636577,harsh.khan58@gmail.com,2002-12-08,Kolkata,min,2025-11-04,harsh6577@axl
C01536,Pooja Chopra,8698962249,pooja.chopra88@gmail.com,1983-09-01,Hyderabad,full,2025-12-06,pooja2249@sbi
C01537,Meera Khan,9692278913,meera.khan10@gmail.com,1984-03-31,Pune,full,2020-08-20,meera8913@ybl
C01538,Deepak Pillai,6467938479,,2005-07-30,,full,2020-03-23,deepak8479@okbank
C01539,Harsh Reddy,8649296064,harsh.reddy50@gmail.com,1995-10-21,Delhi,min,2024-04-01,harsh6064@paytm
C01540,Suresh Menon,7311752215,suresh.menon81@gmail.com,1991-07-06,Bengaluru,pending,2022-09-06,suresh2215@axl
C01541,Amit Khan,9312678242,amit.khan99@gmail.com,1965-10-24,Pune,full,2024-12-24,amit8242@ybl
C01542,Anjali Shaikh,8857334991,,1964-09-03,Kolkata,full,2023-08-06,anjali4991@okbank
C01543,Isha Das,8771152606,,2003-11-07,Mumbai,min,2022-10-10,
C01544,V. Iyer,7952703253,vijay.iyer9@gmail.com,1961-05-24,Hyderabad,full,2022-10-14,vijay3253@hdfcbank
C01545,Vijay Shaikh,7744458372,vijay.shaikh79@gmail.com,1973-04-13,Jaipur,full,2024-04-07,vijay8372@icici
C01546,Harsh Shaikh,6017257989,,1999-01-18,Lucknow,full,2024-05-10,harsh7989@ybl
C01547,Nisha Sharma,9170690796,,1976-06-28,Mumbai,full,2019-11-13,nisha0796@hdfcbank
C01548,Ritu Verma,9441110667,ritu.verma63@gmail.com,1981-09-29,Lucknow,min,2025-08-08,ritu0667@axl
C01549,Ritu Khan,6030014881,ritu.khan14@gmail.com,1974-01-14,Ahmedabad,full,2021-03-22,ritu4881@sbi
C01550,Vikram Verma,8254587890,,1978-05-13,Bengaluru,full,2020-08-08,vikram7890@hdfcbank
C01551,M. Pillai,6927351840,,1998-05-29,Mumbai,min,2023-06-11,meera1840@sbi
C01552,Harsh Mehta,7325645500,harsh.mehta27@gmail.com,1985-06-16,Kolkata,full,2021-03-02,harsh5500@sbi
C01553,Tarun Desai,9913305598,,1967-05-23,Kolkata,full,2021-07-05,tarun5598@okbank
C01554,Swati Chopra,6690375026,,1997-01-05,Kolkata,full,2021-02-14,swati5026@hdfcbank
C01555,Imran Pillai,7887916236,imran.pillai8@gmail.com,1968-06-19,Kolkata,min,2025-06-19,imran6236@icici
C01556,Rahul Bose,9074676483,rahul.bose63@gmail.com,1964-07-15,Jaipur,full,2025-04-04,rahul6483@axl
C01557,Neha Joshi,7295754194,,1965-10-26,Chennai,pending,2025-05-22,neha4194@okbank
C01558,Fatima Verma,6470131651,fatima.verma26@gmail.com,1981-08-08,Lucknow,full,2025-07-01,fatima1651@okbank
C01559,Ritu Desai,9246696845,ritu.desai60@gmail.com,2001-06-28,Hyderabad,full,2024-07-17,ritu6845@paytm
C01560,Nisha Desai,8612417229,,1993-11-14,Delhi,pending,2024-04-24,nisha7229@ybl
C01561,Imran Shaikh,9776457970,imran.shaikh5@gmail.com,1989-09-24,Chennai,full,2025-06-04,imran7970@hdfcbank
C01562,Nisha Verma,8563525009,nisha.verma26@gmail.com,1991-04-10,Ahmedabad,full,2023-03-29,nisha5009@axl
C01563,Rohan Nair,8065227397,,1970-10-21,Delhi,pending,2025-05-27,rohan7397@axl
C01564,Farhan Patel,8445593212,,1997-12-20,Delhi,full,2024-01-25,farhan3212@okbank
C01565,Rohan Menon,6801641696,rohan.menon95@gmail.com,1973-01-17,Mumbai,full,2022-09-11,rohan1696@paytm
C01566,M. Bose,9951698846,,1986-02-15,Jaipur,full,2026-05-12,manish8846@paytm
C01567,Imran Singh,9796980444,,1965-04-03,Hyderabad,full,2024-10-19,imran0444@icici
C01568,Harsh Shaikh,9554423242,harsh.shaikh33@gmail.com,1967-03-20,Pune,full,2025-02-13,harsh3242@icici
C01569,Tarun Sharma,8946399528,tarun.sharma44@gmail.com,1963-06-11,Delhi,full,2023-04-17,tarun9528@hdfcbank
C01570,A. Chopra,7473189481,anjali.chopra8@gmail.com,1972-11-14,Pune,min,2025-09-20,anjali9481@hdfcbank
C01571,Meera Mehta,8589107492,meera.mehta89@gmail.com,1965-09-29,Pune,min,2024-06-10,meera7492@hdfcbank
C01572,Meera Iyer,8283108105,,1962-04-15,Jaipur,full,2024-05-01,meera8105@icici
C01573,Sanjay Shaikh,6383834247,,1987-08-07,Delhi,full,2026-02-04,sanjay4247@ybl
C01574,Vijay Patel,7955409863,vijay.patel24@gmail.com,1988-10-29,Bengaluru,full,2024-08-30,vijay9863@axl
C01575,Tarun Verma,8126816590,tarun.verma88@gmail.com,1976-01-14,Pune,min,2026-03-25,tarun6590@ybl
C01576,A. Khan,9975197711,anjali.khan59@gmail.com,2002-07-08,Kolkata,pending,2023-09-09,anjali7711@ybl
C01577,Pooja Nair,9990158268,pooja.nair59@gmail.com,1994-01-15,Jaipur,full,2021-08-25,pooja8268@ybl
C01578,Aarti Yadav,9670333529,,2002-06-23,Pune,min,2024-12-30,aarti3529@ybl
C01579,Rahul Joshi,7707132467,rahul.joshi11@gmail.com,1981-01-01,Lucknow,min,2021-04-12,rahul2467@axl
C01580,Priya Shaikh,9959356836,priya.shaikh17@gmail.com,1981-11-21,Ahmedabad,full,2022-07-26,priya6836@sbi
C01581,Suresh Nair,9421189153,suresh.nair86@gmail.com,2002-09-28,Jaipur,full,2021-09-02,suresh9153@ybl
C01582,Manish Pillai,8940465209,manish.pillai89@gmail.com,1965-03-27,Pune,min,2023-09-02,manish5209@icici
C01583,Priya Gupta,9071235085,,1967-10-17,Mumbai,full,2026-03-24,priya5085@okbank
C01584,Imran Nair,7341645499,,1993-10-27,Lucknow,full,2022-04-16,imran5499@sbi
C01585,Karan Pillai,8633836635,karan.pillai72@gmail.com,1968-06-12,Jaipur,full,2020-08-26,karan6635@paytm
C01586,Pooja Desai,8961881998,pooja.desai35@gmail.com,2005-11-30,,min,2025-08-01,pooja1998@sbi
C01587,A. Desai,7083221808,amit.desai64@gmail.com,1973-02-27,Jaipur,min,2023-06-24,amit1808@sbi
C01588,Sunita Menon,7308381977,sunita.menon24@gmail.com,1986-07-11,Hyderabad,full,2024-06-23,sunita1977@icici
C01589,Deepak Sharma,8070507635,deepak.sharma2@gmail.com,1966-06-27,Mumbai,full,2021-01-19,deepak7635@icici
C01590,Aarti Gupta,7340909177,aarti.gupta4@gmail.com,1981-12-04,Hyderabad,min,2022-04-21,aarti9177@sbi
C01591,Ritu Desai,9684412811,,1963-04-30,Bengaluru,min,2024-02-18,ritu2811@icici
C01592,Amit Joshi,8515656756,amit.joshi59@gmail.com,1988-02-05,Chennai,full,2025-02-07,amit6756@hdfcbank
C01593,Vijay Patel,7135824178,vijay.patel41@gmail.com,1996-10-08,Jaipur,full,2023-01-18,vijay4178@axl
C01594,Swati Reddy,6687408022,swati.reddy23@gmail.com,1975-04-04,Mumbai,min,2023-08-17,swati8022@paytm
C01595,Rahul Chopra,6257384373,rahul.chopra90@gmail.com,2002-03-15,Bengaluru,full,2022-03-09,rahul4373@hdfcbank
C01596,Rahul Reddy,9950687738,rahul.reddy39@gmail.com,2000-06-06,Mumbai,pending,2019-12-27,rahul7738@icici
C01597,Meera Kulkarni,9036458362,meera.kulkarni13@gmail.com,1973-04-14,Pune,full,2021-03-30,meera8362@okbank
C01598,Nisha Mehta,6758065112,,1963-10-01,Kolkata,full,2020-06-03,nisha5112@hdfcbank
C01599,Tarun Menon,7662378418,,1990-02-28,,min,2024-10-30,tarun8418@axl
C01600,Rohan Das,8916154023,rohan.das71@gmail.com,,Pune,full,2020-05-01,rohan4023@icici
C01601,Tarun Pillai,7120222334,tarun.pillai9@gmail.com,1985-07-15,Ahmedabad,full,2021-01-14,tarun2334@axl
C01602,P. Chopra,6141385402,,1988-02-01,,full,2025-03-04,pooja5402@axl
C01603,A. Das,9113230431,amit.das15@gmail.com,1995-09-11,Mumbai,min,2022-03-18,amit0431@okbank
C01604,S. Sharma,8372991393,sunita.sharma87@gmail.com,1983-12-03,Pune,full,2025-05-31,sunita1393@paytm
C01605,Tarun Nair,8235670200,,1998-02-10,Bengaluru,full,2024-09-26,tarun0200@ybl
C01606,Fatima Nair,7667778355,fatima.nair75@gmail.com,1965-12-19,Lucknow,full,2021-05-11,fatima8355@okbank
C01607,Vikram Desai,6493504628,vikram.desai68@gmail.com,1962-09-24,Pune,full,2020-07-01,
C01608,S. Chopra,9061457581,swati.chopra70@gmail.com,1977-04-05,Lucknow,pending,2023-07-23,swati7581@paytm
C01609,Anjali Khan,6974698135,anjali.khan94@gmail.com,1962-01-28,Delhi,full,2025-09-01,anjali8135@axl
C01610,A. Yadav,8631314221,anjali.yadav70@gmail.com,1985-12-26,Ahmedabad,min,2025-05-24,anjali4221@axl
C01611,Imran Sharma,9591726497,imran.sharma27@gmail.com,1982-06-24,Mumbai,min,2020-01-25,imran6497@paytm
C01612,I. Joshi,7688833198,isha.joshi98@gmail.com,1979-02-14,,full,2020-06-02,isha3198@hdfcbank
C01613,S. Chopra,6601836948,,1991-08-27,Ahmedabad,full,2025-09-09,sanjay6948@hdfcbank
C01614,Tarun Bose,8070719134,tarun.bose3@gmail.com,1983-11-04,Kolkata,min,2025-07-02,tarun9134@okbank
C01615,Vikram Pillai,9337392775,vikram.pillai81@gmail.com,1991-03-10,Bengaluru,full,2021-01-01,vikram2775@paytm
C01616,Fatima Menon,6631917750,fatima.menon50@gmail.com,1975-08-31,Bengaluru,full,2020-01-03,fatima7750@icici
C01617,Meera Sharma,7537298630,meera.sharma57@gmail.com,1988-08-01,Kolkata,min,2020-06-23,meera8630@ybl
C01618,R. Reddy,9075948475,,1998-05-28,Kolkata,min,2019-11-30,rahul8475@ybl
C01619,Aarti Verma,7221647589,aarti.verma85@gmail.com,1976-10-16,Lucknow,full,2025-10-02,aarti7589@hdfcbank
C01620,Swati Nair,8344360511,swati.nair92@gmail.com,1985-05-09,Jaipur,full,2022-06-29,swati0511@okbank
C01621,Karan Khan,7041690176,karan.khan49@gmail.com,1983-12-10,Chennai,full,2022-04-03,karan0176@sbi
C01622,Ritu Verma,9787033436,,1985-05-20,Jaipur,full,2021-01-18,ritu3436@paytm
C01623,Farhan Menon,7465073827,,1997-08-15,Lucknow,pending,2024-03-28,farhan3827@ybl
C01624,Rohan Khan,7534772178,,1980-08-28,Jaipur,min,2024-04-30,rohan2178@paytm
C01625,Pooja Gupta,9877055129,pooja.gupta51@gmail.com,1964-01-21,Pune,min,2026-04-17,pooja5129@paytm
C01626,Tarun Reddy,6658223703,tarun.reddy4@gmail.com,2004-09-05,Ahmedabad,min,2026-04-11,tarun3703@paytm
C01627,Priya Pillai,8761953096,priya.pillai36@gmail.com,1987-07-16,Chennai,min,2022-06-02,priya3096@paytm
C01628,Divya Chopra,7464021819,divya.chopra93@gmail.com,1999-06-17,Ahmedabad,full,2024-02-16,divya1819@paytm
C01629,Aarti Pillai,6249496860,aarti.pillai68@gmail.com,1994-05-27,Mumbai,full,2025-05-10,aarti6860@icici
C01630,Manish Shaikh,8776710487,,1997-04-26,Mumbai,full,2021-04-14,manish0487@ybl
C01631,Amit Joshi,9253680511,amit.joshi90@gmail.com,2003-02-21,Kolkata,full,2025-04-05,amit0511@paytm
C01632,Nisha Yadav,8264523505,,1992-03-17,Chennai,min,2023-03-18,nisha3505@sbi
C01633,Deepak Das,7004018018,,2002-12-18,Pune,full,2022-03-14,deepak8018@ybl
C01634,Sanjay Yadav,7781725229,,1999-03-24,Kolkata,full,2025-05-04,sanjay5229@icici
C01635,Rahul Joshi,9390497437,rahul.joshi68@gmail.com,1978-09-27,Jaipur,full,2022-05-06,rahul7437@axl
C01636,M. Verma,6549297665,,1962-04-20,Hyderabad,full,2020-11-29,meera7665@hdfcbank
C01637,Meera Pillai,8242924507,meera.pillai47@gmail.com,1990-03-18,Bengaluru,full,2019-12-30,meera4507@okbank
C01638,Isha Patel,7473405759,isha.patel6@gmail.com,1985-07-14,Pune,min,2022-06-09,isha5759@okbank
C01639,Arjun Bose,6370255562,arjun.bose75@gmail.com,1975-11-03,Hyderabad,pending,2023-01-27,arjun5562@hdfcbank
C01640,Suresh Kulkarni,8118638505,suresh.kulkarni4@gmail.com,1965-01-14,Pune,full,2022-12-08,suresh8505@sbi
C01641,Tarun Joshi,6244475684,tarun.joshi1@gmail.com,1977-09-17,Bengaluru,full,2022-08-17,tarun5684@okbank
C01642,Divya Menon,9777690733,divya.menon63@gmail.com,,Pune,full,2024-12-12,divya0733@hdfcbank
C01643,Nisha Kulkarni,6123770574,nisha.kulkarni39@gmail.com,1962-01-14,Delhi,pending,2026-01-25,nisha0574@okbank
C01644,Divya Yadav,6903076025,,1971-05-27,Pune,pending,2022-03-24,divya6025@okbank
C01645,M. Singh,7855046000,manish.singh16@gmail.com,1988-12-02,Lucknow,pending,2019-09-19,manish6000@hdfcbank
C01646,Harsh Menon,8097609280,,1978-06-21,Hyderabad,full,2024-08-02,harsh9280@ybl
C01647,Nisha Verma,7469435372,,1961-08-15,Kolkata,full,2025-08-26,nisha5372@axl
C01648,Vijay Verma,7995894401,,1999-09-22,Mumbai,min,2025-09-15,vijay4401@icici
C01649,Sunita Khan,7866203577,sunita.khan82@gmail.com,1973-03-04,Mumbai,full,2024-09-22,sunita3577@ybl
C01650,Nisha Mehta,9567988876,nisha.mehta16@gmail.com,1997-04-18,Ahmedabad,full,2023-03-09,nisha8876@paytm
C01651,Amit Patel,7787017798,,1962-03-13,Hyderabad,full,2021-11-07,amit7798@hdfcbank
C01652,Ritu Chopra,6285243280,,1997-03-29,Mumbai,full,2022-09-09,ritu3280@hdfcbank
C01653,Harsh Khan,9235265850,,1984-02-20,Bengaluru,min,2023-05-05,harsh5850@okbank
C01654,Ritu Sharma,8648691866,ritu.sharma54@gmail.com,1986-10-22,Jaipur,full,2022-01-14,ritu1866@icici
C01655,N. Singh,9994561963,neha.singh47@gmail.com,1989-09-22,Lucknow,pending,2024-11-27,
C01656,Aarti Yadav,9073754735,,1985-03-25,Kolkata,min,2019-10-01,aarti4735@axl
C01657,Priya Kulkarni,8387821884,priya.kulkarni31@gmail.com,1972-11-08,Pune,full,2024-10-05,priya1884@paytm
C01658,Arjun Mehta,7378038833,arjun.mehta4@gmail.com,1966-08-11,Jaipur,full,2022-05-11,arjun8833@hdfcbank
C01659,Vijay Sharma,8983711290,,1981-08-18,Hyderabad,min,2023-09-13,vijay1290@ybl
C01660,Ritu Patel,7959821896,ritu.patel69@gmail.com,1967-09-28,Hyderabad,min,2020-05-19,ritu1896@hdfcbank
C01661,Farhan Reddy,9847180194,farhan.reddy8@gmail.com,1974-03-19,Pune,full,2020-11-24,farhan0194@icici
C01662,Priya Sharma,6851393477,priya.sharma70@gmail.com,2000-01-18,Pune,min,2022-05-12,priya3477@icici
C01663,Swati Das,7473551746,swati.das23@gmail.com,1989-03-22,Hyderabad,full,2024-05-02,swati1746@ybl
C01664,P. Patel,9967539235,priya.patel48@gmail.com,1977-10-01,Ahmedabad,pending,2024-08-20,priya9235@okbank
C01665,Meera Kulkarni,9755927847,meera.kulkarni50@gmail.com,1972-08-10,Mumbai,min,2022-11-26,meera7847@ybl
C01666,Isha Kulkarni,8617730642,isha.kulkarni64@gmail.com,1968-05-17,,min,2023-06-19,
C01667,Aarti Kulkarni,6221759342,aarti.kulkarni83@gmail.com,1979-05-15,Pune,full,2021-01-17,aarti9342@okbank
C01668,Pooja Gupta,8791460002,pooja.gupta79@gmail.com,1988-02-22,Pune,full,2019-09-10,pooja0002@icici
C01669,Farhan Menon,8876750950,,1972-09-27,Delhi,full,2019-10-17,farhan0950@ybl
C01670,Imran Shaikh,7542892112,,1989-11-04,Hyderabad,full,2021-06-29,imran2112@okbank
C01671,Priya Joshi,7753482423,,1992-09-10,Kolkata,full,2021-05-18,priya2423@sbi
C01672,Kavita Khan,6816518284,,1975-10-22,Jaipur,full,2023-06-26,kavita8284@hdfcbank
C01673,Rohan Reddy,7102769417,rohan.reddy32@gmail.com,1997-02-03,Kolkata,min,2021-12-18,rohan9417@okbank
C01674,Priya Iyer,7292382851,,1988-09-30,Kolkata,full,2024-09-09,priya2851@paytm
C01675,Swati Kulkarni,7464737972,swati.kulkarni81@gmail.com,1969-07-05,Delhi,min,2022-08-17,swati7972@icici
C01676,Harsh Menon,8520251174,,1996-05-03,Chennai,full,2024-06-05,harsh1174@sbi
C01677,F. Chopra,9327427025,,1992-01-18,Pune,min,2020-03-10,fatima7025@okbank
C01678,M. Chopra,7160881800,meera.chopra92@gmail.com,1981-02-03,Lucknow,full,2022-12-18,meera1800@icici
C01679,Sneha Reddy,9941096085,sneha.reddy12@gmail.com,1996-04-30,Delhi,min,2022-02-08,sneha6085@hdfcbank
C01680,Rahul Joshi,6392604936,,,Jaipur,full,2026-01-03,rahul4936@icici
C01681,Aarti Iyer,7442137541,,,Chennai,min,2021-02-27,aarti7541@okbank
C01682,Nisha Yadav,7184163684,,,Pune,min,2024-05-13,nisha3684@axl
C01683,Manish Shaikh,8455657073,manish.shaikh38@gmail.com,2003-07-21,Pune,pending,2020-10-19,manish7073@sbi
C01684,Arjun Reddy,9280313448,,1992-06-17,,full,2023-06-17,arjun3448@axl
C01685,S. Kulkarni,8869738828,,1983-09-04,Chennai,min,2024-12-17,sanjay8828@paytm
C01686,Imran Chopra,7607676326,,1990-11-09,Mumbai,full,2022-07-01,imran6326@paytm
C01687,Divya Gupta,7159516263,,1964-11-06,Hyderabad,min,2026-02-02,divya6263@sbi
C01688,Aarti Nair,6373192018,aarti.nair72@gmail.com,1973-08-31,Kolkata,full,2023-11-01,aarti2018@hdfcbank
C01689,Meera Reddy,7894629798,meera.reddy23@gmail.com,1964-05-08,Pune,full,2024-11-19,meera9798@sbi
C01690,K. Desai,7777280014,,1965-01-11,Jaipur,min,2025-03-07,karan0014@axl
C01691,Anjali Bose,8545459800,anjali.bose42@gmail.com,,Pune,min,2021-05-27,anjali9800@hdfcbank
C01692,Fatima Bose,7808376107,fatima.bose36@gmail.com,1963-08-09,Kolkata,min,2021-02-21,fatima6107@paytm
C01693,Amit Menon,6952798514,amit.menon40@gmail.com,1983-10-01,Chennai,full,2019-10-27,amit8514@icici
C01694,Sunita Reddy,7494367057,sunita.reddy98@gmail.com,1997-04-15,Chennai,full,2026-01-30,sunita7057@hdfcbank
C01695,Fatima Verma,9576352982,fatima.verma76@gmail.com,1992-07-07,Jaipur,full,2022-09-25,fatima2982@axl
C01696,Anjali Nair,7456185826,,1995-12-27,Hyderabad,full,2025-06-28,anjali5826@sbi
C01697,Ritu Bose,8998569950,ritu.bose69@gmail.com,1977-09-15,Mumbai,full,2022-04-01,ritu9950@sbi
C01698,Meera Desai,6132901964,meera.desai35@gmail.com,1978-07-28,Pune,full,2019-09-07,meera1964@hdfcbank
C01699,Swati Kulkarni,8202461388,swati.kulkarni47@gmail.com,1977-02-24,Jaipur,full,2024-08-01,swati1388@okbank
C01700,Deepak Desai,8259022656,,1995-07-01,Ahmedabad,full,2025-10-17,deepak2656@paytm
C01701,Farhan Verma,7909224937,farhan.verma16@gmail.com,2004-07-20,Lucknow,full,2024-02-15,farhan4937@icici
C01702,H. Mehta,8283011678,harsh.mehta32@gmail.com,2000-03-03,Hyderabad,min,2019-11-02,harsh1678@paytm
C01703,S. Das,8667760952,swati.das16@gmail.com,1972-02-14,Lucknow,full,2022-09-26,swati0952@hdfcbank
C01704,Suresh Yadav,9170725517,,1990-03-10,Mumbai,full,2024-11-21,suresh5517@axl
C01705,Farhan Joshi,6234853767,farhan.joshi86@gmail.com,1979-11-15,Chennai,min,2020-09-18,farhan3767@icici
C01706,Vikram Khan,7473744438,,1994-03-11,Hyderabad,min,2025-02-05,vikram4438@ybl
C01707,Anjali Pillai,7440478852,,1988-11-10,Lucknow,min,2021-10-01,anjali8852@sbi
C01708,Meera Khan,7634813530,meera.khan83@gmail.com,1976-02-21,Jaipur,full,2023-06-18,meera3530@icici
C01709,Aarti Khan,7463102316,,1985-10-15,Delhi,full,2025-11-11,aarti2316@okbank
C01710,Karan Menon,7736389894,karan.menon40@gmail.com,1980-04-05,,full,2020-12-28,karan9894@axl
C01711,Kavita Desai,8738504720,,1968-12-19,Chennai,pending,2021-02-16,kavita4720@icici
C01712,Deepak Pillai,9525876986,,1998-09-14,Mumbai,full,2020-08-11,deepak6986@icici
C01713,Nisha Sharma,6037101811,,1986-07-29,Mumbai,full,2024-04-15,nisha1811@axl
C01714,Meera Gupta,9510625416,meera.gupta48@gmail.com,1966-08-20,Ahmedabad,full,2024-01-18,meera5416@icici
C01715,Suresh Singh,9742888752,suresh.singh98@gmail.com,1969-04-26,Bengaluru,full,2021-11-17,suresh8752@sbi
C01716,Sunita Shaikh,8204577754,,1982-07-01,Jaipur,full,2022-09-30,sunita7754@icici
C01717,Swati Joshi,8613409282,swati.joshi59@gmail.com,1991-01-19,Pune,full,2022-10-01,swati9282@paytm
C01718,Vijay Reddy,8013778982,,1995-11-12,Kolkata,full,2020-08-04,vijay8982@okbank
C01719,Vijay Pillai,7276813410,vijay.pillai70@gmail.com,2002-12-17,Pune,full,2020-02-28,vijay3410@hdfcbank
C01720,Nisha Patel,7543853502,nisha.patel55@gmail.com,1990-07-31,Chennai,full,2022-10-07,nisha3502@axl
C01721,Nisha Das,9550838137,nisha.das55@gmail.com,1999-01-27,Hyderabad,min,2019-09-02,nisha8137@paytm
C01722,Sneha Yadav,6319387101,,1999-09-11,Jaipur,full,2025-04-19,sneha7101@hdfcbank
C01723,Pooja Mehta,6609390331,pooja.mehta34@gmail.com,,Chennai,min,2020-04-12,pooja0331@paytm
C01724,Rohan Reddy,7875984914,rohan.reddy16@gmail.com,1965-04-10,Hyderabad,full,2024-02-15,rohan4914@icici
C01725,Neha Bose,6740165396,neha.bose98@gmail.com,1987-07-06,Lucknow,min,2021-11-10,neha5396@paytm
C01726,V. Chopra,6736012398,vijay.chopra63@gmail.com,1965-01-06,Hyderabad,pending,2026-05-07,vijay2398@axl
C01727,Sunita Das,6240789154,,1991-06-06,Pune,min,2025-03-07,sunita9154@paytm
C01728,Vijay Verma,8264204430,vijay.verma13@gmail.com,1980-11-20,Pune,full,2021-10-10,vijay4430@paytm
C01729,Vikram Khan,8431410264,vikram.khan22@gmail.com,1966-02-26,Bengaluru,full,2022-11-23,vikram0264@okbank
C01730,D. Shaikh,9053979058,divya.shaikh13@gmail.com,2001-09-12,Lucknow,full,2024-05-24,divya9058@ybl
C01731,Aarti Gupta,7082253083,aarti.gupta51@gmail.com,1966-01-12,Jaipur,full,2024-04-21,aarti3083@ybl
C01732,Vijay Nair,7327766751,,,Hyderabad,full,2025-09-09,vijay6751@paytm
C01733,Karan Singh,6613329223,karan.singh83@gmail.com,1994-01-16,Hyderabad,full,2025-10-28,karan9223@okbank
C01734,Sanjay Nair,7446170920,sanjay.nair22@gmail.com,,Chennai,min,2024-07-07,sanjay0920@icici
C01735,Isha Pillai,9068354633,isha.pillai41@gmail.com,1969-06-21,Jaipur,pending,2023-10-06,isha4633@axl
C01736,Farhan Patel,6678576526,farhan.patel16@gmail.com,2004-10-16,Lucknow,full,2022-03-15,farhan6526@paytm
C01737,Ritu Nair,8037698893,ritu.nair96@gmail.com,1979-03-07,Chennai,full,2020-11-02,ritu8893@hdfcbank
C01738,Manish Nair,9105646745,,1975-05-14,Kolkata,full,2024-12-21,manish6745@hdfcbank
C01739,Kavita Shaikh,6706928502,,1961-04-25,Ahmedabad,full,2021-03-05,kavita8502@okbank
C01740,F. Kulkarni,7538664887,fatima.kulkarni55@gmail.com,1968-08-05,Hyderabad,min,2021-03-18,fatima4887@ybl
C01741,Priya Singh,8467930423,priya.singh24@gmail.com,1993-06-24,Kolkata,min,2020-02-08,priya0423@axl
C01742,Neha Das,6932989677,,1976-09-03,Chennai,full,2020-11-08,neha9677@paytm
C01743,Rohan Bose,9615574459,,,Jaipur,full,2023-09-28,rohan4459@paytm
C01744,Kavita Gupta,8354137860,,1995-02-02,Hyderabad,full,2019-12-08,kavita7860@okbank
C01745,P. Pillai,6595220625,priya.pillai38@gmail.com,1980-06-12,Mumbai,full,2022-01-02,priya0625@icici
C01746,Pooja Mehta,8160525441,pooja.mehta74@gmail.com,1977-09-18,Ahmedabad,full,2019-10-16,pooja5441@hdfcbank
C01747,D. Singh,9298124449,divya.singh6@gmail.com,1961-09-22,Pune,full,2023-04-24,divya4449@axl
C01748,Vikram Verma,8346775429,vikram.verma90@gmail.com,1988-01-11,Pune,full,2022-11-02,vikram5429@ybl
C01749,Isha Patel,6640584020,,1977-11-16,Kolkata,full,2022-03-26,isha4020@sbi
C01750,Ritu Nair,7115879853,ritu.nair38@gmail.com,1996-11-11,Lucknow,min,2023-11-11,ritu9853@hdfcbank
C01751,Priya Verma,6014746381,,1961-02-15,,min,2025-08-15,priya6381@icici
C01752,Ritu Singh,7978539357,ritu.singh59@gmail.com,1967-12-17,Delhi,full,2020-10-25,ritu9357@okbank
C01753,Divya Kulkarni,6688296339,divya.kulkarni16@gmail.com,1990-01-04,Hyderabad,full,2024-08-04,divya6339@okbank
C01754,Pooja Mehta,8766122487,pooja.mehta59@gmail.com,1983-01-30,Hyderabad,full,2022-02-06,pooja2487@sbi
C01755,Isha Nair,9670079590,isha.nair58@gmail.com,1993-01-26,Delhi,full,2022-08-20,isha9590@ybl
C01756,V. Patel,7012130593,vikram.patel99@gmail.com,1983-09-16,Delhi,full,2022-08-26,vikram0593@paytm
C01757,Nisha Reddy,9370595934,nisha.reddy65@gmail.com,1989-08-31,Ahmedabad,full,2025-04-22,nisha5934@axl
C01758,M. Verma,8185188612,manish.verma32@gmail.com,1985-04-03,Ahmedabad,full,2025-03-07,manish8612@paytm
C01759,Harsh Bose,8635118419,harsh.bose35@gmail.com,1975-07-24,Mumbai,full,2023-01-12,harsh8419@okbank
C01760,Tarun Bose,8749554656,tarun.bose44@gmail.com,1974-03-06,Jaipur,full,2019-09-09,tarun4656@okbank
C01761,Nisha Mehta,6932619377,nisha.mehta53@gmail.com,1963-04-14,Delhi,full,2025-09-22,nisha9377@icici
C01762,Priya Das,9851925997,priya.das80@gmail.com,1974-03-28,Hyderabad,full,2022-01-04,priya5997@sbi
C01763,Sneha Sharma,7399815404,sneha.sharma9@gmail.com,1995-07-13,Mumbai,full,2024-11-27,sneha5404@icici
C01764,Isha Shaikh,9939784804,isha.shaikh35@gmail.com,1991-04-30,Bengaluru,min,2025-11-01,isha4804@okbank
C01765,Neha Das,6068589178,neha.das11@gmail.com,1973-05-05,,full,2021-07-27,neha9178@paytm
C01766,Sunita Menon,7548797256,sunita.menon15@gmail.com,1980-09-11,Ahmedabad,min,2020-03-26,sunita7256@ybl
C01767,Sanjay Reddy,7746549926,sanjay.reddy19@gmail.com,1981-11-02,Chennai,pending,2021-04-18,sanjay9926@hdfcbank
C01768,Ritu Desai,8500451012,ritu.desai70@gmail.com,2002-12-13,Mumbai,full,2021-02-25,ritu1012@hdfcbank
C01769,Rahul Menon,8566737457,rahul.menon53@gmail.com,1998-03-13,Bengaluru,min,2023-10-02,rahul7457@icici
C01770,Manish Das,6685721953,manish.das49@gmail.com,1978-08-07,Pune,min,2022-09-29,manish1953@icici
C01771,P. Pillai,9261790543,priya.pillai44@gmail.com,1981-09-02,Kolkata,full,2022-06-06,priya0543@axl
C01772,Rahul Nair,6449121845,,2002-10-26,Mumbai,pending,2024-03-10,rahul1845@hdfcbank
C01773,Harsh Menon,6100756773,,1988-07-24,Jaipur,min,2022-10-29,harsh6773@ybl
C01774,Sneha Yadav,8947480382,sneha.yadav64@gmail.com,1970-06-08,Mumbai,pending,2020-10-07,sneha0382@sbi
C01775,Harsh Shaikh,8752808550,harsh.shaikh92@gmail.com,1998-06-16,Hyderabad,full,2022-03-30,harsh8550@axl
C01776,Neha Khan,6537000590,neha.khan31@gmail.com,2003-03-22,Ahmedabad,full,2024-04-08,neha0590@ybl
C01777,Ritu Pillai,9882101342,,1979-05-22,Hyderabad,full,2025-03-31,ritu1342@okbank
C01778,Swati Verma,6230611337,,1988-03-23,Bengaluru,full,2021-02-13,swati1337@hdfcbank
C01779,Pooja Desai,8486103778,,,Ahmedabad,pending,2021-04-29,pooja3778@sbi
C01780,Isha Das,6246125556,isha.das72@gmail.com,1975-06-04,,full,2021-01-27,isha5556@ybl
C01781,Priya Pillai,8374586782,priya.pillai24@gmail.com,1971-03-08,Ahmedabad,full,2026-01-27,priya6782@sbi
C01782,Nisha Verma,7673433157,nisha.verma84@gmail.com,1990-03-09,Pune,min,2024-11-04,nisha3157@okbank
C01783,Anjali Desai,7754630458,,2001-12-02,,full,2025-10-21,anjali0458@axl
C01784,D. Reddy,9520836776,,1984-12-14,Hyderabad,pending,2026-01-05,divya6776@sbi
C01785,Farhan Bose,7681919741,farhan.bose9@gmail.com,1961-10-27,Hyderabad,full,2022-12-08,farhan9741@sbi
C01786,Sneha Joshi,9146509089,sneha.joshi61@gmail.com,1988-11-13,Ahmedabad,full,2020-12-29,sneha9089@okbank
C01787,Vijay Shaikh,7739465408,vijay.shaikh75@gmail.com,1971-07-17,Ahmedabad,full,2026-04-06,vijay5408@ybl
C01788,Imran Verma,8627418675,imran.verma67@gmail.com,2004-04-28,Hyderabad,min,2025-09-29,imran8675@hdfcbank
C01789,Aarti Gupta,6845795281,aarti.gupta10@gmail.com,2002-11-28,Mumbai,full,2020-07-02,aarti5281@okbank
C01790,Amit Bose,9721023335,amit.bose17@gmail.com,1972-03-10,Bengaluru,full,2019-10-01,amit3335@okbank
C01791,Pooja Nair,7941833629,,1990-08-30,Pune,full,2022-11-18,pooja3629@okbank
C01792,Amit Mehta,8105901342,,,Lucknow,full,2026-01-17,amit1342@paytm
C01793,Nisha Joshi,8187492785,nisha.joshi23@gmail.com,1973-03-18,Chennai,min,2025-01-26,nisha2785@okbank
C01794,Karan Desai,8217028347,,,Ahmedabad,pending,2021-11-30,karan8347@icici
C01795,K. Singh,8858307133,kavita.singh46@gmail.com,1981-08-20,Chennai,full,2024-02-08,kavita7133@axl
C01796,Suresh Sharma,8083875586,suresh.sharma95@gmail.com,2001-06-20,Pune,full,2023-02-10,suresh5586@ybl
C01797,Farhan Chopra,9427237232,farhan.chopra90@gmail.com,1965-09-29,Mumbai,full,2022-01-30,farhan7232@icici
C01798,Anjali Menon,9174884578,anjali.menon47@gmail.com,1992-07-19,Hyderabad,min,2022-02-27,anjali4578@okbank
C01799,Rahul Nair,6482976070,,1980-12-19,Bengaluru,min,2023-08-01,rahul6070@sbi
C01800,Sanjay Khan,8681426723,sanjay.khan41@gmail.com,1981-09-26,Lucknow,full,2019-09-19,sanjay6723@icici
C01801,V. Yadav,8194749573,vijay.yadav55@gmail.com,1988-06-24,Lucknow,min,2022-06-11,vijay9573@axl
C01802,Tarun Singh,7411727617,tarun.singh26@gmail.com,1981-07-05,Bengaluru,min,2023-04-12,tarun7617@okbank
C01803,Arjun Kulkarni,7414877207,arjun.kulkarni48@gmail.com,1995-12-10,Chennai,min,2025-04-21,arjun7207@okbank
C01804,Amit Singh,6397856072,amit.singh47@gmail.com,1991-05-16,Lucknow,full,2020-07-08,amit6072@axl
C01805,T. Shaikh,9422262789,tarun.shaikh83@gmail.com,2001-12-25,Pune,min,2024-12-03,tarun2789@axl
C01806,Meera Pillai,7091034701,meera.pillai34@gmail.com,1983-07-22,Ahmedabad,full,2020-01-13,meera4701@axl
C01807,Swati Chopra,6332930515,swati.chopra57@gmail.com,1980-11-30,Mumbai,min,2020-01-17,swati0515@paytm
C01808,Harsh Gupta,9482969820,harsh.gupta65@gmail.com,1988-12-07,,full,2024-08-16,harsh9820@axl
C01809,Deepak Sharma,7470010648,,1971-11-17,Ahmedabad,full,2023-04-15,deepak0648@paytm
C01810,Deepak Mehta,9712889854,deepak.mehta50@gmail.com,1992-06-21,Delhi,full,2021-06-03,deepak9854@hdfcbank
C01811,Arjun Sharma,6788203172,arjun.sharma45@gmail.com,1980-10-30,Mumbai,full,2020-08-29,arjun3172@axl
C01812,Divya Bose,9363955032,,2000-04-09,Bengaluru,pending,2022-01-13,divya5032@sbi
C01813,Sneha Bose,9919260796,,1985-04-05,Chennai,pending,2023-07-06,sneha0796@sbi
C01814,Tarun Kulkarni,8696252489,,1994-11-19,Jaipur,full,2026-01-15,tarun2489@sbi
C01815,Karan Yadav,8690384692,karan.yadav81@gmail.com,1969-03-23,Ahmedabad,full,2023-10-08,karan4692@axl
C01816,Imran Chopra,6015817365,imran.chopra59@gmail.com,1974-03-18,Hyderabad,pending,2021-07-01,imran7365@icici
C01817,Rahul Joshi,6453054359,,1973-07-10,Mumbai,min,2023-12-11,rahul4359@axl
C01818,Vikram Chopra,6134108053,vikram.chopra49@gmail.com,1992-04-21,Lucknow,full,2023-10-17,vikram8053@ybl
C01819,Vikram Kulkarni,9057883454,vikram.kulkarni55@gmail.com,1965-02-22,Pune,full,2023-05-28,vikram3454@okbank
C01820,Arjun Khan,8492868888,,,Jaipur,min,2021-08-21,arjun8888@okbank
C01821,Priya Nair,7249770843,priya.nair34@gmail.com,1986-06-15,Pune,full,2021-07-05,priya0843@okbank
C01822,I. Yadav,9103443039,isha.yadav86@gmail.com,2006-01-01,Kolkata,full,2020-07-18,isha3039@ybl
C01823,Rohan Iyer,9586276512,,1984-03-02,Lucknow,full,2024-08-11,rohan6512@ybl
C01824,Swati Pillai,7150482960,swati.pillai39@gmail.com,1985-07-03,Ahmedabad,full,2022-06-24,swati2960@sbi
C01825,Harsh Nair,6746324520,,1969-11-10,Kolkata,min,2022-12-09,harsh4520@paytm
C01826,Aarti Yadav,9987384351,,2005-11-14,Chennai,min,2024-11-06,aarti4351@icici
C01827,Tarun Mehta,7032655559,tarun.mehta8@gmail.com,2002-12-28,Chennai,full,2023-04-29,tarun5559@ybl
C01828,A. Menon,8646557257,,1985-09-23,Mumbai,full,2021-01-17,amit7257@ybl
C01829,Arjun Pillai,6280215158,arjun.pillai70@gmail.com,1982-09-11,Mumbai,min,2025-03-14,arjun5158@okbank
C01830,Rahul Kulkarni,8253436351,rahul.kulkarni76@gmail.com,1967-09-18,Hyderabad,full,2021-04-15,rahul6351@paytm
C01831,A. Mehta,6998157023,,1996-08-27,Kolkata,pending,2021-07-28,arjun7023@ybl
C01832,Tarun Menon,9606936966,tarun.menon52@gmail.com,1970-12-12,Kolkata,full,2021-08-27,tarun6966@icici
C01833,Sneha Pillai,7389248845,,1978-02-27,Kolkata,full,2025-11-14,sneha8845@okbank
C01834,Isha Chopra,6607687881,isha.chopra6@gmail.com,2001-10-01,Bengaluru,full,2024-12-22,isha7881@okbank
C01835,Neha Nair,8738874103,neha.nair86@gmail.com,1999-02-18,Kolkata,full,2023-10-10,neha4103@icici
C01836,Suresh Khan,8111259004,,1989-02-11,Lucknow,min,2023-03-27,suresh9004@okbank
C01837,Vijay Joshi,8190209672,vijay.joshi95@gmail.com,1977-07-08,Ahmedabad,full,2019-11-12,vijay9672@axl
C01838,Rohan Nair,6370904616,,,Bengaluru,min,2020-12-07,rohan4616@sbi
C01839,Karan Nair,9344423514,,1969-09-25,Bengaluru,pending,2021-11-10,karan3514@sbi
C01840,Nisha Gupta,7758617893,nisha.gupta22@gmail.com,1969-10-24,Pune,min,2023-12-03,nisha7893@axl
C01841,Sneha Chopra,8588428586,sneha.chopra79@gmail.com,1964-11-23,Pune,full,2025-02-28,sneha8586@axl
C01842,D. Desai,7573602170,divya.desai24@gmail.com,1977-10-10,Bengaluru,full,2022-01-10,divya2170@hdfcbank
C01843,Rahul Nair,8122228757,,,Hyderabad,full,2026-05-02,rahul8757@axl
C01844,Sneha Yadav,9721585845,sneha.yadav46@gmail.com,2004-04-12,Delhi,full,2023-12-20,sneha5845@ybl
C01845,Neha Sharma,6586293749,neha.sharma67@gmail.com,2001-01-03,Chennai,full,2022-04-09,neha3749@icici
C01846,Sneha Menon,8962242123,sneha.menon16@gmail.com,1998-01-23,Ahmedabad,full,2025-09-08,sneha2123@paytm
C01847,K. Singh,9329785179,,1996-07-08,Lucknow,min,2022-05-23,karan5179@axl
C01848,Meera Sharma,6767974318,meera.sharma78@gmail.com,1985-05-29,Ahmedabad,full,2024-11-06,meera4318@okbank
C01849,Tarun Khan,8023968162,,1996-07-28,Kolkata,full,2025-08-18,tarun8162@paytm
C01850,Neha Iyer,9007151073,neha.iyer69@gmail.com,1974-05-02,Hyderabad,min,2024-04-13,neha1073@icici
C01851,Deepak Das,6096958508,deepak.das1@gmail.com,1990-06-19,Pune,min,2020-04-18,deepak8508@sbi
C01852,Nisha Joshi,9460941343,nisha.joshi91@gmail.com,1988-09-08,Ahmedabad,full,2026-05-13,nisha1343@axl
C01853,Meera Bose,7879035361,meera.bose2@gmail.com,,Bengaluru,full,2020-01-28,meera5361@hdfcbank
C01854,Isha Khan,8484638457,isha.khan82@gmail.com,1975-11-11,Jaipur,pending,2023-05-21,isha8457@sbi
C01855,Nisha Gupta,8689413927,nisha.gupta56@gmail.com,1995-08-30,Delhi,full,2022-03-04,nisha3927@hdfcbank
C01856,Harsh Menon,9776996196,harsh.menon10@gmail.com,,Mumbai,min,2022-05-18,harsh6196@okbank
C01857,Karan Shaikh,6220556212,karan.shaikh57@gmail.com,1963-06-26,Delhi,full,2024-04-12,karan6212@paytm
C01858,Aarti Khan,7449295078,aarti.khan70@gmail.com,1975-05-09,Mumbai,full,2024-01-03,aarti5078@okbank
C01859,Rahul Sharma,7201018372,,1966-12-22,Hyderabad,min,2019-10-05,rahul8372@icici
C01860,Fatima Verma,7259401668,,1982-12-21,Delhi,min,2021-04-19,fatima1668@sbi
C01861,Farhan Sharma,6666670488,farhan.sharma14@gmail.com,,Bengaluru,pending,2022-12-14,farhan0488@icici
C01862,A. Bose,9193736190,,2001-07-27,Mumbai,full,2024-11-02,aarti6190@icici
C01863,Rohan Verma,6667585727,,1971-03-26,Bengaluru,min,2024-07-14,rohan5727@okbank
C01864,D. Desai,7165173733,divya.desai75@gmail.com,1964-11-07,Bengaluru,full,2025-03-01,divya3733@okbank
C01865,Sunita Joshi,7592840704,sunita.joshi12@gmail.com,1970-12-11,Delhi,min,2021-03-01,sunita0704@hdfcbank
C01866,Ritu Sharma,7335874201,,1987-10-25,Delhi,full,2022-08-17,ritu4201@ybl
C01867,Rahul Das,7057034702,rahul.das29@gmail.com,1989-09-13,,full,2021-10-14,rahul4702@sbi
C01868,Aarti Chopra,8460062042,,1987-05-22,Mumbai,full,2020-09-12,aarti2042@ybl
C01869,Tarun Sharma,6411692755,,1971-07-28,Ahmedabad,pending,2024-12-14,tarun2755@okbank
C01870,Vikram Iyer,6824130853,,1977-01-14,Hyderabad,full,2022-11-20,vikram0853@okbank
C01871,Harsh Nair,9874623844,,1997-05-20,Pune,min,2025-05-31,harsh3844@ybl
C01872,Sunita Desai,6326956101,,1985-08-13,Chennai,min,2020-10-23,sunita6101@hdfcbank
C01873,Tarun Patel,8157001043,,2004-05-07,Jaipur,min,2025-12-19,tarun1043@ybl
C01874,Rahul Nair,8935141870,rahul.nair26@gmail.com,1992-09-12,Lucknow,min,2024-05-15,rahul1870@icici
C01875,Divya Bose,9141692778,,1962-06-05,Bengaluru,min,2023-07-23,divya2778@okbank
C01876,Arjun Desai,8722145273,arjun.desai90@gmail.com,1992-02-12,Bengaluru,min,2019-08-28,arjun5273@okbank
C01877,Aarti Khan,9298888960,,1970-05-13,Kolkata,full,2023-08-30,aarti8960@paytm
C01878,Farhan Khan,6362639447,,1998-08-24,Bengaluru,min,2024-03-25,farhan9447@paytm
C01879,Rohan Nair,8377892890,rohan.nair47@gmail.com,1970-06-11,Jaipur,full,2019-12-17,rohan2890@paytm
C01880,Deepak Joshi,7705716321,,1993-12-07,Delhi,full,2025-03-03,deepak6321@okbank
C01881,Fatima Desai,7962589142,,,Lucknow,min,2020-11-09,fatima9142@paytm
C01882,Swati Sharma,6482967228,,1976-12-01,Pune,full,2021-03-13,swati7228@hdfcbank
C01883,Sunita Reddy,6051429756,sunita.reddy85@gmail.com,1995-06-12,Bengaluru,full,2025-11-19,sunita9756@hdfcbank
C01884,M. Sharma,9473738624,,1988-10-08,Lucknow,full,2024-10-07,meera8624@hdfcbank
C01885,D. Verma,9348205193,deepak.verma33@gmail.com,1973-06-14,Pune,full,2025-12-03,deepak5193@okbank
C01886,I. Chopra,7585795219,isha.chopra98@gmail.com,1966-05-23,Ahmedabad,full,2025-07-09,isha5219@paytm
C01887,Divya Verma,9676874819,divya.verma89@gmail.com,1967-01-20,Hyderabad,full,2023-05-24,divya4819@ybl
C01888,Fatima Gupta,9175473359,fatima.gupta50@gmail.com,1989-11-23,Lucknow,min,2019-09-10,fatima3359@paytm
C01889,Fatima Shaikh,7887612345,fatima.shaikh63@gmail.com,1979-10-01,Kolkata,full,2026-03-29,fatima2345@sbi
C01890,D. Pillai,7675378202,,1999-11-27,Mumbai,min,2020-06-19,divya8202@paytm
C01891,Rahul Desai,9234904870,,1968-12-13,Ahmedabad,full,2022-01-18,rahul4870@ybl
C01892,Deepak Joshi,6581250376,deepak.joshi20@gmail.com,1989-11-09,Kolkata,full,2022-08-24,deepak0376@ybl
C01893,Vikram Yadav,8048997384,,1983-08-11,Ahmedabad,min,2022-06-18,vikram7384@axl
C01894,Sneha Iyer,8978478068,,1976-03-30,Bengaluru,min,2019-10-24,sneha8068@hdfcbank
C01895,N. Shaikh,8826465961,nisha.shaikh10@gmail.com,1981-02-07,Ahmedabad,full,2025-12-28,nisha5961@sbi
C01896,Rohan Patel,8501153826,rohan.patel45@gmail.com,,Delhi,min,2024-02-26,rohan3826@axl
C01897,Karan Iyer,8437700307,karan.iyer97@gmail.com,1979-05-07,Hyderabad,min,2025-07-24,karan0307@okbank
C01898,A. Yadav,7569981252,arjun.yadav46@gmail.com,1966-12-02,Jaipur,full,2022-02-07,arjun1252@okbank
C01899,S. Gupta,6532534846,,1962-06-05,Lucknow,pending,2025-06-09,sunita4846@ybl
C01900,Sneha Patel,6594994442,sneha.patel48@gmail.com,1998-04-29,Chennai,min,2021-04-20,sneha4442@sbi
C01901,Anjali Mehta,6285686277,anjali.mehta27@gmail.com,1970-09-05,Mumbai,full,2024-02-16,anjali6277@icici
C01902,Pooja Verma,7126826936,,1989-04-02,Chennai,min,2026-02-05,pooja6936@sbi
C01903,Rohan Sharma,9170473972,rohan.sharma8@gmail.com,,Kolkata,full,2021-09-15,rohan3972@paytm
C01904,Vijay Yadav,9212434110,,1981-07-15,Chennai,full,2024-02-08,vijay4110@sbi
C01905,Divya Menon,7557606859,,1993-02-20,Delhi,full,2022-09-03,divya6859@icici
C01906,Harsh Kulkarni,8947180291,harsh.kulkarni39@gmail.com,1975-01-06,Ahmedabad,full,2020-05-18,harsh0291@paytm
C01907,T. Sharma,6544671639,,1981-07-02,Kolkata,full,2022-07-25,tarun1639@okbank
C01908,Aarti Joshi,6490627461,,1969-10-08,Pune,min,2026-04-11,aarti7461@axl
C01909,Nisha Patel,9833136776,nisha.patel99@gmail.com,1979-01-20,Bengaluru,min,2021-12-08,nisha6776@sbi
C01910,Amit Das,6485537138,,1998-05-11,Delhi,min,2021-10-07,amit7138@icici
C01911,Pooja Shaikh,7340531480,,1979-07-30,Lucknow,full,2024-04-23,pooja1480@ybl
C01912,Divya Patel,7360196458,divya.patel59@gmail.com,1988-12-25,Ahmedabad,min,2022-01-25,divya6458@icici
C01913,Fatima Pillai,9704234073,,1977-06-09,Bengaluru,min,2020-02-06,fatima4073@axl
C01914,Pooja Sharma,6125704216,pooja.sharma92@gmail.com,2006-01-27,Kolkata,full,2026-03-24,pooja4216@hdfcbank
C01915,Divya Gupta,9071014274,divya.gupta98@gmail.com,1994-07-12,Kolkata,min,2023-03-04,divya4274@ybl
C01916,Amit Sharma,8887274073,,1976-08-15,Jaipur,full,2022-02-22,amit4073@ybl
C01917,Sunita Gupta,8805619856,sunita.gupta8@gmail.com,1999-07-07,Lucknow,full,2021-10-14,sunita9856@ybl
C01918,I. Patel,6095046823,isha.patel32@gmail.com,1995-07-15,Kolkata,full,2023-01-04,isha6823@sbi
C01919,Pooja Iyer,9935319401,pooja.iyer36@gmail.com,1985-12-13,Mumbai,min,2020-11-30,pooja9401@paytm
C01920,Farhan Reddy,6612384648,farhan.reddy77@gmail.com,1991-09-17,Mumbai,min,2023-08-14,farhan4648@okbank
C01921,Kavita Verma,9718318676,kavita.verma60@gmail.com,2005-11-26,Chennai,full,2019-09-11,kavita8676@icici
C01922,R. Patel,8154452743,rahul.patel40@gmail.com,1998-02-19,Chennai,full,2024-07-19,rahul2743@ybl
C01923,Manish Mehta,8758895527,,1978-01-08,Hyderabad,min,2022-10-30,manish5527@sbi
C01924,Amit Gupta,9337997503,amit.gupta92@gmail.com,1992-02-07,Kolkata,min,2020-08-20,amit7503@ybl
C01925,Farhan Das,7301706035,farhan.das4@gmail.com,,Pune,full,2020-06-17,farhan6035@sbi
C01926,Imran Khan,6608262910,imran.khan14@gmail.com,1962-01-09,Lucknow,min,2021-12-22,imran2910@hdfcbank
C01927,Sneha Sharma,7627593406,sneha.sharma84@gmail.com,1961-03-24,Chennai,full,2022-10-05,sneha3406@sbi
C01928,Meera Chopra,9028223709,,1991-08-29,,pending,2020-04-02,meera3709@axl
C01929,Farhan Verma,8555012098,farhan.verma94@gmail.com,1998-11-24,Kolkata,full,2023-05-14,farhan2098@sbi
C01930,Neha Pillai,8538738647,,1964-09-01,Mumbai,full,2019-11-30,neha8647@axl
C01931,Arjun Bose,8247234245,,1963-11-29,Ahmedabad,min,2025-03-30,arjun4245@ybl
C01932,Sanjay Chopra,6512029527,sanjay.chopra70@gmail.com,1976-09-18,Chennai,min,2025-04-03,sanjay9527@okbank
C01933,Divya Desai,8802628346,,1964-04-06,Pune,min,2024-11-07,divya8346@ybl
C01934,Imran Kulkarni,9068859888,imran.kulkarni48@gmail.com,1988-10-15,Mumbai,min,2020-02-03,imran9888@icici
C01935,Imran Joshi,8660012652,,,Mumbai,full,2022-02-18,imran2652@ybl
C01936,Rahul Chopra,6330328185,rahul.chopra2@gmail.com,,Chennai,full,2021-05-19,rahul8185@sbi
C01937,Vijay Menon,7780199340,vijay.menon48@gmail.com,2006-03-04,Lucknow,min,2024-05-02,vijay9340@ybl
C01938,Rahul Kulkarni,9445625613,rahul.kulkarni74@gmail.com,2002-10-01,Delhi,full,2021-11-16,
C01939,Divya Singh,8347379288,,1974-02-13,Chennai,full,2021-09-18,divya9288@axl
C01940,Suresh Das,6711742280,suresh.das65@gmail.com,2002-04-07,Kolkata,full,2021-09-13,suresh2280@sbi
C01941,Nisha Shaikh,6955205230,,2004-07-02,Chennai,full,2021-08-12,nisha5230@okbank
C01942,Sunita Das,9222513932,sunita.das39@gmail.com,1989-10-20,Jaipur,full,2025-07-21,sunita3932@paytm
C01943,Deepak Khan,9158212681,deepak.khan36@gmail.com,1968-12-15,Kolkata,full,2020-07-11,deepak2681@axl
C01944,Isha Bose,9547471824,isha.bose65@gmail.com,1979-10-06,Ahmedabad,full,2023-04-15,isha1824@sbi
C01945,Suresh Singh,7971790799,,1980-12-31,Bengaluru,full,2026-05-29,suresh0799@hdfcbank
C01946,Pooja Pillai,8805230515,pooja.pillai91@gmail.com,1982-06-12,Delhi,full,2026-05-18,pooja0515@okbank
C01947,Pooja Sharma,7911433634,pooja.sharma61@gmail.com,1995-02-13,Chennai,full,2021-08-19,pooja3634@hdfcbank
C01948,Amit Reddy,7770484539,amit.reddy33@gmail.com,1979-11-14,Hyderabad,full,2025-11-06,amit4539@axl
C01949,R. Pillai,7851562482,rahul.pillai65@gmail.com,1979-10-13,Delhi,full,2023-09-06,rahul2482@okbank
C01950,Fatima Iyer,9917228308,fatima.iyer8@gmail.com,1986-06-24,Jaipur,full,2025-07-06,fatima8308@axl
C01951,R. Gupta,6207632317,rohan.gupta19@gmail.com,1973-11-22,Ahmedabad,full,2022-11-06,rohan2317@paytm
C01952,Rahul Menon,8498315086,rahul.menon4@gmail.com,1989-01-04,Ahmedabad,full,2026-01-03,rahul5086@sbi
C01953,Nisha Verma,7882564635,nisha.verma24@gmail.com,1970-07-04,Kolkata,min,2024-11-29,nisha4635@paytm
C01954,Meera Kulkarni,9529828940,meera.kulkarni91@gmail.com,1976-12-10,Hyderabad,full,2024-01-17,meera8940@hdfcbank
C01955,Rohan Nair,6486041502,,1963-04-17,Chennai,min,2026-01-28,rohan1502@hdfcbank
C01956,Rohan Menon,8221172532,rohan.menon51@gmail.com,1966-12-03,Bengaluru,full,2020-03-22,rohan2532@axl
C01957,Vikram Pillai,7181990715,,1992-10-11,Bengaluru,full,2021-06-23,vikram0715@hdfcbank
C01958,Harsh Iyer,9619874272,,1966-09-08,Pune,min,2023-02-08,harsh4272@ybl
C01959,Farhan Iyer,8074687229,,1987-07-13,Mumbai,min,2023-10-25,
C01960,Arjun Desai,8177702042,,1969-08-13,Hyderabad,full,2023-08-30,arjun2042@hdfcbank
C01961,Karan Sharma,8972686303,karan.sharma1@gmail.com,1972-03-28,Pune,full,2024-07-04,karan6303@okbank
C01962,Rohan Joshi,8465644270,,1983-12-27,Chennai,full,2020-10-06,rohan4270@axl
C01963,Isha Chopra,7475494230,isha.chopra77@gmail.com,1987-03-20,Jaipur,full,2024-10-03,isha4230@okbank
C01964,Meera Bose,7518159602,meera.bose74@gmail.com,1983-03-02,Chennai,full,2026-03-19,meera9602@ybl
C01965,Imran Das,7645992744,imran.das49@gmail.com,1967-03-28,Jaipur,full,2023-06-26,imran2744@hdfcbank
C01966,Pooja Chopra,9818926097,,,Pune,full,2024-11-23,pooja6097@axl
C01967,Deepak Menon,8165427006,deepak.menon22@gmail.com,2004-11-09,Hyderabad,full,2022-09-23,deepak7006@paytm
C01968,Swati Yadav,9079094038,,1995-12-07,Chennai,full,2021-05-12,swati4038@ybl
C01969,Isha Verma,7723285859,isha.verma13@gmail.com,1962-10-24,Hyderabad,min,2020-11-04,isha5859@paytm
C01970,Arjun Verma,9898857440,arjun.verma89@gmail.com,1999-01-26,Lucknow,full,2022-01-28,arjun7440@paytm
C01971,Meera Gupta,8712845749,,1974-01-17,Kolkata,full,2021-01-24,meera5749@axl
C01972,Vijay Pillai,6145653629,vijay.pillai94@gmail.com,1966-09-28,Lucknow,min,2026-02-16,vijay3629@axl
C01973,S. Das,8817072825,sunita.das18@gmail.com,1994-01-20,Lucknow,full,2020-11-16,sunita2825@okbank
C01974,Vikram Desai,8278230727,,1994-02-27,Kolkata,full,2023-09-29,vikram0727@hdfcbank
C01975,Meera Joshi,6494551758,meera.joshi70@gmail.com,1988-05-29,Bengaluru,full,2024-02-08,meera1758@axl
C01976,F. Chopra,7837656848,,,Hyderabad,full,2022-04-23,farhan6848@icici
C01977,Fatima Patel,6839716576,,2005-06-17,Jaipur,full,2022-10-14,fatima6576@ybl
C01978,Deepak Singh,9220093902,,1979-01-12,Delhi,full,2021-12-19,deepak3902@hdfcbank
C01979,Fatima Sharma,9114974429,,1961-10-31,Kolkata,min,2023-02-07,fatima4429@ybl
C01980,Sunita Desai,6625194391,,2000-05-01,Mumbai,full,2022-07-08,sunita4391@paytm
C01981,D. Gupta,6334814834,,1975-02-20,Mumbai,min,2021-07-12,deepak4834@icici
C01982,Priya Mehta,8083027840,priya.mehta49@gmail.com,1973-02-12,Bengaluru,min,2025-10-17,priya7840@hdfcbank
C01983,Sanjay Mehta,8637119189,sanjay.mehta83@gmail.com,1985-11-25,Pune,full,2024-07-19,sanjay9189@icici
C01984,Kavita Sharma,8509594127,,2000-10-18,Ahmedabad,min,2020-02-19,kavita4127@sbi
C01985,Harsh Das,7430076909,harsh.das16@gmail.com,1975-01-14,Lucknow,pending,2026-01-05,harsh6909@icici
C01986,Rohan Joshi,6119589541,rohan.joshi76@gmail.com,1989-07-12,Ahmedabad,full,2024-09-23,rohan9541@hdfcbank
C01987,Meera Sharma,6316008984,,1993-08-03,Delhi,min,2024-03-01,meera8984@sbi
C01988,K. Reddy,6818288366,karan.reddy66@gmail.com,2005-03-09,Kolkata,min,2025-02-28,karan8366@ybl
C01989,Sanjay Nair,9016972816,,1984-06-24,Jaipur,full,2020-09-11,sanjay2816@okbank
C01990,Suresh Singh,7546508692,suresh.singh8@gmail.com,2001-02-21,Hyderabad,full,2025-01-28,suresh8692@hdfcbank
C01991,Fatima Desai,7008355836,fatima.desai70@gmail.com,1964-10-01,Ahmedabad,full,2026-03-28,fatima5836@ybl
C01992,Harsh Sharma,8957683973,harsh.sharma53@gmail.com,1999-10-08,Lucknow,full,2024-05-07,harsh3973@okbank
C01993,Meera Shaikh,8489098998,meera.shaikh76@gmail.com,1984-03-04,,full,2024-09-29,meera8998@axl
C01994,Vikram Iyer,6486872975,vikram.iyer55@gmail.com,1976-06-12,Kolkata,full,2019-12-05,vikram2975@ybl
C01995,Amit Nair,9393787348,amit.nair40@gmail.com,1969-08-30,Pune,full,2019-12-22,amit7348@icici
C01996,Pooja Bose,9212038753,,1972-09-05,Bengaluru,min,2026-02-27,pooja8753@sbi
C01997,Sunita Menon,9301028387,sunita.menon38@gmail.com,2004-12-17,Hyderabad,full,2021-12-19,sunita8387@okbank
C01998,Karan Bose,7539536986,karan.bose67@gmail.com,2003-07-06,Ahmedabad,full,2020-02-01,karan6986@icici
C01999,Sneha Sharma,9636165894,sneha.sharma98@gmail.com,1975-08-24,Bengaluru,full,2020-05-16,sneha5894@ybl
C02000,Karan Gupta,8127799645,,1963-12-09,Bengaluru,pending,2024-11-29,karan9645@icici
C02001,Imran Chopra,6601280765,imran.chopra6@gmail.com,1984-12-30,,full,2022-04-29,imran0765@axl
C02002,Tarun Joshi,7602971587,,,Lucknow,min,2021-08-28,tarun1587@sbi
C02003,Fatima Khan,6706002278,fatima.khan52@gmail.com,1976-07-23,Kolkata,full,2025-06-19,fatima2278@axl
C02004,F. Desai,8619913591,,1984-08-28,Bengaluru,full,2020-11-22,fatima3591@sbi
C02005,Imran Nair,8431185309,imran.nair89@gmail.com,1986-04-19,Ahmedabad,full,2026-01-10,imran5309@ybl
C02006,Pooja Pillai,9755528076,pooja.pillai40@gmail.com,2002-06-17,Chennai,pending,2019-10-29,pooja8076@hdfcbank
C02007,S. Desai,8448598613,,1972-09-26,,full,2022-11-10,suresh8613@paytm
C02008,Meera Chopra,8496575754,meera.chopra97@gmail.com,1998-03-02,Delhi,min,2019-12-24,meera5754@paytm
C02009,M. Khan,6157193602,manish.khan62@gmail.com,1980-03-06,Jaipur,full,2021-09-05,manish3602@ybl
C02010,Isha Pillai,9837564404,isha.pillai63@gmail.com,1974-10-16,Bengaluru,full,2020-03-31,isha4404@axl
C02011,R. Singh,8186533333,,1983-09-25,Lucknow,min,2025-12-08,rahul3333@icici
C02012,Farhan Sharma,6029541118,,1987-04-15,,pending,2021-09-01,farhan1118@paytm
C02013,Suresh Reddy,6934513129,suresh.reddy14@gmail.com,1979-06-15,Pune,full,2021-07-28,suresh3129@sbi
C02014,F. Yadav,7278383832,fatima.yadav36@gmail.com,1967-03-31,Mumbai,full,2019-10-19,fatima3832@sbi
C02015,F. Chopra,6661594995,fatima.chopra80@gmail.com,2004-03-09,Hyderabad,pending,2022-01-04,fatima4995@axl
C02016,Rohan Chopra,7787471734,,1982-12-24,Mumbai,full,2022-07-06,rohan1734@hdfcbank
C02017,Isha Pillai,8783473274,isha.pillai2@gmail.com,1969-05-26,Mumbai,min,2024-06-11,isha3274@icici
C02018,Imran Kulkarni,8946913267,,1979-05-11,Kolkata,min,2023-10-07,imran3267@okbank
C02019,Isha Yadav,8322803683,isha.yadav49@gmail.com,1996-12-19,Pune,pending,2025-09-22,isha3683@axl
C02020,Vijay Singh,6302447976,vijay.singh21@gmail.com,1987-12-16,Ahmedabad,full,2024-02-15,vijay7976@axl
C02021,I. Chopra,7631987555,isha.chopra35@gmail.com,2000-07-14,Jaipur,full,2025-09-24,isha7555@paytm
C02022,Manish Pillai,6496937937,manish.pillai51@gmail.com,,Jaipur,full,2024-12-27,manish7937@icici
C02023,Farhan Singh,7935420045,farhan.singh5@gmail.com,1986-10-05,Delhi,full,2021-01-04,farhan0045@okbank
C02024,Rohan Iyer,8057746936,rohan.iyer55@gmail.com,1974-12-02,Pune,min,2022-05-13,rohan6936@ybl
C02025,Fatima Sharma,9171177622,fatima.sharma5@gmail.com,1973-11-23,Ahmedabad,min,2020-07-03,fatima7622@icici
C02026,Sunita Reddy,8854415372,sunita.reddy64@gmail.com,1985-11-07,Chennai,full,2021-04-25,sunita5372@axl
C02027,Vikram Sharma,6997059443,vikram.sharma11@gmail.com,1992-06-16,Mumbai,min,2022-08-15,vikram9443@icici
C02028,Suresh Sharma,6095645824,suresh.sharma21@gmail.com,1968-02-15,Lucknow,full,2020-06-16,suresh5824@hdfcbank
C02029,Harsh Kulkarni,8339284742,harsh.kulkarni82@gmail.com,,Lucknow,min,2024-10-04,harsh4742@ybl
C02030,Priya Desai,6314284233,priya.desai36@gmail.com,1975-10-08,Delhi,min,2026-04-27,priya4233@paytm
C02031,Vijay Shaikh,6686452942,,1997-10-03,Kolkata,full,2020-06-11,vijay2942@hdfcbank
C02032,Kavita Patel,9747336655,,1987-11-13,Ahmedabad,min,2022-07-14,kavita6655@axl
C02033,Priya Desai,8927639251,,2003-12-19,Hyderabad,full,2020-12-30,priya9251@paytm
C02034,Amit Khan,7554387905,,2003-01-31,Chennai,full,2019-10-09,amit7905@hdfcbank
C02035,Sunita Iyer,6600533123,,1993-09-08,Hyderabad,full,2020-01-21,sunita3123@okbank
C02036,Isha Iyer,8487491299,,1997-06-18,Chennai,full,2022-03-31,isha1299@hdfcbank
C02037,Fatima Mehta,6591175955,,1990-03-06,Jaipur,full,2020-03-23,fatima5955@ybl
C02038,Swati Shaikh,7094587884,swati.shaikh72@gmail.com,2005-10-25,Lucknow,pending,2020-10-09,swati7884@hdfcbank
C02039,Aarti Verma,8230761699,aarti.verma81@gmail.com,1963-06-11,Delhi,full,2021-06-19,aarti1699@icici
C02040,Vijay Kulkarni,8153306674,,1971-11-12,Delhi,full,2022-11-01,vijay6674@ybl
C02041,Aarti Mehta,6758569634,,1989-04-19,Pune,min,2026-05-23,aarti9634@paytm
C02042,D. Chopra,7426377937,,1965-01-29,,min,2021-05-22,deepak7937@ybl
C02043,P. Mehta,9557818534,,,Delhi,full,2019-12-26,priya8534@ybl
C02044,Fatima Singh,9284109324,fatima.singh50@gmail.com,1984-05-26,Ahmedabad,full,2021-08-25,fatima9324@hdfcbank
C02045,Imran Iyer,7546034933,imran.iyer50@gmail.com,1982-11-06,Chennai,full,2026-05-20,imran4933@paytm
C02046,Vijay Das,6216856506,,1989-09-21,Chennai,full,2024-09-20,vijay6506@ybl
C02047,Vikram Das,9600217004,vikram.das83@gmail.com,1988-03-07,Lucknow,full,2021-11-11,vikram7004@sbi
C02048,Vikram Singh,6333422746,,1965-01-15,Mumbai,full,2022-12-02,vikram2746@paytm
C02049,Kavita Pillai,7144860637,kavita.pillai27@gmail.com,1982-09-17,Chennai,full,2022-07-06,kavita0637@axl
C02050,Nisha Gupta,9222113790,nisha.gupta91@gmail.com,1964-06-11,Ahmedabad,min,2023-10-10,nisha3790@paytm
C02051,Deepak Iyer,8267674267,,1964-02-17,Hyderabad,full,2019-10-13,deepak4267@axl
C02052,Farhan Menon,9413363705,farhan.menon36@gmail.com,2001-03-06,Pune,full,2026-04-06,farhan3705@icici
C02053,Sanjay Shaikh,6208531100,sanjay.shaikh49@gmail.com,1995-03-09,Hyderabad,full,2021-10-31,sanjay1100@sbi
C02054,Pooja Singh,7821454187,,,Jaipur,min,2019-11-12,pooja4187@paytm
C02055,Neha Menon,6666442277,,1969-06-09,Kolkata,full,2023-04-21,neha2277@ybl
C02056,Harsh Nair,9040273423,harsh.nair46@gmail.com,2005-11-17,Bengaluru,full,2021-10-09,harsh3423@axl
C02057,Amit Pillai,6898525816,amit.pillai28@gmail.com,1978-04-04,,full,2022-01-07,amit5816@paytm
C02058,Sneha Chopra,9082632727,sneha.chopra99@gmail.com,2000-01-21,Delhi,full,2024-04-09,sneha2727@paytm
C02059,Karan Kulkarni,6519782216,karan.kulkarni40@gmail.com,1991-12-04,,min,2019-12-18,karan2216@axl
C02060,Vijay Das,7833950965,,1976-06-04,Mumbai,full,2021-02-19,vijay0965@okbank
C02061,Anjali Verma,7625171442,,1997-09-25,Bengaluru,full,2021-08-07,anjali1442@sbi
C02062,Karan Bose,6587547751,karan.bose78@gmail.com,1986-12-23,Hyderabad,min,2024-03-29,karan7751@hdfcbank
C02063,Fatima Das,9187842890,,1990-08-21,Pune,full,2021-09-04,fatima2890@sbi
C02064,Sneha Verma,7017784533,,1979-08-10,Ahmedabad,min,2023-12-07,sneha4533@ybl
C02065,Karan Singh,6145021015,,2005-12-04,Ahmedabad,min,2022-04-27,karan1015@ybl
C02066,Rohan Gupta,9504203803,rohan.gupta67@gmail.com,1999-04-01,Mumbai,full,2024-05-11,rohan3803@ybl
C02067,Anjali Kulkarni,6949118461,anjali.kulkarni31@gmail.com,1991-03-24,Delhi,min,2020-03-31,anjali8461@axl
C02068,Aarti Gupta,8040503465,,1962-08-02,Kolkata,full,2020-07-18,aarti3465@okbank
C02069,Sneha Shaikh,9439257589,,,Hyderabad,full,2023-11-19,sneha7589@sbi
C02070,Nisha Yadav,6975108193,,,Bengaluru,full,2025-12-21,nisha8193@sbi
C02071,Isha Joshi,9288455512,,2002-06-08,Pune,full,2022-09-18,isha5512@ybl
C02072,Vijay Pillai,9617215826,vijay.pillai55@gmail.com,1987-07-14,Jaipur,min,2022-04-17,vijay5826@paytm
C02073,Kavita Kulkarni,8325088572,kavita.kulkarni41@gmail.com,,Pune,full,2019-09-14,kavita8572@hdfcbank
C02074,Harsh Das,8966295530,harsh.das95@gmail.com,2005-11-03,Jaipur,pending,2019-11-25,harsh5530@okbank
C02075,A. Khan,6602355221,aarti.khan94@gmail.com,1994-08-16,Kolkata,full,2023-06-14,aarti5221@okbank
C02076,Anjali Kulkarni,6061921849,anjali.kulkarni95@gmail.com,1995-05-20,Mumbai,min,2024-02-04,anjali1849@okbank
C02077,Vikram Kulkarni,9821005110,vikram.kulkarni56@gmail.com,1968-09-09,Jaipur,full,2019-11-21,vikram5110@paytm
C02078,Rohan Verma,8766355708,rohan.verma60@gmail.com,1990-11-07,Kolkata,min,2023-10-22,rohan5708@axl
C02079,Meera Gupta,8507211607,,1994-10-07,Jaipur,pending,2025-10-22,meera1607@sbi
C02080,Meera Sharma,7211842653,meera.sharma23@gmail.com,1968-09-01,Jaipur,full,2024-09-20,meera2653@ybl
C02081,Nisha Das,7315957858,,1971-05-08,Kolkata,min,2020-03-16,nisha7858@hdfcbank
C02082,Priya Mehta,6027128333,,1998-05-13,Jaipur,full,2024-02-17,priya8333@sbi
C02083,Tarun Nair,6596439303,tarun.nair13@gmail.com,1961-06-11,Pune,full,2025-01-17,tarun9303@axl
C02084,Isha Patel,9016011220,,1968-11-18,Jaipur,full,2023-09-04,isha1220@paytm
C02085,Meera Nair,6056899213,,,Jaipur,full,2024-10-01,meera9213@hdfcbank
C02086,M. Nair,7263690184,,1987-03-02,Kolkata,pending,2024-10-18,meera0184@paytm
C02087,Pooja Verma,9881009205,pooja.verma59@gmail.com,1992-03-12,Delhi,min,2022-08-17,pooja9205@icici
C02088,Isha Shaikh,9307221904,,1985-04-03,Lucknow,min,2026-04-23,isha1904@sbi
C02089,H. Joshi,6084969624,,1982-09-21,Delhi,min,2026-04-14,harsh9624@sbi
C02090,Fatima Menon,9563705720,,1970-07-22,Chennai,min,2023-04-19,fatima5720@axl
C02091,Fatima Gupta,7229884460,,1999-04-09,,min,2024-08-31,fatima4460@hdfcbank
C02092,Nisha Chopra,8097209133,,2001-03-01,Hyderabad,min,2022-05-25,nisha9133@ybl
C02093,Aarti Das,6545554130,,1979-06-09,Lucknow,min,2024-06-27,aarti4130@paytm
C02094,Amit Desai,8806788714,,,Ahmedabad,pending,2025-10-24,amit8714@sbi
C02095,Vikram Singh,7984568181,vikram.singh6@gmail.com,1982-08-29,Delhi,full,2022-01-15,vikram8181@sbi
C02096,Rahul Reddy,8981141902,,1976-08-26,Jaipur,min,2020-11-14,rahul1902@ybl
C02097,Deepak Chopra,7681763161,deepak.chopra20@gmail.com,2000-05-30,Lucknow,full,2021-01-08,
C02098,Suresh Yadav,6661083568,suresh.yadav98@gmail.com,1990-08-10,Pune,pending,2026-05-24,suresh3568@hdfcbank
C02099,Swati Menon,9487227443,,1974-05-14,Pune,full,2025-04-20,swati7443@sbi
C02100,Vijay Patel,7318060033,vijay.patel58@gmail.com,1964-12-24,Bengaluru,min,2021-11-16,vijay0033@icici
C02101,Sunita Singh,7281210427,,2003-07-28,Mumbai,pending,2019-12-18,sunita0427@paytm
C02102,Fatima Sharma,8545412949,,1977-09-02,Bengaluru,full,2025-10-23,fatima2949@icici
C02103,Amit Das,6604525572,amit.das25@gmail.com,1961-04-13,Pune,full,2023-04-19,amit5572@axl
C02104,Priya Singh,7746533334,priya.singh10@gmail.com,2004-10-21,Mumbai,full,2023-10-23,priya3334@paytm
C02105,Arjun Nair,6670516290,arjun.nair35@gmail.com,1973-03-24,Ahmedabad,full,2021-01-07,arjun6290@icici
C02106,Fatima Das,7494238920,fatima.das84@gmail.com,1962-06-13,Kolkata,full,2020-11-18,fatima8920@okbank
C02107,T. Gupta,6070401937,tarun.gupta34@gmail.com,,Lucknow,full,2024-02-11,tarun1937@axl
C02108,Nisha Verma,7469094624,nisha.verma15@gmail.com,,Mumbai,min,2023-03-15,nisha4624@paytm
C02109,Fatima Khan,6384614241,fatima.khan30@gmail.com,1989-10-28,Mumbai,min,2022-09-25,fatima4241@hdfcbank
C02110,Farhan Gupta,9896104187,farhan.gupta76@gmail.com,1992-01-03,Jaipur,full,2026-03-01,farhan4187@hdfcbank
C02111,F. Mehta,6955778589,farhan.mehta53@gmail.com,,Hyderabad,full,2022-10-03,farhan8589@axl
C02112,Sunita Yadav,8219296999,,1990-03-26,Kolkata,full,2023-04-09,sunita6999@okbank
C02113,Sunita Kulkarni,9765290226,sunita.kulkarni48@gmail.com,1988-03-15,Mumbai,full,2020-05-16,
C02114,Amit Nair,8935000207,,1983-11-13,Chennai,full,2021-03-27,amit0207@sbi
C02115,Sunita Menon,9330956831,,2000-10-15,Kolkata,full,2024-04-04,sunita6831@icici
C02116,Sunita Patel,6916183635,sunita.patel26@gmail.com,1971-07-18,Chennai,full,2019-09-02,sunita3635@okbank
C02117,Karan Sharma,9890404294,,,Pune,min,2025-04-12,karan4294@axl
C02118,Harsh Iyer,7144133422,,1995-01-25,Lucknow,full,2022-04-27,harsh3422@hdfcbank
C02119,Nisha Joshi,6951800724,nisha.joshi98@gmail.com,1972-05-24,Hyderabad,pending,2023-04-16,
C02120,Manish Yadav,8908925990,manish.yadav60@gmail.com,1961-06-12,Lucknow,min,2022-02-08,manish5990@paytm
C02121,Sanjay Gupta,7627840974,sanjay.gupta37@gmail.com,2003-10-29,Kolkata,min,2020-01-01,sanjay0974@sbi
C02122,Karan Gupta,8835844853,,2000-01-18,Jaipur,full,2021-12-05,karan4853@hdfcbank
C02123,P. Desai,7818156248,,2005-07-09,Mumbai,full,2022-06-08,priya6248@sbi
C02124,Priya Sharma,8847776840,priya.sharma31@gmail.com,1988-03-09,Hyderabad,min,2021-01-23,priya6840@sbi
C02125,Divya Yadav,9909976392,,,Mumbai,min,2020-05-19,divya6392@paytm
C02126,Divya Kulkarni,7492723364,divya.kulkarni14@gmail.com,1997-10-13,Pune,full,2022-08-16,divya3364@axl
C02127,Farhan Mehta,6989761945,farhan.mehta72@gmail.com,1973-10-27,Jaipur,full,2022-10-01,farhan1945@axl
C02128,Kavita Pillai,8887644298,,1963-10-17,Bengaluru,min,2021-07-15,kavita4298@axl
C02129,Sneha Desai,8130488424,,,Ahmedabad,full,2023-04-19,sneha8424@sbi
C02130,Amit Pillai,6394386831,amit.pillai64@gmail.com,1964-03-28,Delhi,full,2025-08-03,amit6831@paytm
C02131,Fatima Desai,7240517785,fatima.desai96@gmail.com,1973-09-09,Pune,pending,2021-01-11,fatima7785@paytm
C02132,Meera Pillai,7722503536,meera.pillai56@gmail.com,1971-07-28,Delhi,min,2024-06-17,meera3536@icici
C02133,Neha Gupta,6955992950,neha.gupta97@gmail.com,1968-05-14,Bengaluru,full,2024-04-20,neha2950@hdfcbank
C02134,Ritu Kulkarni,9662292167,,1993-01-19,,min,2020-06-22,ritu2167@icici
C02135,Sunita Chopra,7357028784,sunita.chopra40@gmail.com,1973-04-05,Delhi,pending,2019-12-18,sunita8784@ybl
C02136,Neha Mehta,8146186375,,2002-10-18,Bengaluru,full,2020-02-26,neha6375@axl
C02137,Pooja Bose,8801541427,pooja.bose39@gmail.com,1995-05-31,Lucknow,full,2023-02-11,pooja1427@okbank
C02138,Swati Iyer,9893171326,,1965-07-03,Bengaluru,full,2026-03-11,swati1326@paytm
C02139,A. Singh,6172720944,,1969-12-11,Hyderabad,min,2023-12-05,aarti0944@hdfcbank
C02140,Amit Pillai,7396013338,amit.pillai13@gmail.com,1969-03-22,Pune,full,2025-11-24,amit3338@axl
C02141,Arjun Patel,9398909779,arjun.patel64@gmail.com,2000-12-13,Pune,full,2023-10-09,arjun9779@hdfcbank
C02142,Harsh Sharma,6695407589,,,Hyderabad,full,2026-06-01,harsh7589@sbi
C02143,Sanjay Mehta,8859093092,sanjay.mehta83@gmail.com,1964-09-19,Hyderabad,min,2025-06-25,sanjay3092@okbank
C02144,Karan Verma,6879753989,,1997-06-19,Mumbai,min,2024-09-21,karan3989@sbi
C02145,T. Nair,9964825833,,1992-05-24,Mumbai,min,2024-07-09,tarun5833@ybl
C02146,Vikram Verma,9527577732,vikram.verma96@gmail.com,1970-07-02,Ahmedabad,full,2020-10-27,vikram7732@okbank
C02147,Kavita Singh,9090047390,kavita.singh3@gmail.com,1976-04-15,Kolkata,full,2020-04-07,kavita7390@sbi
C02148,Rohan Joshi,6992192147,rohan.joshi14@gmail.com,1962-09-08,Ahmedabad,full,2022-07-13,rohan2147@hdfcbank
C02149,Harsh Singh,7454715894,harsh.singh8@gmail.com,1987-04-26,Bengaluru,full,2021-10-22,harsh5894@axl
C02150,Vijay Sharma,9960605923,,2003-05-20,Bengaluru,min,2023-11-20,vijay5923@icici
C02151,Priya Verma,8287304068,priya.verma72@gmail.com,1992-03-17,,min,2020-05-24,priya4068@okbank
C02152,Kavita Nair,7593454474,kavita.nair66@gmail.com,2004-10-16,Bengaluru,min,2024-08-18,kavita4474@hdfcbank
C02153,Manish Singh,8295134134,manish.singh34@gmail.com,1980-12-03,Pune,full,2021-03-20,manish4134@paytm
C02154,Nisha Verma,8588667589,nisha.verma59@gmail.com,1963-08-17,Delhi,full,2024-07-25,nisha7589@paytm
C02155,Kavita Reddy,9005038004,,1976-02-10,Mumbai,min,2021-12-13,kavita8004@axl
C02156,Tarun Das,8686338744,,1997-05-31,Chennai,full,2021-12-20,tarun8744@hdfcbank
C02157,Vijay Das,7934986183,,1962-10-05,,min,2026-03-18,vijay6183@icici
C02158,H. Menon,9985288796,harsh.menon71@gmail.com,2000-03-17,Kolkata,full,2023-02-18,harsh8796@icici
C02159,Farhan Pillai,7972073647,farhan.pillai80@gmail.com,2005-07-18,Mumbai,full,2020-01-29,farhan3647@hdfcbank
C02160,Aarti Sharma,8289697804,aarti.sharma51@gmail.com,1972-05-07,Jaipur,min,2019-12-12,aarti7804@okbank
C02161,Divya Singh,7090978169,divya.singh57@gmail.com,1990-05-29,Jaipur,full,2021-01-03,divya8169@ybl
C02162,Anjali Iyer,9335574320,anjali.iyer87@gmail.com,1973-07-25,Ahmedabad,full,2022-10-31,anjali4320@hdfcbank
C02163,Arjun Mehta,7208547703,arjun.mehta89@gmail.com,1979-09-08,Lucknow,min,2025-01-24,arjun7703@icici
C02164,Rahul Das,6810784602,rahul.das54@gmail.com,,Delhi,full,2019-11-28,rahul4602@icici
C02165,Vikram Khan,9467359224,,1979-03-22,Mumbai,full,2024-09-22,vikram9224@axl
C02166,Arjun Desai,6304400381,arjun.desai38@gmail.com,2003-10-24,Pune,min,2023-02-01,arjun0381@icici
C02167,K. Menon,6583212936,karan.menon73@gmail.com,1968-07-16,Hyderabad,pending,2022-11-19,karan2936@axl
C02168,Kavita Singh,8053127791,kavita.singh12@gmail.com,2001-03-03,Lucknow,full,2021-01-17,kavita7791@sbi
C02169,Vikram Verma,7128286571,,1995-09-07,Mumbai,min,2022-10-12,vikram6571@okbank
C02170,Rahul Sharma,8289943041,rahul.sharma80@gmail.com,1964-11-04,Bengaluru,full,2021-01-26,rahul3041@axl
C02171,Meera Bose,6394587911,meera.bose90@gmail.com,1964-11-15,Lucknow,full,2025-05-15,meera7911@icici
C02172,Imran Chopra,6640631568,imran.chopra49@gmail.com,1998-02-22,Pune,full,2020-07-02,imran1568@axl
C02173,M. Menon,9038376581,meera.menon93@gmail.com,1965-03-19,Hyderabad,min,2024-08-01,meera6581@paytm
C02174,Karan Bose,6476512664,,2000-09-24,Mumbai,full,2025-12-14,karan2664@icici
C02175,Kavita Sharma,8829950898,,1983-02-18,Pune,full,2022-11-06,kavita0898@icici
C02176,Deepak Khan,9000964472,deepak.khan95@gmail.com,1989-09-22,Lucknow,min,2021-01-27,deepak4472@axl
C02177,Rahul Bose,9707419778,,2000-05-15,Delhi,full,2020-07-08,rahul9778@icici
C02178,Tarun Patel,8735627208,tarun.patel10@gmail.com,1971-09-19,Jaipur,min,2022-01-25,tarun7208@ybl
C02179,Rohan Nair,7119128384,rohan.nair76@gmail.com,2000-01-01,Bengaluru,full,2022-12-14,rohan8384@hdfcbank
C02180,Farhan Kulkarni,8873443164,farhan.kulkarni64@gmail.com,1989-05-28,Kolkata,full,2025-01-05,farhan3164@paytm
C02181,Rohan Mehta,9411691946,rohan.mehta97@gmail.com,1964-12-02,Kolkata,min,2025-04-22,rohan1946@paytm
C02182,Suresh Iyer,9795659688,,1996-01-06,,full,2023-08-01,suresh9688@sbi
C02183,M. Shaikh,6033255349,,1988-05-26,Lucknow,full,2024-10-13,meera5349@sbi
C02184,Deepak Kulkarni,6008423854,deepak.kulkarni6@gmail.com,1986-07-19,Lucknow,min,2020-01-24,deepak3854@hdfcbank
C02185,Ritu Singh,9385333700,,,Kolkata,full,2020-11-29,ritu3700@axl
C02186,Harsh Sharma,8173659491,,2005-10-10,Pune,full,2021-10-19,harsh9491@sbi
C02187,Priya Verma,9056701429,priya.verma59@gmail.com,1961-01-31,Bengaluru,full,2026-03-02,priya1429@sbi
C02188,Imran Shaikh,8286741463,,1989-09-12,Pune,full,2020-12-01,imran1463@axl
C02189,Meera Sharma,7578189573,,2005-04-12,Chennai,full,2024-04-25,meera9573@okbank
C02190,Divya Mehta,7997812809,,1985-07-25,Pune,full,2023-08-28,divya2809@axl
C02191,R. Joshi,8279536599,,1986-05-02,Mumbai,full,2021-02-12,
C02192,Deepak Kulkarni,8947782717,,1997-10-16,Jaipur,min,2025-07-31,deepak2717@okbank
C02193,Anjali Iyer,7523215459,anjali.iyer61@gmail.com,2003-02-25,Mumbai,pending,2024-05-25,anjali5459@paytm
C02194,Karan Das,9553852298,karan.das99@gmail.com,1992-06-04,Delhi,min,2023-12-01,karan2298@paytm
C02195,Neha Yadav,6508292362,neha.yadav67@gmail.com,2001-05-10,Ahmedabad,min,2023-05-25,neha2362@hdfcbank
C02196,Fatima Reddy,6116713195,fatima.reddy36@gmail.com,1989-08-26,Hyderabad,full,2020-11-09,fatima3195@icici
C02197,Imran Yadav,6430036041,imran.yadav29@gmail.com,1980-06-30,Bengaluru,full,2024-05-28,imran6041@paytm
C02198,Karan Yadav,7076070597,karan.yadav75@gmail.com,1982-09-05,Jaipur,min,2020-08-13,karan0597@sbi
C02199,Farhan Reddy,9815153288,,1981-02-22,Ahmedabad,pending,2021-05-06,farhan3288@axl
C02200,Aarti Khan,6183373428,aarti.khan49@gmail.com,2005-05-01,Delhi,full,2022-09-13,aarti3428@axl
C02201,Amit Yadav,7066833087,amit.yadav52@gmail.com,2002-09-13,Kolkata,full,2025-11-06,amit3087@ybl
C02202,R. Verma,7446738598,rahul.verma66@gmail.com,2002-08-20,Mumbai,min,2022-06-25,rahul8598@okbank
C02203,S. Verma,9160988351,suresh.verma21@gmail.com,2002-12-16,Lucknow,pending,2024-07-14,suresh8351@axl
C02204,Harsh Kulkarni,7196410812,harsh.kulkarni96@gmail.com,1979-07-09,Ahmedabad,full,2026-02-14,harsh0812@sbi
C02205,Sunita Singh,8826271732,sunita.singh56@gmail.com,1995-06-26,Bengaluru,min,2024-02-23,sunita1732@icici
C02206,Isha Khan,9468496436,isha.khan53@gmail.com,1966-04-11,,min,2020-05-05,isha6436@ybl
C02207,Isha Singh,6905494528,isha.singh97@gmail.com,1994-06-28,Kolkata,full,2025-07-20,isha4528@icici
C02208,N. Kulkarni,6970220093,nisha.kulkarni39@gmail.com,1994-05-18,Chennai,full,2023-01-03,nisha0093@sbi
C02209,Swati Kulkarni,8787549000,,1990-02-08,Lucknow,full,2024-09-17,swati9000@ybl
C02210,Aarti Joshi,9713404038,,1980-10-06,Jaipur,full,2026-04-11,aarti4038@paytm
C02211,Kavita Desai,6970845056,kavita.desai13@gmail.com,1970-12-31,Chennai,min,2021-01-17,kavita5056@okbank
C02212,Sanjay Desai,6284301486,sanjay.desai12@gmail.com,2003-02-07,Jaipur,min,2024-02-22,sanjay1486@okbank
C02213,Manish Desai,9652401692,,2004-12-20,Ahmedabad,full,2021-02-26,manish1692@sbi
C02214,Vikram Reddy,9345369425,vikram.reddy8@gmail.com,1982-01-09,Mumbai,min,2026-01-06,vikram9425@icici
C02215,Karan Nair,9853198824,karan.nair93@gmail.com,,Delhi,full,2022-09-29,karan8824@sbi
C02216,Rahul Menon,7912836878,,1982-07-13,Jaipur,full,2022-10-05,rahul6878@okbank
C02217,Aarti Reddy,6356457166,aarti.reddy55@gmail.com,1993-09-16,Delhi,full,2025-07-31,aarti7166@axl
C02218,Aarti Sharma,6240435038,,1966-10-28,Chennai,full,2023-12-02,aarti5038@icici
C02219,Kavita Pillai,6979664850,,2005-11-27,Kolkata,pending,2025-11-09,kavita4850@axl
C02220,Harsh Joshi,8846831768,harsh.joshi35@gmail.com,1985-12-20,Bengaluru,pending,2021-10-29,harsh1768@hdfcbank
C02221,Rahul Mehta,8526264693,,2004-06-09,Bengaluru,full,2026-05-05,rahul4693@okbank
C02222,Amit Das,6754456113,amit.das47@gmail.com,1988-04-02,Jaipur,full,2025-04-16,amit6113@icici
C02223,S. Reddy,7905018429,suresh.reddy79@gmail.com,1973-01-05,Bengaluru,full,2020-12-18,suresh8429@axl
C02224,Karan Pillai,8815263312,karan.pillai61@gmail.com,1977-04-25,Delhi,full,2026-05-15,karan3312@okbank
C02225,Swati Mehta,9420981673,,1994-01-20,Pune,full,2024-02-14,swati1673@sbi
C02226,Vikram Reddy,9248819222,vikram.reddy45@gmail.com,1973-12-27,Delhi,min,2020-01-14,vikram9222@paytm
C02227,Sneha Menon,6483078335,sneha.menon74@gmail.com,1988-05-07,Ahmedabad,full,2023-02-19,sneha8335@okbank
C02228,Sanjay Iyer,8757587047,,1993-05-28,Ahmedabad,pending,2023-12-23,sanjay7047@sbi
C02229,Divya Menon,7811270448,,1966-09-13,Delhi,full,2024-11-23,divya0448@axl
C02230,Arjun Joshi,6889497856,arjun.joshi99@gmail.com,1998-10-23,Pune,min,2025-05-30,arjun7856@ybl
C02231,Rahul Mehta,7555701172,,1996-01-08,Chennai,full,2022-05-04,rahul1172@hdfcbank
C02232,Sanjay Nair,8313391582,sanjay.nair87@gmail.com,1986-03-06,Kolkata,min,2023-05-27,sanjay1582@hdfcbank
C02233,Suresh Verma,9069075725,suresh.verma55@gmail.com,1991-06-29,Delhi,full,2022-02-08,suresh5725@axl
C02234,Sunita Khan,7015933157,sunita.khan27@gmail.com,1970-06-30,Mumbai,full,2024-04-12,sunita3157@axl
C02235,Ritu Mehta,9930560215,,1961-02-24,Ahmedabad,min,2020-08-06,ritu0215@sbi
C02236,Tarun Sharma,9051970740,tarun.sharma3@gmail.com,1990-12-09,Ahmedabad,min,2023-03-17,tarun0740@paytm
C02237,Harsh Chopra,7781874448,,1981-01-24,Delhi,min,2025-07-26,harsh4448@axl
C02238,Anjali Gupta,8605493757,,1976-11-04,Delhi,full,2020-03-07,anjali3757@hdfcbank
C02239,S. Chopra,8457621936,suresh.chopra97@gmail.com,1988-09-26,Kolkata,full,2025-10-10,suresh1936@ybl
C02240,Amit Chopra,6473784350,amit.chopra57@gmail.com,1968-02-14,Ahmedabad,full,2024-07-18,amit4350@okbank
C02241,Swati Nair,6314808152,swati.nair44@gmail.com,1964-10-25,Mumbai,pending,2025-08-21,swati8152@sbi
C02242,Pooja Kulkarni,7150240058,,1969-02-28,Lucknow,full,2025-07-30,pooja0058@hdfcbank
C02243,Amit Gupta,9041407365,,1961-08-24,Kolkata,min,2024-02-14,amit7365@axl
C02244,Arjun Das,6141190853,,1971-09-22,Jaipur,full,2022-05-06,arjun0853@axl
C02245,Arjun Gupta,7032898819,,2003-11-12,Hyderabad,full,2024-02-27,
C02246,Pooja Pillai,6236594265,pooja.pillai5@gmail.com,1962-09-29,Mumbai,full,2020-03-21,pooja4265@paytm
C02247,Sanjay Chopra,8074213080,,1983-12-09,Chennai,min,2022-05-16,sanjay3080@icici
C02248,Anjali Iyer,6016511091,,1961-08-17,Kolkata,min,2019-10-04,anjali1091@okbank
C02249,Imran Mehta,6979394304,imran.mehta36@gmail.com,1996-02-14,Bengaluru,min,2020-08-21,imran4304@axl
C02250,Ritu Shaikh,8488574908,,1984-01-25,Ahmedabad,pending,2025-07-07,
C02251,Karan Gupta,8470219846,karan.gupta82@gmail.com,2000-04-13,Hyderabad,full,2025-09-11,karan9846@hdfcbank
C02252,Divya Das,6990689734,,1989-04-10,Kolkata,pending,2023-07-26,divya9734@ybl
C02253,Rohan Reddy,9607051361,,1999-08-20,Hyderabad,full,2024-09-22,rohan1361@hdfcbank
C02254,Anjali Singh,9041339261,anjali.singh74@gmail.com,1969-05-16,Jaipur,full,2024-04-28,anjali9261@icici
C02255,Isha Patel,9360296355,isha.patel25@gmail.com,1971-03-12,Jaipur,full,2024-02-16,isha6355@ybl
C02256,Vikram Menon,7846391083,vikram.menon54@gmail.com,1995-09-03,Hyderabad,min,2021-01-14,vikram1083@sbi
C02257,Divya Kulkarni,7302370883,,1974-12-05,Chennai,full,2026-03-30,divya0883@icici
C02258,Vijay Bose,8671261612,vijay.bose19@gmail.com,1997-09-24,Chennai,min,2025-02-04,vijay1612@icici
C02259,D. Iyer,7878830420,divya.iyer92@gmail.com,1981-03-09,Mumbai,full,2020-07-03,divya0420@paytm
C02260,Meera Chopra,9756856738,meera.chopra37@gmail.com,1970-02-10,Lucknow,full,2019-09-01,meera6738@paytm
C02261,Vikram Joshi,8928591357,vikram.joshi66@gmail.com,2003-03-29,Pune,full,2022-12-29,vikram1357@ybl
C02262,Aarti Das,9465413727,aarti.das60@gmail.com,1980-08-06,Bengaluru,pending,2023-11-09,aarti3727@sbi
C02263,Swati Desai,6593438190,,1981-12-15,Hyderabad,full,2021-05-22,swati8190@sbi
C02264,Manish Bose,9360649865,,2003-03-28,,full,2023-05-31,manish9865@ybl
C02265,Imran Nair,7450952218,imran.nair47@gmail.com,2004-03-15,Delhi,min,2020-02-13,imran2218@ybl
C02266,Priya Joshi,9380244723,,1971-11-11,Hyderabad,min,2022-10-15,priya4723@paytm
C02267,Tarun Reddy,6675314470,tarun.reddy99@gmail.com,1985-02-03,Pune,full,2025-11-28,tarun4470@okbank
C02268,Suresh Singh,9345987206,suresh.singh21@gmail.com,1964-05-21,Bengaluru,full,2021-11-27,suresh7206@hdfcbank
C02269,Amit Yadav,7239847422,,1978-07-05,Delhi,full,2024-04-14,amit7422@sbi
C02270,Sunita Reddy,6302767256,sunita.reddy17@gmail.com,1997-01-19,Hyderabad,full,2023-07-23,sunita7256@icici
C02271,Farhan Shaikh,6227681465,farhan.shaikh87@gmail.com,1967-09-30,Chennai,full,2024-02-02,farhan1465@axl
C02272,Suresh Menon,7012446239,suresh.menon65@gmail.com,2003-06-27,Ahmedabad,full,2026-04-08,suresh6239@ybl
C02273,Rahul Chopra,7462506204,,1967-09-09,Bengaluru,full,2023-09-09,rahul6204@sbi
C02274,D. Pillai,7997897765,deepak.pillai33@gmail.com,,Kolkata,full,2023-08-13,deepak7765@icici
C02275,Vikram Shaikh,7291468480,vikram.shaikh99@gmail.com,1999-09-28,Bengaluru,full,2025-11-01,vikram8480@hdfcbank
C02276,Amit Pillai,8300701802,,1970-06-09,Bengaluru,full,2020-02-12,amit1802@ybl
C02277,Kavita Yadav,8542465742,kavita.yadav59@gmail.com,1972-08-28,Jaipur,full,2021-11-06,kavita5742@okbank
C02278,Tarun Mehta,6745547265,tarun.mehta51@gmail.com,,Pune,pending,2021-10-05,tarun7265@sbi
C02279,Sunita Das,9795334783,,1973-05-23,Lucknow,full,2022-08-12,sunita4783@icici
C02280,Nisha Bose,7438916901,,1984-12-14,Chennai,full,2022-06-23,nisha6901@hdfcbank
C02281,Vijay Singh,9813959977,vijay.singh32@gmail.com,1982-01-03,Jaipur,min,2024-01-30,vijay9977@hdfcbank
C02282,Pooja Bose,6340168953,pooja.bose70@gmail.com,1989-08-15,Delhi,full,2021-10-13,pooja8953@hdfcbank
C02283,Swati Chopra,7620131432,swati.chopra74@gmail.com,1993-03-16,Mumbai,full,2021-11-22,swati1432@paytm
C02284,Karan Chopra,8521009470,,,Kolkata,full,2022-08-20,karan9470@paytm
C02285,Farhan Joshi,6047798496,,1966-12-31,Chennai,full,2025-07-12,farhan8496@sbi
C02286,Farhan Iyer,8236700278,farhan.iyer25@gmail.com,1995-09-23,Lucknow,pending,2022-09-26,farhan0278@sbi
C02287,Sanjay Sharma,9529432516,,2000-01-18,Lucknow,full,2025-11-08,sanjay2516@icici
C02288,Suresh Menon,6220423431,,1996-01-08,Delhi,pending,2023-09-18,suresh3431@hdfcbank
C02289,Sneha Iyer,7866290172,sneha.iyer14@gmail.com,1990-01-10,Chennai,min,2019-09-23,sneha0172@okbank
C02290,Sanjay Kulkarni,9123244516,,1994-03-22,Delhi,pending,2025-10-29,sanjay4516@paytm
C02291,Fatima Yadav,9996866771,fatima.yadav25@gmail.com,1995-05-14,,full,2025-07-11,fatima6771@icici
C02292,Vikram Yadav,6806369566,vikram.yadav53@gmail.com,1987-10-01,Pune,full,2020-06-28,vikram9566@ybl
C02293,Rohan Singh,7632545938,rohan.singh60@gmail.com,2003-12-20,Ahmedabad,full,2020-01-31,rohan5938@okbank
C02294,Farhan Gupta,8578202241,,1965-10-13,Jaipur,full,2023-01-19,farhan2241@paytm
C02295,Kavita Shaikh,6034652030,kavita.shaikh31@gmail.com,1983-01-16,Lucknow,full,2023-08-02,kavita2030@sbi
C02296,Kavita Iyer,6249619565,,2004-02-03,Jaipur,full,2021-02-24,kavita9565@paytm
C02297,Manish Desai,7861394699,manish.desai25@gmail.com,1988-04-26,Kolkata,min,2025-05-21,manish4699@hdfcbank
C02298,Sanjay Iyer,9447509773,sanjay.iyer22@gmail.com,1971-09-17,Pune,full,2024-03-13,sanjay9773@ybl
C02299,Nisha Desai,9364385472,nisha.desai48@gmail.com,1987-08-23,Hyderabad,pending,2023-08-19,nisha5472@hdfcbank
C02300,Priya Khan,6630500152,,1983-11-06,Ahmedabad,full,2026-04-25,priya0152@okbank
C02301,Pooja Kulkarni,8063440968,,1977-11-18,Delhi,min,2022-11-15,pooja0968@ybl
C02302,Tarun Singh,8636614486,,1976-08-29,Jaipur,full,2020-01-07,tarun4486@axl
C02303,Pooja Mehta,9969052333,,1998-02-27,Bengaluru,min,2022-05-03,pooja2333@okbank
C02304,Rahul Reddy,6506842148,rahul.reddy40@gmail.com,1980-01-07,Hyderabad,min,2021-08-13,rahul2148@paytm
C02305,Sunita Patel,7882729412,sunita.patel59@gmail.com,1965-08-25,Delhi,min,2020-08-30,sunita9412@icici
C02306,Anjali Reddy,8938216948,anjali.reddy70@gmail.com,1998-12-08,Mumbai,full,2020-09-07,anjali6948@okbank
C02307,Imran Mehta,6277420833,imran.mehta38@gmail.com,1973-06-07,Hyderabad,full,2022-07-16,imran0833@axl
C02308,Farhan Das,6140640977,,2001-10-05,Pune,min,2024-09-02,farhan0977@paytm
C02309,Priya Mehta,8327728103,priya.mehta91@gmail.com,1962-07-07,,full,2024-07-26,priya8103@hdfcbank
C02310,Divya Verma,9528310076,divya.verma4@gmail.com,1979-10-08,Bengaluru,min,2024-08-19,divya0076@sbi
C02311,Karan Das,8797315637,karan.das15@gmail.com,2000-09-15,Ahmedabad,min,2023-11-05,karan5637@icici
C02312,Amit Sharma,8055755189,,1962-05-11,Lucknow,full,2024-05-25,amit5189@axl
C02313,Imran Bose,7085586575,imran.bose88@gmail.com,1997-04-07,Mumbai,min,2023-02-20,imran6575@paytm
C02314,Karan Kulkarni,9021056458,karan.kulkarni71@gmail.com,1965-10-18,Lucknow,full,2026-01-22,karan6458@axl
C02315,Karan Khan,6275042568,karan.khan85@gmail.com,1983-07-22,Jaipur,pending,2024-04-14,karan2568@icici
C02316,Anjali Nair,8046505661,anjali.nair86@gmail.com,1977-03-24,Mumbai,min,2021-12-16,anjali5661@sbi
C02317,Sanjay Desai,8980694449,sanjay.desai77@gmail.com,2004-11-05,Lucknow,full,2024-05-13,sanjay4449@sbi
C02318,Farhan Sharma,7168700708,farhan.sharma69@gmail.com,,Bengaluru,full,2024-08-22,farhan0708@icici
C02319,Fatima Joshi,6833620381,fatima.joshi44@gmail.com,1982-02-05,Delhi,full,2024-11-04,fatima0381@ybl
C02320,Harsh Nair,8400349295,harsh.nair4@gmail.com,1975-10-06,,full,2020-04-28,harsh9295@okbank
C02321,Sneha Desai,6526950100,sneha.desai37@gmail.com,1991-12-09,Kolkata,full,2021-08-11,sneha0100@axl
C02322,Vikram Das,9588268357,vikram.das35@gmail.com,1986-01-28,Jaipur,pending,2025-06-26,vikram8357@hdfcbank
C02323,Harsh Chopra,8583200322,harsh.chopra42@gmail.com,1980-01-09,Mumbai,full,2020-04-23,harsh0322@ybl
C02324,Rahul Sharma,7373238742,rahul.sharma43@gmail.com,1969-01-07,Kolkata,full,2024-11-07,rahul8742@paytm
C02325,Swati Khan,7083149996,,1963-08-15,Ahmedabad,min,2025-10-28,swati9996@hdfcbank
C02326,Tarun Bose,9801303809,,2002-09-01,Jaipur,full,2025-04-18,tarun3809@ybl
C02327,Sanjay Bose,6050964442,sanjay.bose84@gmail.com,1993-12-19,Bengaluru,full,2024-09-16,sanjay4442@sbi
C02328,Deepak Yadav,6040346298,,1970-01-18,Hyderabad,full,2023-10-12,deepak6298@paytm
C02329,Karan Reddy,9211495864,,2004-04-11,Pune,min,2019-12-30,karan5864@paytm
C02330,Sanjay Verma,7796670278,sanjay.verma38@gmail.com,1992-08-31,Mumbai,min,2025-07-22,sanjay0278@paytm
C02331,Deepak Gupta,7264435006,deepak.gupta32@gmail.com,1991-11-30,,full,2020-10-02,deepak5006@hdfcbank
C02332,Vijay Pillai,6457077367,vijay.pillai71@gmail.com,1978-04-26,Mumbai,pending,2019-12-17,vijay7367@icici
C02333,Deepak Bose,7228224095,deepak.bose10@gmail.com,2000-09-26,Lucknow,min,2023-08-17,deepak4095@paytm
C02334,Tarun Nair,6741842044,tarun.nair23@gmail.com,1972-09-15,Lucknow,min,2024-11-05,tarun2044@sbi
C02335,Anjali Bose,9076534170,anjali.bose61@gmail.com,1989-01-03,Chennai,full,2024-09-07,anjali4170@sbi
C02336,Arjun Gupta,6815178934,,1984-11-10,Mumbai,full,2025-03-31,arjun8934@icici
C02337,Isha Yadav,9317384791,,1976-12-20,Delhi,full,2025-08-10,isha4791@sbi
C02338,Farhan Khan,8360636382,farhan.khan86@gmail.com,1990-11-01,Ahmedabad,pending,2020-12-24,farhan6382@sbi
C02339,Imran Bose,8152144716,imran.bose97@gmail.com,1976-10-31,Bengaluru,pending,2022-05-09,imran4716@ybl
C02340,Swati Sharma,7883473480,swati.sharma79@gmail.com,1970-10-19,Mumbai,min,2023-02-18,swati3480@axl
C02341,Deepak Patel,7856932580,,1969-11-20,Bengaluru,full,2025-08-05,deepak2580@ybl
C02342,Isha Mehta,9691805624,isha.mehta88@gmail.com,,Mumbai,pending,2026-05-24,isha5624@axl
C02343,Aarti Menon,7168206352,,1974-11-13,Lucknow,full,2021-09-12,aarti6352@paytm
C02344,Meera Mehta,9959283149,meera.mehta8@gmail.com,1961-09-25,Chennai,full,2026-02-16,meera3149@axl
C02345,Farhan Gupta,6094198767,farhan.gupta15@gmail.com,1974-11-14,Mumbai,pending,2024-04-12,farhan8767@okbank
C02346,Swati Menon,6847927493,swati.menon57@gmail.com,1971-02-15,,full,2022-07-05,swati7493@hdfcbank
C02347,Rahul Khan,9761858964,,1990-10-19,Ahmedabad,min,2023-10-02,rahul8964@paytm
C02348,Manish Menon,9623601722,manish.menon29@gmail.com,1993-08-03,Ahmedabad,full,2021-04-23,manish1722@hdfcbank
C02349,Sanjay Reddy,6805395306,,1997-09-23,Delhi,full,2019-11-09,sanjay5306@icici
C02350,Meera Yadav,8610475662,meera.yadav11@gmail.com,1984-08-14,Ahmedabad,full,2025-08-15,meera5662@icici
C02351,Suresh Nair,8737228511,suresh.nair45@gmail.com,1996-09-10,Chennai,min,2026-03-03,suresh8511@sbi
C02352,Neha Menon,6380922763,neha.menon62@gmail.com,1989-11-05,Bengaluru,min,2024-12-21,neha2763@paytm
C02353,Deepak Shaikh,6754501651,deepak.shaikh25@gmail.com,1979-12-09,Kolkata,min,2023-05-09,deepak1651@axl
C02354,D. Joshi,9609350841,deepak.joshi67@gmail.com,1985-02-28,Kolkata,full,2022-05-21,deepak0841@hdfcbank
C02355,Harsh Joshi,9442806246,,1963-08-29,Lucknow,full,2025-10-12,harsh6246@okbank
C02356,Deepak Yadav,8665881610,,2003-10-09,Chennai,full,2024-01-04,deepak1610@hdfcbank
C02357,Suresh Chopra,9347334335,suresh.chopra11@gmail.com,1963-03-13,Kolkata,min,2023-06-02,suresh4335@icici
C02358,Sanjay Joshi,9100326322,,,,full,2020-09-17,sanjay6322@paytm
C02359,Harsh Singh,8337210631,,1966-11-22,Ahmedabad,full,2021-12-31,harsh0631@axl
C02360,Deepak Yadav,8635159629,,1974-08-13,Hyderabad,full,2021-04-03,deepak9629@hdfcbank
C02361,Suresh Sharma,6736491026,suresh.sharma36@gmail.com,1961-03-24,Lucknow,full,2024-09-04,suresh1026@sbi
C02362,Nisha Shaikh,8492673952,,1998-06-30,Delhi,full,2025-05-26,nisha3952@axl
C02363,Sanjay Joshi,8502066106,sanjay.joshi72@gmail.com,1964-04-03,Mumbai,min,2024-03-30,sanjay6106@axl
C02364,Rahul Das,8640995996,,2000-08-21,Kolkata,full,2022-03-21,rahul5996@icici
C02365,Suresh Patel,7054276253,suresh.patel20@gmail.com,1976-05-06,Pune,min,2023-06-26,suresh6253@paytm
C02366,Aarti Das,6913801316,aarti.das11@gmail.com,1985-03-23,Pune,full,2023-03-30,aarti1316@icici
C02367,F. Verma,7246917037,,2004-06-23,Kolkata,full,2023-02-02,fatima7037@paytm
C02368,Nisha Shaikh,6198392327,nisha.shaikh21@gmail.com,1977-01-29,Lucknow,min,2020-11-11,nisha2327@okbank
C02369,Priya Das,6267980113,priya.das82@gmail.com,1993-10-28,Mumbai,full,2022-12-02,priya0113@icici
C02370,N. Khan,7361103738,,1982-04-12,Mumbai,min,2025-07-22,neha3738@okbank
C02371,Rohan Das,7481250359,rohan.das2@gmail.com,1981-03-25,Pune,full,2022-05-28,rohan0359@sbi
C02372,Kavita Patel,7586727508,,1993-04-05,Jaipur,min,2024-01-29,kavita7508@hdfcbank
C02373,Ritu Khan,9606028318,,1962-05-24,Chennai,full,2022-01-09,ritu8318@paytm
C02374,Sanjay Mehta,9847712202,sanjay.mehta38@gmail.com,1966-07-01,Kolkata,full,2025-09-12,sanjay2202@icici
C02375,M. Pillai,9818325770,,1988-01-10,Bengaluru,min,2024-09-09,meera5770@icici
C02376,Harsh Khan,7148910769,,1987-09-25,Bengaluru,full,2019-10-01,harsh0769@ybl
C02377,Rahul Khan,7670014916,rahul.khan58@gmail.com,1975-06-16,Hyderabad,min,2022-09-07,rahul4916@okbank
C02378,Isha Gupta,8213364458,isha.gupta15@gmail.com,1985-08-27,Kolkata,min,2022-03-15,isha4458@paytm
C02379,Isha Das,7390160029,isha.das9@gmail.com,1994-10-19,Mumbai,full,2024-04-24,isha0029@okbank
C02380,Sunita Iyer,9079111355,,2003-03-25,Jaipur,min,2024-03-23,sunita1355@icici
C02381,Suresh Khan,6211115257,suresh.khan94@gmail.com,1978-08-30,Ahmedabad,pending,2022-10-08,suresh5257@ybl
C02382,Ritu Sharma,9167829886,ritu.sharma93@gmail.com,1985-12-07,Hyderabad,full,2022-12-04,ritu9886@paytm
C02383,Vijay Nair,8365855286,,1964-02-08,,full,2024-08-30,vijay5286@axl
C02384,Imran Nair,6313879274,,1993-10-07,Lucknow,full,2026-03-05,imran9274@paytm
C02385,Deepak Nair,8533593911,deepak.nair58@gmail.com,1978-02-22,Mumbai,full,2026-05-14,deepak3911@icici
C02386,M. Desai,8526277162,meera.desai97@gmail.com,1983-05-25,Chennai,pending,2022-02-23,meera7162@hdfcbank
C02387,Deepak Kulkarni,7618867316,deepak.kulkarni67@gmail.com,1984-09-13,Delhi,min,2025-09-20,deepak7316@hdfcbank
C02388,Meera Iyer,8916485798,,1965-06-06,Chennai,full,2023-01-11,meera5798@sbi
C02389,Meera Nair,7883170387,,1973-08-01,,min,2023-02-09,meera0387@ybl
C02390,N. Reddy,9018270069,,1983-03-15,Mumbai,min,2022-04-28,nisha0069@ybl
C02391,Divya Iyer,9244446621,divya.iyer98@gmail.com,1998-02-08,Pune,full,2026-01-30,divya6621@sbi
C02392,Neha Patel,6128273621,,1971-02-03,Ahmedabad,full,2019-11-04,neha3621@axl
C02393,Rohan Pillai,6867011082,,1976-07-09,Mumbai,full,2019-09-05,rohan1082@ybl
C02394,Tarun Nair,6100862037,tarun.nair42@gmail.com,1980-06-21,Delhi,full,2020-07-24,tarun2037@icici
C02395,S. Shaikh,6748622293,sanjay.shaikh34@gmail.com,1962-11-20,Lucknow,full,2023-06-09,sanjay2293@axl
C02396,Nisha Khan,6323131948,nisha.khan2@gmail.com,2003-03-31,Delhi,full,2022-04-09,nisha1948@icici
C02397,Neha Kulkarni,6643698132,neha.kulkarni75@gmail.com,1964-03-26,Jaipur,full,2025-08-01,neha8132@ybl
C02398,Vijay Mehta,6593719547,,1999-06-12,Lucknow,full,2023-11-01,vijay9547@hdfcbank
C02399,Nisha Sharma,7785078705,nisha.sharma4@gmail.com,1971-04-03,Bengaluru,min,2021-05-08,nisha8705@axl
C02400,Farhan Iyer,9830782136,,1987-09-22,Chennai,min,2024-10-01,farhan2136@sbi
C02401,Sneha Chopra,7576888580,,1967-04-16,Bengaluru,full,2024-11-23,sneha8580@axl
C02402,R. Reddy,6744564500,rohan.reddy64@gmail.com,,Hyderabad,pending,2020-10-09,rohan4500@icici
C02403,Farhan Gupta,7703501240,farhan.gupta81@gmail.com,1995-10-03,Bengaluru,full,2021-05-31,farhan1240@hdfcbank
C02404,Priya Khan,9680694579,priya.khan21@gmail.com,1962-10-15,Ahmedabad,full,2023-09-25,priya4579@icici
C02405,Deepak Chopra,9824748285,deepak.chopra97@gmail.com,1992-01-31,Mumbai,full,2021-11-18,deepak8285@axl
C02406,Farhan Mehta,8066396024,,1977-10-05,Chennai,full,2019-10-18,farhan6024@hdfcbank
C02407,D. Shaikh,8305201200,divya.shaikh21@gmail.com,1962-02-26,Bengaluru,full,2019-11-12,divya1200@icici
C02408,Manish Singh,6796545628,manish.singh27@gmail.com,1969-05-28,Jaipur,full,2020-02-05,manish5628@hdfcbank
C02409,Fatima Shaikh,9306601461,fatima.shaikh43@gmail.com,1970-06-10,Chennai,min,2022-06-11,fatima1461@axl
C02410,K. Verma,7839904248,,1996-06-30,Jaipur,pending,2024-02-19,karan4248@hdfcbank
C02411,Karan Gupta,8694294514,karan.gupta19@gmail.com,1965-01-06,Mumbai,full,2020-05-13,karan4514@okbank
C02412,Pooja Khan,6582070604,pooja.khan9@gmail.com,2004-11-16,Ahmedabad,full,2022-06-14,pooja0604@okbank
C02413,Rahul Chopra,9225272683,rahul.chopra14@gmail.com,1967-09-21,Kolkata,pending,2024-10-31,rahul2683@ybl
C02414,Tarun Yadav,7402680708,,1988-02-13,Kolkata,full,2022-09-14,tarun0708@icici
C02415,Suresh Pillai,8354295215,suresh.pillai52@gmail.com,1985-08-15,Chennai,full,2025-09-15,suresh5215@icici
C02416,Kavita Joshi,9473278679,kavita.joshi7@gmail.com,1994-11-21,Mumbai,min,2025-09-21,kavita8679@icici
C02417,Vikram Yadav,8471761502,vikram.yadav74@gmail.com,1975-11-21,Jaipur,full,2022-08-01,vikram1502@ybl
C02418,Sunita Patel,8099184789,sunita.patel57@gmail.com,1997-09-07,Mumbai,full,2022-03-06,sunita4789@sbi
C02419,S. Joshi,7783155379,sneha.joshi57@gmail.com,1987-12-19,Hyderabad,min,2026-03-21,sneha5379@axl
C02420,Tarun Reddy,8393759259,tarun.reddy22@gmail.com,1973-05-01,Lucknow,min,2022-09-16,tarun9259@ybl
C02421,Amit Das,7008710254,amit.das62@gmail.com,,Mumbai,full,2025-09-20,amit0254@icici
C02422,Rohan Mehta,6156622027,,1970-09-11,Hyderabad,min,2022-12-20,rohan2027@ybl
C02423,Aarti Joshi,7518580705,,2001-02-15,Jaipur,min,2022-09-02,aarti0705@okbank
C02424,Sunita Mehta,9786876342,sunita.mehta98@gmail.com,1995-11-27,Delhi,full,2023-07-30,sunita6342@sbi
C02425,Vikram Patel,9713402876,vikram.patel74@gmail.com,1984-09-21,Pune,full,2020-04-18,vikram2876@paytm
C02426,Farhan Yadav,8740329042,,1968-09-18,Lucknow,full,2026-02-16,farhan9042@axl
C02427,Sunita Pillai,7367969641,sunita.pillai96@gmail.com,1983-05-18,Ahmedabad,full,2021-01-18,sunita9641@sbi
C02428,Vijay Gupta,8941384601,,1975-08-29,Kolkata,min,2021-07-30,vijay4601@paytm
C02429,Nisha Kulkarni,9313262236,nisha.kulkarni22@gmail.com,,Lucknow,full,2022-05-27,nisha2236@paytm
C02430,Deepak Iyer,7682022838,,1979-01-09,Lucknow,min,2026-04-17,deepak2838@okbank
C02431,Swati Desai,7808537850,,1992-09-08,Ahmedabad,full,2023-06-06,swati7850@ybl
C02432,Manish Desai,9823288069,manish.desai20@gmail.com,1984-04-14,Ahmedabad,min,2023-01-13,manish8069@axl
C02433,Tarun Desai,6541826438,tarun.desai64@gmail.com,1970-04-18,Delhi,full,2020-04-01,tarun6438@sbi
C02434,Amit Mehta,9181729825,amit.mehta34@gmail.com,2005-06-07,Pune,full,2026-03-11,amit9825@axl
C02435,Farhan Singh,9487436375,,1999-09-21,Jaipur,min,2022-01-03,farhan6375@ybl
C02436,Anjali Yadav,7146854943,anjali.yadav62@gmail.com,2000-10-03,Delhi,min,2020-08-06,anjali4943@axl
C02437,Karan Yadav,8613159062,karan.yadav5@gmail.com,1967-04-19,Pune,min,2023-09-26,karan9062@paytm
C02438,Anjali Chopra,6933989583,anjali.chopra28@gmail.com,2000-11-21,,min,2026-05-25,anjali9583@sbi
C02439,Deepak Shaikh,7810892214,,1987-07-22,Bengaluru,full,2026-04-29,deepak2214@hdfcbank
C02440,P. Iyer,6019647525,pooja.iyer98@gmail.com,1993-02-18,Lucknow,min,2021-05-19,pooja7525@sbi
C02441,Farhan Chopra,6357310882,farhan.chopra65@gmail.com,1988-07-05,Chennai,full,2024-04-02,farhan0882@hdfcbank
C02442,Suresh Gupta,9526893358,suresh.gupta40@gmail.com,1963-09-22,Kolkata,pending,2024-03-29,suresh3358@hdfcbank
C02443,Vikram Reddy,7637019268,,1967-11-08,Delhi,min,2024-06-15,vikram9268@paytm
C02444,Deepak Mehta,6465157511,deepak.mehta15@gmail.com,1973-06-02,Mumbai,full,2024-09-21,deepak7511@axl
C02445,Vikram Desai,6187963329,vikram.desai33@gmail.com,1968-01-21,Kolkata,full,2025-09-25,vikram3329@axl
C02446,Neha Joshi,6096685072,neha.joshi31@gmail.com,1985-08-08,Pune,pending,2021-09-30,neha5072@okbank
C02447,Sneha Singh,6192366657,sneha.singh44@gmail.com,2003-07-11,Lucknow,min,2025-03-17,sneha6657@icici
C02448,Swati Patel,7306361989,,1988-02-25,Ahmedabad,min,2021-12-15,swati1989@okbank
C02449,Harsh Bose,6108827032,harsh.bose25@gmail.com,1987-11-11,Chennai,min,2024-03-22,harsh7032@axl
C02450,N. Sharma,9011269027,,1991-11-08,Kolkata,min,2022-12-17,neha9027@axl
C02451,Aarti Joshi,9045739047,aarti.joshi69@gmail.com,1975-08-16,Hyderabad,full,2022-09-07,aarti9047@hdfcbank
C02452,Amit Pillai,7356265684,amit.pillai23@gmail.com,2000-07-12,Mumbai,min,2022-05-18,amit5684@ybl
C02453,Suresh Kulkarni,6296109565,suresh.kulkarni17@gmail.com,1973-10-28,Chennai,min,2020-05-12,suresh9565@hdfcbank
C02454,Arjun Desai,6104200974,arjun.desai76@gmail.com,1988-06-10,Ahmedabad,full,2025-09-22,arjun0974@sbi
C02455,Aarti Reddy,8973690001,aarti.reddy9@gmail.com,1995-08-28,Delhi,full,2026-01-15,aarti0001@okbank
C02456,Harsh Das,8718911290,harsh.das44@gmail.com,1986-07-08,Chennai,full,2022-10-02,harsh1290@ybl
C02457,Harsh Das,9029676754,harsh.das94@gmail.com,1966-08-16,Mumbai,min,2024-12-19,harsh6754@okbank
C02458,Rohan Singh,9810852275,rohan.singh94@gmail.com,,Bengaluru,pending,2021-10-21,rohan2275@hdfcbank
C02459,Sanjay Shaikh,8598001290,sanjay.shaikh15@gmail.com,1998-08-29,Jaipur,full,2022-02-20,sanjay1290@paytm
C02460,Tarun Gupta,7277933233,tarun.gupta43@gmail.com,1976-03-29,Bengaluru,min,2026-03-01,tarun3233@axl
C02461,Ritu Verma,8959770736,ritu.verma58@gmail.com,,Bengaluru,full,2025-08-24,ritu0736@sbi
C02462,V. Mehta,9407449109,vijay.mehta80@gmail.com,1968-02-21,Chennai,min,2019-12-30,vijay9109@icici
C02463,Karan Patel,8577142314,karan.patel1@gmail.com,1972-07-03,Ahmedabad,full,2023-06-14,karan2314@hdfcbank
C02464,Nisha Iyer,6601099376,nisha.iyer70@gmail.com,1982-11-21,Hyderabad,full,2022-11-30,nisha9376@axl
C02465,Priya Gupta,6298130018,priya.gupta28@gmail.com,1980-09-14,,full,2025-02-23,priya0018@ybl
C02466,Anjali Joshi,7026580839,,1973-05-23,Bengaluru,min,2021-02-05,anjali0839@okbank
C02467,Anjali Pillai,9394599636,anjali.pillai19@gmail.com,2000-02-14,Hyderabad,full,2024-01-16,anjali9636@paytm
C02468,Aarti Joshi,9477155949,aarti.joshi21@gmail.com,1986-05-12,Jaipur,full,2022-06-04,aarti5949@axl
C02469,Priya Patel,7874802169,,1981-01-16,,min,2024-11-12,priya2169@ybl
C02470,Arjun Singh,9894488469,,1998-01-30,Lucknow,full,2020-12-12,arjun8469@okbank
C02471,Amit Singh,6354201169,amit.singh75@gmail.com,,Mumbai,full,2023-01-14,amit1169@ybl
C02472,S. Joshi,8759778484,sunita.joshi9@gmail.com,,Chennai,min,2020-08-05,sunita8484@axl
C02473,Farhan Yadav,6098562078,,1983-12-03,Bengaluru,full,2023-10-29,farhan2078@sbi
C02474,Neha Joshi,8539415457,neha.joshi11@gmail.com,,Pune,full,2021-06-03,neha5457@sbi
C02475,S. Joshi,8742966689,,1970-05-20,Chennai,full,2022-10-01,sunita6689@hdfcbank
C02476,A. Mehta,8683656047,arjun.mehta62@gmail.com,,Jaipur,min,2025-10-18,arjun6047@hdfcbank
C02477,Arjun Sharma,6017211316,,1993-01-23,Kolkata,full,2024-12-28,arjun1316@paytm
C02478,Karan Iyer,8814633949,karan.iyer63@gmail.com,1985-03-12,Pune,full,2024-09-07,karan3949@icici
C02479,Sneha Khan,6202501379,sneha.khan64@gmail.com,1970-08-03,Hyderabad,full,2021-09-18,sneha1379@okbank
C02480,Sneha Das,6021153867,sneha.das89@gmail.com,1966-04-25,Chennai,min,2021-09-05,sneha3867@axl
C02481,Tarun Pillai,9917995232,tarun.pillai84@gmail.com,1983-06-08,Lucknow,pending,2025-08-10,tarun5232@okbank
C02482,Tarun Iyer,6534007190,tarun.iyer76@gmail.com,1993-07-12,Delhi,min,2021-03-10,tarun7190@paytm
C02483,A. Iyer,9053027210,,1965-03-10,Hyderabad,full,2025-11-28,aarti7210@sbi
C02484,Vijay Menon,9295351491,vijay.menon18@gmail.com,1996-08-30,Mumbai,full,2022-01-08,vijay1491@axl
C02485,Suresh Bose,6102619122,,1975-10-02,Bengaluru,full,2020-11-17,suresh9122@paytm
C02486,A. Bose,6321263208,,1976-03-11,Kolkata,full,2022-04-23,aarti3208@paytm
C02487,M. Gupta,7650186038,manish.gupta73@gmail.com,1964-02-15,Hyderabad,full,2022-02-26,manish6038@okbank
C02488,Swati Shaikh,8207724816,swati.shaikh4@gmail.com,2002-02-15,Mumbai,full,2024-02-10,swati4816@paytm
C02489,Imran Iyer,8323932788,imran.iyer97@gmail.com,1968-08-18,Lucknow,full,2021-11-17,imran2788@paytm
C02490,Swati Iyer,9401851376,,1977-01-07,Lucknow,full,2019-09-22,swati1376@paytm
C02491,Tarun Desai,7922538934,,,,full,2023-07-09,tarun8934@hdfcbank
C02492,Meera Sharma,9529257842,meera.sharma27@gmail.com,1971-01-31,Chennai,min,2019-12-15,meera7842@ybl
C02493,Sanjay Bose,6505420119,sanjay.bose63@gmail.com,1962-03-20,,full,2021-10-30,sanjay0119@axl
C02494,Swati Sharma,7522826244,swati.sharma30@gmail.com,1976-11-03,Jaipur,min,2023-11-12,swati6244@icici
C02495,Meera Bose,8831871272,,1996-06-16,Lucknow,min,2020-09-08,meera1272@ybl
C02496,Nisha Chopra,7757635669,nisha.chopra16@gmail.com,2005-12-18,Mumbai,full,2020-09-27,nisha5669@hdfcbank
C02497,Rahul Desai,7274973146,rahul.desai34@gmail.com,1973-03-18,Kolkata,full,2024-11-30,rahul3146@axl
C02498,Tarun Khan,6892373818,,2000-09-15,Hyderabad,full,2025-06-17,tarun3818@axl
C02499,Farhan Patel,9037253114,farhan.patel91@gmail.com,1961-06-02,Chennai,min,2022-10-15,farhan3114@hdfcbank
C02500,Anjali Chopra,6900910171,anjali.chopra31@gmail.com,1968-10-30,Ahmedabad,full,2021-12-08,anjali0171@paytm
C02501,Meera Reddy,9565979474,,1993-05-11,Chennai,min,2019-11-28,meera9474@okbank
C02502,Sanjay Verma,7139557682,sanjay.verma9@gmail.com,1961-05-29,Hyderabad,full,2023-08-05,sanjay7682@ybl
C02503,Meera Khan,9144291186,meera.khan85@gmail.com,1972-10-08,Delhi,min,2019-10-18,meera1186@hdfcbank
C02504,Amit Pillai,6922416532,,,Mumbai,full,2024-02-10,amit6532@ybl
C02505,Anjali Mehta,7739342622,anjali.mehta61@gmail.com,2000-06-06,Delhi,min,2025-09-10,anjali2622@sbi
C02506,Divya Nair,9678829691,divya.nair17@gmail.com,1988-02-27,Delhi,full,2021-10-25,divya9691@icici
C02507,Sanjay Menon,7569276153,sanjay.menon14@gmail.com,2002-05-07,Delhi,min,2021-09-25,sanjay6153@icici
C02508,Sunita Iyer,8951937329,,1999-11-26,Delhi,min,2021-10-09,sunita7329@sbi
C02509,Priya Shaikh,6324077830,,2005-09-10,Hyderabad,full,2021-09-25,priya7830@icici
C02510,Amit Iyer,6457306649,amit.iyer53@gmail.com,1999-03-28,Jaipur,pending,2025-10-29,amit6649@paytm
C02511,Arjun Patel,6685847932,arjun.patel49@gmail.com,1984-03-11,Mumbai,min,2025-02-07,arjun7932@icici
C02512,Pooja Singh,9930311757,,1985-05-23,Mumbai,full,2021-03-11,pooja1757@ybl
C02513,Divya Yadav,9865019763,,1997-08-31,Mumbai,full,2022-09-18,divya9763@axl
C02514,Vikram Bose,7191645882,vikram.bose66@gmail.com,1993-03-15,Ahmedabad,min,2022-04-29,vikram5882@icici
C02515,Imran Shaikh,7553851762,imran.shaikh32@gmail.com,2004-10-04,Kolkata,full,2021-11-15,imran1762@ybl
C02516,Imran Singh,9326539698,imran.singh78@gmail.com,1999-02-17,Lucknow,full,2022-08-22,imran9698@icici
C02517,Meera Gupta,6677536157,,1987-11-05,Pune,full,2020-01-26,meera6157@axl
C02518,Isha Patel,8279048195,,1993-05-13,Jaipur,full,2022-12-13,isha8195@okbank
C02519,Nisha Chopra,9972243880,nisha.chopra77@gmail.com,2001-08-15,Jaipur,full,2020-12-09,nisha3880@paytm
C02520,Rahul Kulkarni,8790801729,rahul.kulkarni88@gmail.com,1997-08-13,Delhi,full,2025-12-12,rahul1729@paytm
C02521,Neha Bose,7515806605,neha.bose5@gmail.com,1992-12-06,Mumbai,full,2025-05-14,neha6605@paytm
C02522,Nisha Yadav,7603314162,,2005-05-14,Chennai,full,2023-02-18,nisha4162@paytm
C02523,Vijay Kulkarni,7182865374,vijay.kulkarni52@gmail.com,1966-12-10,Lucknow,pending,2024-02-04,vijay5374@axl
C02524,Neha Menon,7221747282,neha.menon79@gmail.com,1964-09-06,Pune,full,2020-01-26,neha7282@ybl
C02525,N. Chopra,7276970789,nisha.chopra31@gmail.com,1970-12-18,Ahmedabad,min,2024-09-17,nisha0789@hdfcbank
C02526,Aarti Kulkarni,6865909465,,1968-08-15,Mumbai,full,2025-09-26,aarti9465@ybl
C02527,S. Pillai,9971874823,,1988-10-11,Hyderabad,min,2025-08-21,sanjay4823@icici
C02528,Isha Yadav,7529718627,isha.yadav21@gmail.com,1973-11-29,Mumbai,full,2021-02-02,isha8627@axl
C02529,K. Sharma,6601671866,karan.sharma80@gmail.com,1982-02-18,Lucknow,pending,2025-05-30,karan1866@okbank
C02530,Arjun Bose,7493275012,arjun.bose59@gmail.com,,Kolkata,full,2019-12-21,arjun5012@axl
C02531,Divya Menon,8770099699,divya.menon92@gmail.com,1993-09-02,Hyderabad,full,2022-12-17,divya9699@icici
C02532,Rahul Yadav,8017684961,rahul.yadav39@gmail.com,2001-07-23,Jaipur,full,2025-10-21,rahul4961@ybl
C02533,T. Desai,7509161061,tarun.desai72@gmail.com,,Mumbai,pending,2019-09-19,tarun1061@sbi
C02534,Harsh Yadav,8981446467,,1979-12-25,Pune,min,2024-05-22,harsh6467@ybl
C02535,Sanjay Shaikh,9861944023,sanjay.shaikh70@gmail.com,1992-03-09,Ahmedabad,full,2022-04-18,sanjay4023@sbi
C02536,Manish Iyer,8808580232,manish.iyer35@gmail.com,,Kolkata,min,2021-05-08,manish0232@hdfcbank
C02537,Isha Joshi,8599458347,,1989-11-06,Delhi,full,2022-04-27,isha8347@hdfcbank
C02538,Sunita Pillai,9980363193,sunita.pillai67@gmail.com,2006-02-18,Jaipur,full,2024-07-23,sunita3193@sbi
C02539,Ritu Das,6857238662,ritu.das46@gmail.com,1977-06-20,Ahmedabad,full,2023-02-06,ritu8662@okbank
C02540,Imran Mehta,6861613178,imran.mehta93@gmail.com,1962-02-14,Bengaluru,full,2023-04-05,imran3178@paytm
C02541,Fatima Kulkarni,7378245406,fatima.kulkarni37@gmail.com,,Lucknow,pending,2023-04-29,fatima5406@paytm
C02542,Tarun Gupta,8565666743,tarun.gupta11@gmail.com,1992-03-28,Lucknow,min,2024-10-23,tarun6743@ybl
C02543,Vijay Sharma,6006747126,vijay.sharma3@gmail.com,1982-06-05,,full,2026-02-17,vijay7126@icici
C02544,Swati Verma,8629376168,swati.verma74@gmail.com,1985-02-24,Mumbai,full,2022-05-10,swati6168@icici
C02545,S. Reddy,8993710205,suresh.reddy73@gmail.com,1987-06-01,Delhi,min,2024-04-27,suresh0205@icici
C02546,Manish Verma,9513733865,,2002-02-02,Chennai,min,2021-03-11,manish3865@okbank
C02547,Rahul Kulkarni,6942231828,,1979-05-23,Kolkata,min,2022-11-27,
C02548,Sneha Chopra,9765884813,,,Lucknow,full,2026-03-08,sneha4813@hdfcbank
C02549,Meera Singh,6073019729,,1995-06-06,Lucknow,full,2021-02-25,meera9729@ybl
C02550,Arjun Menon,8962455750,,2003-06-27,Ahmedabad,full,2026-05-21,arjun5750@okbank
C02551,A. Patel,6724361221,aarti.patel13@gmail.com,1968-04-25,Jaipur,full,2021-03-14,aarti1221@hdfcbank
C02552,Suresh Chopra,9274868719,,,Mumbai,min,2024-10-29,suresh8719@ybl
C02553,Suresh Joshi,7814770854,,,Hyderabad,pending,2022-08-06,suresh0854@icici
C02554,Aarti Iyer,8120018692,aarti.iyer86@gmail.com,1969-08-02,Pune,full,2023-04-29,aarti8692@ybl
C02555,Tarun Verma,8741764295,tarun.verma71@gmail.com,1981-11-15,Kolkata,full,2024-08-06,tarun4295@okbank
C02556,Vijay Desai,9659403464,vijay.desai76@gmail.com,1964-11-28,Ahmedabad,full,2025-03-25,vijay3464@hdfcbank
C02557,Imran Kulkarni,9263838172,,1990-11-06,Mumbai,min,2025-04-16,imran8172@okbank
C02558,Isha Desai,9569835808,isha.desai38@gmail.com,1986-08-06,Ahmedabad,pending,2019-10-06,isha5808@paytm
C02559,Isha Pillai,8743418047,isha.pillai80@gmail.com,1988-07-05,Bengaluru,min,2021-05-24,isha8047@hdfcbank
C02560,Rohan Pillai,6983833633,,1967-02-14,Hyderabad,min,2024-08-15,rohan3633@paytm
C02561,Karan Sharma,7829451252,,2000-03-12,Lucknow,min,2020-10-26,karan1252@paytm
C02562,Arjun Chopra,9497979212,arjun.chopra8@gmail.com,1975-09-24,,pending,2026-05-26,arjun9212@axl
C02563,Vikram Singh,7212841495,vikram.singh96@gmail.com,1992-01-01,Pune,min,2025-11-12,vikram1495@axl
C02564,Pooja Desai,9929195916,pooja.desai50@gmail.com,1993-10-23,Chennai,min,2020-04-17,pooja5916@hdfcbank
C02565,Amit Bose,8873105756,amit.bose30@gmail.com,1969-05-17,Ahmedabad,full,2025-04-19,amit5756@hdfcbank
C02566,Priya Chopra,7270229783,priya.chopra76@gmail.com,1977-11-15,Hyderabad,full,2023-03-27,priya9783@icici
C02567,Ritu Yadav,7628862221,ritu.yadav12@gmail.com,1963-11-13,Mumbai,min,2025-07-05,ritu2221@axl
C02568,Sanjay Reddy,7160574934,sanjay.reddy16@gmail.com,1982-06-15,Lucknow,min,2020-12-19,sanjay4934@okbank
C02569,Tarun Iyer,8489460185,tarun.iyer28@gmail.com,2006-02-20,Bengaluru,full,2024-08-04,tarun0185@paytm
C02570,Neha Yadav,9560192074,,1993-01-05,Delhi,full,2022-05-26,neha2074@hdfcbank
C02571,Kavita Verma,6320140610,kavita.verma36@gmail.com,1973-05-07,,min,2022-04-17,kavita0610@okbank
C02572,Arjun Kulkarni,9738279922,arjun.kulkarni63@gmail.com,2001-06-19,Delhi,min,2020-04-14,arjun9922@paytm
C02573,Sanjay Gupta,6915014941,sanjay.gupta90@gmail.com,1971-02-27,Delhi,full,2020-07-27,sanjay4941@okbank
C02574,Vijay Kulkarni,7200765961,vijay.kulkarni43@gmail.com,1974-09-04,Lucknow,full,2023-04-06,vijay5961@hdfcbank
C02575,Vikram Nair,9384038903,vikram.nair73@gmail.com,1981-03-19,Chennai,pending,2023-04-03,vikram8903@ybl
C02576,Meera Shaikh,9871463465,meera.shaikh55@gmail.com,1985-11-23,Chennai,pending,2022-08-28,meera3465@ybl
C02577,Vikram Iyer,6372936532,vikram.iyer62@gmail.com,1968-06-16,Lucknow,min,2021-12-14,vikram6532@okbank
C02578,Vikram Bose,9921038286,vikram.bose1@gmail.com,1977-08-11,Delhi,full,2022-11-07,vikram8286@paytm
C02579,Amit Das,6628490580,amit.das88@gmail.com,1982-08-14,Chennai,full,2022-04-11,amit0580@paytm
C02580,Rohan Mehta,8647457417,rohan.mehta53@gmail.com,1975-07-16,Lucknow,min,2025-10-08,rohan7417@axl
C02581,Suresh Iyer,9355463884,suresh.iyer67@gmail.com,,Jaipur,pending,2022-11-09,suresh3884@ybl
C02582,S. Sharma,9957821889,,1975-03-30,Hyderabad,full,2025-08-15,suresh1889@axl
C02583,Arjun Yadav,6001793633,,2004-08-03,Chennai,full,2022-04-23,arjun3633@ybl
C02584,Farhan Gupta,9060282964,farhan.gupta74@gmail.com,1986-12-05,Delhi,min,2024-01-18,farhan2964@sbi
C02585,Rahul Kulkarni,7177550948,,1964-01-15,Pune,pending,2020-12-25,rahul0948@okbank
C02586,Rohan Shaikh,9554649145,rohan.shaikh37@gmail.com,1973-11-06,Jaipur,full,2024-07-08,rohan9145@sbi
C02587,Amit Verma,6969840540,,1980-04-29,Bengaluru,full,2021-12-13,amit0540@sbi
C02588,Priya Sharma,8780481971,,1971-06-22,Bengaluru,min,2020-02-21,priya1971@hdfcbank
C02589,Priya Verma,6987897577,,1971-01-15,Mumbai,min,2021-03-22,priya7577@sbi
C02590,Neha Singh,8607992111,neha.singh75@gmail.com,1971-01-21,Lucknow,full,2024-11-25,neha2111@icici
C02591,Imran Khan,6080782383,,1990-04-28,Mumbai,pending,2023-04-30,imran2383@axl
C02592,Suresh Khan,8825343839,suresh.khan80@gmail.com,1976-04-23,Hyderabad,full,2023-08-05,suresh3839@axl
C02593,Divya Iyer,7143541610,divya.iyer95@gmail.com,1962-06-30,Kolkata,full,2024-02-07,divya1610@icici
C02594,Priya Bose,9487438175,priya.bose61@gmail.com,,Pune,min,2025-12-04,priya8175@hdfcbank
C02595,Farhan Pillai,9487450176,farhan.pillai85@gmail.com,1999-12-14,Hyderabad,min,2019-09-16,farhan0176@okbank
C02596,Farhan Chopra,6929328352,farhan.chopra1@gmail.com,1988-05-02,Kolkata,full,2021-03-28,farhan8352@axl
C02597,Harsh Yadav,6324728587,,1974-02-06,Bengaluru,min,2022-03-08,harsh8587@sbi
C02598,Sunita Menon,8187724366,sunita.menon18@gmail.com,1977-12-19,Mumbai,min,2024-09-03,sunita4366@axl
C02599,Sanjay Shaikh,8785395592,sanjay.shaikh92@gmail.com,1983-04-29,Hyderabad,min,2022-09-07,sanjay5592@axl
C02600,Sanjay Shaikh,7975978763,,1974-05-07,,pending,2023-12-09,sanjay8763@hdfcbank
C02601,Arjun Gupta,9606964098,,1971-05-03,Delhi,full,2020-06-28,arjun4098@okbank
C02602,Amit Das,7610347407,amit.das81@gmail.com,1994-10-07,Pune,min,2021-05-21,amit7407@axl
C02603,Tarun Yadav,7180668068,tarun.yadav24@gmail.com,1987-06-17,Pune,full,2024-11-09,tarun8068@sbi
C02604,Vikram Sharma,9351665853,,1978-09-26,Bengaluru,min,2021-06-04,vikram5853@sbi
C02605,Anjali Gupta,6742588401,,1977-09-07,Kolkata,min,2023-02-22,anjali8401@ybl
C02606,Sanjay Nair,9821787804,,1973-01-20,Ahmedabad,min,2022-11-28,sanjay7804@paytm
C02607,Anjali Chopra,8272815581,,1988-05-19,Chennai,min,2021-04-12,anjali5581@icici
C02608,I. Joshi,8327910166,isha.joshi77@gmail.com,1971-08-18,Delhi,min,2021-02-09,isha0166@sbi
C02609,Rohan Das,7580375317,rohan.das83@gmail.com,1976-11-08,,full,2022-08-15,rohan5317@hdfcbank
C02610,Sunita Khan,8795816428,,2004-09-26,Pune,full,2022-05-24,sunita6428@ybl
C02611,Sunita Chopra,6197141225,sunita.chopra45@gmail.com,1997-11-24,Bengaluru,min,2020-02-07,sunita1225@axl
C02612,Amit Mehta,9535844036,amit.mehta55@gmail.com,1980-05-10,Chennai,min,2020-08-28,amit4036@axl
C02613,Divya Nair,7319242621,divya.nair65@gmail.com,1968-05-25,Bengaluru,full,2019-09-11,divya2621@icici
C02614,Nisha Chopra,8164126705,,1992-09-25,Mumbai,min,2022-03-16,nisha6705@icici
C02615,Kavita Mehta,9552025270,kavita.mehta5@gmail.com,1989-09-11,Kolkata,min,2020-05-04,kavita5270@paytm
C02616,S. Khan,6536777416,sanjay.khan77@gmail.com,1971-12-25,Ahmedabad,full,2024-06-28,sanjay7416@ybl
C02617,Sanjay Patel,7604875462,,1986-12-10,Chennai,pending,2022-12-18,sanjay5462@hdfcbank
C02618,Imran Joshi,8879742624,,1992-01-27,Delhi,full,2025-04-30,imran2624@sbi
C02619,Sneha Das,7892404368,sneha.das51@gmail.com,,Mumbai,full,2025-10-05,sneha4368@ybl
C02620,S. Kulkarni,9495609749,sunita.kulkarni36@gmail.com,1998-10-04,Ahmedabad,min,2022-03-29,sunita9749@paytm
C02621,Vikram Nair,9217060725,,1986-06-09,Ahmedabad,min,2022-11-06,vikram0725@icici
C02622,Rahul Patel,7051655575,,1974-01-07,Jaipur,full,2025-05-08,rahul5575@icici
C02623,Kavita Chopra,7030507471,kavita.chopra2@gmail.com,1963-11-15,Ahmedabad,full,2021-06-27,kavita7471@axl
C02624,Meera Khan,8501525994,meera.khan83@gmail.com,2000-02-28,Chennai,min,2025-07-07,meera5994@sbi
C02625,Arjun Patel,9951377498,arjun.patel3@gmail.com,1991-12-02,Chennai,min,2020-11-25,arjun7498@sbi
C02626,Swati Bose,7374712110,swati.bose3@gmail.com,1990-08-01,Hyderabad,full,2024-03-28,swati2110@sbi
C02627,Sunita Reddy,8170247358,sunita.reddy19@gmail.com,2000-07-24,Chennai,full,2023-02-06,sunita7358@sbi
C02628,Rohan Menon,7188465178,,1990-03-31,Ahmedabad,full,2020-12-04,rohan5178@sbi
C02629,Vikram Das,6200363563,,1998-07-07,Lucknow,full,2021-08-10,vikram3563@axl
C02630,Anjali Chopra,9031765696,anjali.chopra41@gmail.com,1984-08-26,Delhi,full,2022-04-14,anjali5696@hdfcbank
C02631,Sunita Desai,9434170440,,1982-03-15,Lucknow,full,2022-03-15,sunita0440@sbi
C02632,Swati Singh,6886259775,,1965-12-07,Mumbai,full,2023-05-01,swati9775@okbank
C02633,Vikram Bose,7469469892,vikram.bose91@gmail.com,,Kolkata,full,2023-04-06,vikram9892@sbi
C02634,Suresh Nair,9557645935,suresh.nair78@gmail.com,2005-02-07,Lucknow,min,2022-06-06,suresh5935@sbi
C02635,Anjali Desai,6498466959,,1976-11-15,Pune,min,2020-01-05,anjali6959@hdfcbank
C02636,Kavita Reddy,7769385665,kavita.reddy29@gmail.com,1974-02-09,Mumbai,full,2024-04-25,kavita5665@sbi
C02637,Pooja Verma,8920704489,,1981-01-01,Pune,full,2020-02-08,pooja4489@paytm
C02638,Pooja Pillai,9800296575,pooja.pillai89@gmail.com,1965-10-27,Hyderabad,min,2024-02-09,pooja6575@icici
C02639,Vijay Pillai,9431683640,,1986-03-10,Pune,pending,2025-01-24,vijay3640@paytm
C02640,Tarun Joshi,8291905393,,1963-08-26,Bengaluru,full,2021-05-11,tarun5393@okbank
C02641,S. Gupta,9722810848,sneha.gupta97@gmail.com,2004-04-10,Kolkata,full,2025-07-30,sneha0848@hdfcbank
C02642,Isha Joshi,7961011851,isha.joshi50@gmail.com,1991-07-25,Delhi,pending,2022-08-21,isha1851@okbank
C02643,Pooja Khan,8667230969,pooja.khan6@gmail.com,1989-08-14,Delhi,min,2022-01-07,pooja0969@ybl
C02644,Divya Chopra,6936945178,divya.chopra7@gmail.com,2000-08-17,Ahmedabad,full,2021-05-21,divya5178@sbi
C02645,Amit Pillai,7866037089,amit.pillai25@gmail.com,1962-01-06,Mumbai,full,2021-07-01,amit7089@icici
C02646,Rohan Joshi,8158909255,rohan.joshi97@gmail.com,1964-08-03,Kolkata,pending,2023-03-15,rohan9255@sbi
C02647,Ritu Patel,9578656611,ritu.patel29@gmail.com,1979-10-19,Lucknow,full,2022-03-06,ritu6611@icici
C02648,Nisha Reddy,9397438378,nisha.reddy60@gmail.com,1990-02-04,Pune,full,2024-10-22,nisha8378@paytm
C02649,Rahul Bose,6213400137,,1994-07-04,Mumbai,full,2022-11-18,rahul0137@paytm
C02650,A. Pillai,7641824091,anjali.pillai59@gmail.com,2006-01-24,Mumbai,full,2025-08-18,anjali4091@okbank
C02651,Karan Bose,9266263428,,1981-01-30,Lucknow,min,2023-08-30,karan3428@icici
C02652,Imran Shaikh,7575715928,imran.shaikh92@gmail.com,1999-11-28,Ahmedabad,full,2022-03-03,imran5928@paytm
C02653,K. Verma,9868625473,,1971-03-25,Lucknow,min,2026-02-19,karan5473@sbi
C02654,Isha Desai,9012258635,isha.desai76@gmail.com,2002-08-08,Bengaluru,pending,2024-09-08,isha8635@sbi
C02655,A. Verma,9449854477,,2004-04-04,Delhi,full,2025-08-29,amit4477@icici
C02656,Manish Yadav,8957820240,manish.yadav93@gmail.com,1999-01-30,Bengaluru,pending,2024-11-04,manish0240@sbi
C02657,Pooja Gupta,7254135266,,1997-09-06,Kolkata,full,2024-10-31,pooja5266@icici
C02658,Pooja Das,9148537865,,1964-02-06,Mumbai,full,2020-03-20,pooja7865@axl
C02659,D. Das,6065546716,deepak.das38@gmail.com,1985-01-08,Chennai,min,2022-10-02,deepak6716@okbank
C02660,Suresh Yadav,7363227232,suresh.yadav7@gmail.com,1996-02-23,Delhi,min,2020-12-13,suresh7232@sbi
C02661,Sneha Khan,9397099201,sneha.khan46@gmail.com,1961-12-31,Bengaluru,full,2022-05-05,sneha9201@axl
C02662,Aarti Desai,9766250322,aarti.desai44@gmail.com,,Lucknow,min,2025-02-07,aarti0322@sbi
C02663,Vikram Verma,9300676035,vikram.verma43@gmail.com,1992-01-29,Lucknow,full,2019-11-08,vikram6035@axl
C02664,Rohan Nair,8341107562,,1968-07-12,Pune,min,2020-01-02,rohan7562@icici
C02665,Imran Kulkarni,7205355007,,2000-01-22,Lucknow,full,2025-09-08,imran5007@okbank
C02666,Tarun Singh,6854086089,,1994-09-17,Lucknow,min,2023-11-06,tarun6089@hdfcbank
C02667,Rohan Mehta,7588578359,,1982-01-17,Mumbai,min,2024-04-26,rohan8359@icici
C02668,V. Patel,8030975142,vijay.patel71@gmail.com,1992-10-01,Ahmedabad,full,2022-10-05,vijay5142@paytm
C02669,Rahul Desai,7594946148,,1965-08-13,Chennai,full,2021-04-15,rahul6148@paytm
C02670,S. Kulkarni,7289039592,sanjay.kulkarni96@gmail.com,1996-02-10,Delhi,full,2025-04-29,sanjay9592@ybl
C02671,Meera Kulkarni,8840939688,meera.kulkarni61@gmail.com,1994-06-06,Jaipur,full,2020-12-24,meera9688@icici
C02672,P. Pillai,6932488018,,1968-06-01,Lucknow,min,2022-01-26,pooja8018@hdfcbank
C02673,Vijay Yadav,9920781620,vijay.yadav21@gmail.com,1967-08-31,Lucknow,full,2021-07-08,vijay1620@axl
C02674,Fatima Yadav,7991282692,,1984-08-11,Chennai,pending,2023-08-13,fatima2692@sbi
C02675,Anjali Kulkarni,7871468448,anjali.kulkarni76@gmail.com,1996-03-25,Kolkata,min,2026-01-13,anjali8448@axl
C02676,N. Das,8962143898,neha.das77@gmail.com,1985-03-08,Pune,min,2022-09-06,neha3898@sbi
C02677,Deepak Verma,9497299789,deepak.verma45@gmail.com,1971-04-09,Chennai,min,2025-02-19,deepak9789@paytm
C02678,T. Desai,8240843893,tarun.desai16@gmail.com,1993-06-25,Hyderabad,min,2022-11-25,tarun3893@axl
C02679,Swati Kulkarni,7484363512,,1986-04-06,Bengaluru,full,2020-02-15,swati3512@okbank
C02680,Sanjay Shaikh,8536533852,,1980-07-20,Chennai,full,2025-09-30,sanjay3852@axl
C02681,Amit Das,6609311404,amit.das90@gmail.com,,Jaipur,full,2022-12-23,amit1404@sbi
C02682,Sneha Gupta,6436941153,sneha.gupta70@gmail.com,1985-07-11,Pune,full,2022-11-23,sneha1153@axl
C02683,Suresh Yadav,8404616144,,2000-05-30,Jaipur,full,2025-10-17,suresh6144@sbi
C02684,A. Nair,7300330862,anjali.nair14@gmail.com,1994-02-12,Bengaluru,full,2021-07-28,anjali0862@ybl
C02685,Amit Shaikh,6608629339,,2005-03-01,Chennai,min,2026-03-11,amit9339@okbank
C02686,Rohan Shaikh,6399341492,rohan.shaikh24@gmail.com,1968-12-14,Pune,full,2020-11-27,rohan1492@icici
C02687,Rahul Chopra,6541991505,,1993-03-22,Chennai,full,2024-04-17,rahul1505@icici
C02688,Kavita Verma,9137855258,kavita.verma37@gmail.com,1995-04-30,Ahmedabad,full,2024-11-05,kavita5258@hdfcbank
C02689,Deepak Sharma,6403923263,deepak.sharma42@gmail.com,1961-03-26,Hyderabad,full,2025-01-08,deepak3263@axl
C02690,Suresh Chopra,7204829841,suresh.chopra92@gmail.com,2005-07-09,Pune,min,2022-10-13,suresh9841@okbank
C02691,Isha Kulkarni,6304331489,isha.kulkarni78@gmail.com,1984-05-05,Lucknow,full,2022-07-24,isha1489@hdfcbank
C02692,Vikram Joshi,8063641030,vikram.joshi10@gmail.com,1963-04-16,Lucknow,full,2021-04-11,vikram1030@ybl
C02693,Rahul Mehta,6261827687,rahul.mehta85@gmail.com,1999-12-16,Chennai,full,2025-11-11,rahul7687@axl
C02694,A. Iyer,9045661528,,1977-11-01,Ahmedabad,min,2022-11-02,anjali1528@icici
C02695,Tarun Menon,7104835643,tarun.menon75@gmail.com,1989-03-26,Delhi,full,2020-08-30,tarun5643@axl
C02696,Arjun Shaikh,9434270102,arjun.shaikh36@gmail.com,2005-03-26,Chennai,min,2023-06-25,arjun0102@ybl
C02697,Sunita Bose,7836774556,,1999-02-15,Ahmedabad,pending,2020-02-12,sunita4556@axl
C02698,Divya Joshi,7089693934,divya.joshi91@gmail.com,1986-09-15,Kolkata,full,2026-03-06,divya3934@hdfcbank
C02699,Rohan Chopra,6943800902,rohan.chopra22@gmail.com,1962-10-26,Bengaluru,full,2025-04-07,rohan0902@axl
C02700,Karan Das,6184511322,,1972-05-10,Bengaluru,full,2023-10-31,karan1322@axl
C02701,Vijay Singh,8224303835,vijay.singh49@gmail.com,2000-07-12,Jaipur,full,2026-01-20,vijay3835@hdfcbank
C02702,Divya Desai,6242116132,divya.desai68@gmail.com,1964-08-24,Pune,full,2022-01-29,divya6132@hdfcbank
C02703,Tarun Mehta,9041712349,,2003-02-07,Kolkata,min,2024-08-08,tarun2349@axl
C02704,S. Reddy,8406267559,,1994-06-21,Mumbai,full,2020-02-17,sneha7559@sbi
C02705,Ritu Pillai,7699918558,,2002-04-13,Hyderabad,full,2024-06-22,ritu8558@ybl
C02706,Vijay Joshi,6318379892,vijay.joshi43@gmail.com,1979-05-03,Pune,full,2021-02-08,vijay9892@okbank
C02707,Suresh Shaikh,8882039064,suresh.shaikh74@gmail.com,,Hyderabad,min,2023-07-31,suresh9064@hdfcbank
C02708,Ritu Kulkarni,8622034696,ritu.kulkarni46@gmail.com,1973-11-29,Jaipur,full,2021-10-08,ritu4696@okbank
C02709,Sanjay Desai,9698221057,,1975-12-28,Delhi,full,2020-04-08,sanjay1057@sbi
C02710,Vikram Sharma,6560587853,vikram.sharma92@gmail.com,1988-02-04,Delhi,full,2022-05-26,vikram7853@hdfcbank
C02711,Nisha Patel,7642164240,nisha.patel59@gmail.com,1977-05-21,Bengaluru,min,2023-01-07,nisha4240@sbi
C02712,Rohan Gupta,7229381094,,1985-10-20,Bengaluru,full,2023-10-04,rohan1094@icici
C02713,Deepak Iyer,9794800611,deepak.iyer94@gmail.com,1995-06-20,Kolkata,full,2023-07-04,deepak0611@ybl
C02714,Aarti Chopra,6168504281,aarti.chopra40@gmail.com,1989-07-18,Lucknow,full,2021-02-26,aarti4281@paytm
C02715,Imran Verma,7632445082,imran.verma26@gmail.com,2003-12-09,Chennai,full,2024-05-25,imran5082@hdfcbank
C02716,Amit Chopra,7012209195,,1998-04-19,Hyderabad,full,2023-08-07,amit9195@okbank
C02717,Isha Singh,8042257316,isha.singh20@gmail.com,1978-09-20,Delhi,full,2024-01-14,isha7316@okbank
C02718,Deepak Joshi,6233387404,deepak.joshi53@gmail.com,1998-07-26,Pune,full,2023-01-14,deepak7404@paytm
C02719,Vikram Khan,7132367857,vikram.khan34@gmail.com,1979-12-30,Hyderabad,full,2021-11-10,vikram7857@paytm
C02720,P. Gupta,8164930401,pooja.gupta39@gmail.com,1967-11-06,Chennai,full,2024-09-02,pooja0401@paytm
C02721,Rahul Yadav,8031696528,rahul.yadav2@gmail.com,1992-01-24,Bengaluru,full,2021-12-19,rahul6528@ybl
C02722,Imran Khan,6189232346,imran.khan9@gmail.com,2004-02-28,Lucknow,pending,2021-01-17,imran2346@axl
C02723,Swati Iyer,9541802247,,1973-02-05,Delhi,min,2026-05-28,swati2247@ybl
C02724,Manish Kulkarni,6266833441,manish.kulkarni10@gmail.com,1998-04-22,Mumbai,min,2020-04-22,manish3441@paytm
C02725,Rahul Shaikh,7894343009,rahul.shaikh70@gmail.com,1995-04-27,Delhi,min,2022-04-14,rahul3009@icici
C02726,Sunita Mehta,9505384007,,1980-12-20,Hyderabad,min,2021-01-02,sunita4007@axl
C02727,Neha Khan,9286986968,,1969-09-26,,full,2024-09-08,neha6968@okbank
C02728,Arjun Verma,7271256069,,2005-08-07,Jaipur,pending,2023-09-08,arjun6069@icici
C02729,Kavita Yadav,9998205217,,1997-08-12,Chennai,full,2023-07-20,kavita5217@axl
C02730,Rohan Reddy,6810536868,rohan.reddy33@gmail.com,1972-01-26,Lucknow,full,2021-06-29,rohan6868@ybl
C02731,Manish Bose,6000292120,,1971-06-05,Delhi,min,2021-07-03,manish2120@icici
C02732,A. Sharma,8997290228,arjun.sharma47@gmail.com,2000-07-26,Delhi,min,2019-10-17,arjun0228@ybl
C02733,Suresh Nair,8717032641,,1966-03-23,Ahmedabad,min,2022-09-17,suresh2641@hdfcbank
C02734,Pooja Bose,6109372049,pooja.bose40@gmail.com,,Kolkata,min,2022-08-31,pooja2049@icici
C02735,Karan Khan,8972382407,karan.khan61@gmail.com,1997-11-27,Hyderabad,min,2023-04-20,karan2407@axl
C02736,Rohan Chopra,6819097886,rohan.chopra91@gmail.com,1991-05-13,Ahmedabad,min,2022-08-05,rohan7886@axl
C02737,Divya Bose,6980201723,divya.bose27@gmail.com,,Ahmedabad,full,2019-10-11,divya1723@okbank
C02738,Kavita Singh,7632043043,,1977-02-26,Jaipur,full,2020-03-12,kavita3043@icici
C02739,Nisha Yadav,6581924873,nisha.yadav67@gmail.com,1968-12-17,Mumbai,min,2023-07-21,nisha4873@sbi
C02740,Kavita Sharma,7910102538,kavita.sharma74@gmail.com,1969-04-15,Hyderabad,min,2026-03-08,kavita2538@paytm
C02741,Manish Yadav,8134397795,,,,min,2023-11-18,manish7795@ybl
C02742,Neha Nair,6600624334,,1995-09-24,Delhi,full,2021-11-28,neha4334@icici
C02743,Farhan Menon,7799513580,,1970-06-23,Ahmedabad,full,2022-01-03,farhan3580@icici
C02744,Rohan Nair,8031944025,,1978-08-03,Kolkata,full,2019-11-18,rohan4025@okbank
C02745,R. Pillai,8947806008,,1998-12-29,Ahmedabad,pending,2023-09-11,rohan6008@hdfcbank
C02746,Farhan Menon,8758527708,,2004-03-11,Mumbai,min,2022-04-24,farhan7708@axl
C02747,Tarun Iyer,9393926334,,1991-01-26,Jaipur,min,2025-02-27,tarun6334@okbank
C02748,Isha Chopra,6160355754,,1977-09-01,Kolkata,full,2022-08-13,isha5754@ybl
C02749,Divya Sharma,7186665845,divya.sharma75@gmail.com,1978-02-25,Mumbai,min,2024-02-16,divya5845@paytm
C02750,Ritu Chopra,8281602958,ritu.chopra34@gmail.com,1961-11-11,Lucknow,full,2026-05-02,ritu2958@okbank
C02751,Swati Shaikh,8589660803,,1990-11-11,,full,2022-06-21,swati0803@sbi
C02752,Sunita Desai,6661975216,,1967-02-07,Lucknow,min,2025-03-02,sunita5216@icici
C02753,Suresh Menon,7349441964,,1966-12-19,Jaipur,pending,2021-04-14,suresh1964@paytm
C02754,Nisha Pillai,8976632569,nisha.pillai58@gmail.com,1968-11-21,Hyderabad,full,2024-11-12,nisha2569@paytm
C02755,Imran Chopra,6378490428,imran.chopra41@gmail.com,1968-03-17,Ahmedabad,min,2020-05-25,imran0428@icici
C02756,Farhan Das,6181550980,farhan.das38@gmail.com,1976-02-04,Mumbai,full,2023-04-26,farhan0980@hdfcbank
C02757,K. Iyer,6932144778,kavita.iyer73@gmail.com,1977-08-05,Pune,full,2024-08-05,kavita4778@sbi
C02758,Suresh Pillai,6232358278,suresh.pillai50@gmail.com,1964-10-08,Lucknow,full,2019-09-04,suresh8278@sbi
C02759,Imran Reddy,6749508569,,2005-12-11,,full,2021-09-18,imran8569@okbank
C02760,Manish Das,6007371430,,1964-01-09,Bengaluru,full,2022-07-13,manish1430@sbi
C02761,Rahul Verma,8204876097,rahul.verma78@gmail.com,1975-01-12,Jaipur,full,2024-09-06,rahul6097@hdfcbank
C02762,Priya Yadav,8519273412,priya.yadav94@gmail.com,2003-11-23,Kolkata,min,2026-02-03,priya3412@axl
C02763,Nisha Reddy,7829172499,,1998-09-21,Jaipur,full,2023-05-19,nisha2499@sbi
C02764,H. Iyer,8175165550,,2004-08-31,Jaipur,full,2023-03-19,harsh5550@sbi
C02765,Sunita Yadav,8320611525,sunita.yadav37@gmail.com,1972-06-07,Lucknow,min,2022-05-06,sunita1525@okbank
C02766,Sneha Bose,9921543262,sneha.bose51@gmail.com,2003-12-04,Jaipur,full,2021-06-05,sneha3262@sbi
C02767,Amit Sharma,7058991454,amit.sharma33@gmail.com,1965-11-30,Kolkata,min,2020-09-30,amit1454@hdfcbank
C02768,Farhan Joshi,7937684941,farhan.joshi63@gmail.com,1967-04-03,,full,2021-11-08,farhan4941@paytm
C02769,Vikram Singh,8212087166,,2004-06-13,Lucknow,full,2021-08-05,vikram7166@axl
C02770,P. Nair,9887107324,,1964-04-27,Delhi,pending,2022-08-30,priya7324@paytm
C02771,Anjali Patel,7239369675,anjali.patel45@gmail.com,1978-07-22,Chennai,full,2020-04-29,anjali9675@ybl
C02772,Sneha Iyer,9706500250,sneha.iyer34@gmail.com,1983-10-16,Jaipur,pending,2022-11-19,sneha0250@hdfcbank
C02773,Nisha Chopra,7261180169,nisha.chopra81@gmail.com,1982-08-17,Kolkata,full,2023-06-22,nisha0169@icici
C02774,Manish Bose,6535725785,,1991-01-18,Kolkata,full,2025-03-20,manish5785@axl
C02775,Vijay Nair,8362597639,,1963-07-10,Lucknow,full,2020-07-14,vijay7639@ybl
C02776,Swati Shaikh,8495555127,swati.shaikh24@gmail.com,1995-11-20,Pune,full,2020-06-22,swati5127@axl
C02777,Isha Verma,7456850011,isha.verma88@gmail.com,1967-08-22,Chennai,min,2024-11-11,isha0011@axl
C02778,Arjun Kulkarni,8021339405,,2001-07-21,Jaipur,full,2025-07-20,arjun9405@icici
C02779,Sneha Iyer,9027472498,,1988-10-10,Kolkata,full,2023-12-17,sneha2498@okbank
C02780,Arjun Gupta,8827940331,arjun.gupta67@gmail.com,1998-12-08,Hyderabad,min,2019-08-30,arjun0331@icici
C02781,Rohan Reddy,6968193561,,1976-02-10,Pune,full,2020-04-28,rohan3561@okbank
C02782,Isha Mehta,9049487778,,1977-09-23,Hyderabad,full,2022-07-25,
C02783,Ritu Yadav,6183798826,,1972-09-16,Hyderabad,full,2023-02-06,ritu8826@paytm
C02784,Rohan Shaikh,8320051365,rohan.shaikh80@gmail.com,2003-09-23,Bengaluru,full,2024-04-25,rohan1365@axl
C02785,Harsh Iyer,9663171541,,1963-10-14,Jaipur,full,2021-10-09,harsh1541@axl
C02786,D. Desai,8567618682,deepak.desai25@gmail.com,1982-07-03,Chennai,full,2024-04-19,deepak8682@icici
C02787,Amit Patel,6894690819,,1993-03-15,,full,2024-07-18,amit0819@okbank
C02788,Farhan Das,9905040480,farhan.das62@gmail.com,1969-04-08,Hyderabad,full,2020-05-26,farhan0480@ybl
C02789,Tarun Pillai,6791033756,,2006-02-05,Chennai,full,2021-08-07,tarun3756@hdfcbank
C02790,Isha Reddy,6429068339,,1978-11-16,Bengaluru,min,2025-09-25,isha8339@axl
C02791,Isha Nair,6696277425,,1994-12-29,Jaipur,full,2023-07-26,isha7425@sbi
C02792,Farhan Bose,8009062941,,,Jaipur,min,2026-03-23,farhan2941@hdfcbank
C02793,Aarti Iyer,7918966247,,1975-10-03,Bengaluru,min,2024-01-27,aarti6247@axl
C02794,Neha Singh,8244499406,neha.singh48@gmail.com,1964-03-17,Mumbai,min,2019-09-15,neha9406@okbank
C02795,Sunita Nair,9622995521,sunita.nair43@gmail.com,1995-11-22,Pune,full,2022-10-30,sunita5521@axl
C02796,Suresh Verma,6537406192,suresh.verma31@gmail.com,1973-03-09,Pune,full,2020-05-22,suresh6192@paytm
C02797,Kavita Mehta,6115239685,,1988-09-11,Bengaluru,min,2024-08-12,kavita9685@sbi
C02798,Neha Patel,9899284003,neha.patel73@gmail.com,1997-01-12,Mumbai,full,2020-01-30,neha4003@sbi
C02799,Manish Gupta,6658164477,manish.gupta71@gmail.com,1961-01-09,Kolkata,min,2023-01-17,manish4477@okbank
C02800,Sanjay Sharma,8381881587,,2004-02-20,Chennai,full,2023-01-02,sanjay1587@ybl
C02801,Manish Chopra,8213128955,,1969-06-22,Ahmedabad,min,2025-01-26,manish8955@axl
C02802,Sanjay Menon,9296799610,sanjay.menon38@gmail.com,1974-09-29,Chennai,min,2020-06-27,sanjay9610@hdfcbank
C02803,Arjun Das,6677369220,arjun.das15@gmail.com,1964-07-08,Ahmedabad,full,2023-10-23,arjun9220@paytm
C02804,Amit Desai,7499884724,,,Bengaluru,pending,2020-10-15,amit4724@okbank
C02805,Amit Chopra,9612009844,amit.chopra71@gmail.com,1989-08-26,Jaipur,min,2023-06-26,amit9844@okbank
C02806,Rohan Bose,6007802861,rohan.bose7@gmail.com,1971-07-16,Hyderabad,min,2019-10-25,rohan2861@okbank
C02807,Amit Gupta,7165701792,amit.gupta17@gmail.com,1983-05-31,Jaipur,min,2023-03-06,amit1792@paytm
C02808,Sunita Joshi,9583658233,,2000-10-03,Hyderabad,full,2025-12-01,sunita8233@axl
C02809,Imran Singh,7660529883,imran.singh19@gmail.com,1998-11-13,Delhi,full,2020-06-02,imran9883@axl
C02810,S. Kulkarni,9653888798,,1963-05-29,Ahmedabad,min,2021-08-28,sanjay8798@axl
C02811,Isha Joshi,9354969446,isha.joshi70@gmail.com,1962-05-29,Mumbai,pending,2022-11-07,isha9446@okbank
C02812,Deepak Gupta,9295276974,deepak.gupta95@gmail.com,2005-11-13,Kolkata,min,2021-05-20,deepak6974@okbank
C02813,Harsh Menon,8247719991,harsh.menon90@gmail.com,1983-04-20,Pune,full,2022-09-10,harsh9991@icici
C02814,Deepak Bose,6997958378,deepak.bose43@gmail.com,,Lucknow,min,2025-10-19,deepak8378@icici
C02815,Harsh Verma,9550667416,harsh.verma47@gmail.com,1968-06-16,Chennai,min,2023-11-24,harsh7416@hdfcbank
C02816,Amit Pillai,9380585317,amit.pillai68@gmail.com,1975-03-17,Hyderabad,min,2022-11-14,amit5317@hdfcbank
C02817,Arjun Shaikh,8898924166,arjun.shaikh18@gmail.com,1996-02-25,Jaipur,full,2026-04-18,arjun4166@icici
C02818,Nisha Chopra,6071183408,nisha.chopra63@gmail.com,1967-11-16,Ahmedabad,full,2021-03-16,nisha3408@okbank
C02819,Karan Desai,7708985601,,1982-09-27,Delhi,pending,2019-11-19,karan5601@axl
C02820,Neha Reddy,8386429479,neha.reddy69@gmail.com,1986-01-06,Kolkata,min,2022-07-18,neha9479@paytm
C02821,Aarti Iyer,7893549363,,1997-11-04,Kolkata,full,2024-03-19,aarti9363@sbi
C02822,Meera Joshi,9309238360,meera.joshi10@gmail.com,1968-11-11,Kolkata,full,2021-12-16,meera8360@paytm
C02823,Sanjay Shaikh,9866468207,,1974-06-07,,pending,2023-04-30,sanjay8207@icici
C02824,Manish Patel,8295613782,,1994-12-20,Pune,full,2019-09-05,manish3782@axl
C02825,Vikram Reddy,7900658499,vikram.reddy2@gmail.com,1986-02-22,Pune,pending,2023-06-11,vikram8499@hdfcbank
C02826,Ritu Menon,6510069826,ritu.menon99@gmail.com,1974-08-02,Pune,min,2022-01-12,ritu9826@ybl
C02827,Swati Menon,9371986797,,,Ahmedabad,min,2024-01-16,swati6797@okbank
C02828,Pooja Menon,6599621404,pooja.menon2@gmail.com,1971-12-24,Lucknow,full,2020-11-27,pooja1404@icici
C02829,Vijay Desai,7297522292,vijay.desai41@gmail.com,1999-09-27,Bengaluru,min,2020-04-28,vijay2292@hdfcbank
C02830,Anjali Das,6779651760,,1999-07-02,Ahmedabad,full,2020-05-19,anjali1760@ybl
C02831,Anjali Kulkarni,7801142466,,,Pune,full,2024-08-05,anjali2466@ybl
C02832,Sneha Shaikh,7487371229,sneha.shaikh1@gmail.com,2004-07-11,Ahmedabad,full,2022-07-10,sneha1229@icici
C02833,Imran Joshi,6432035606,,1977-05-17,Chennai,full,2019-12-04,imran5606@ybl
C02834,Harsh Nair,7235530564,,1989-07-17,Hyderabad,full,2020-04-26,harsh0564@hdfcbank
C02835,Imran Sharma,9437141018,,2000-10-17,Delhi,full,2023-03-21,imran1018@icici
C02836,Suresh Nair,7439866075,suresh.nair21@gmail.com,1965-08-10,Ahmedabad,min,2020-09-17,suresh6075@ybl
C02837,S. Sharma,7108360757,swati.sharma19@gmail.com,1978-07-18,Chennai,min,2020-11-28,swati0757@icici
C02838,S. Iyer,9855903079,sunita.iyer88@gmail.com,1976-03-13,Jaipur,full,2024-11-21,sunita3079@hdfcbank
C02839,Manish Bose,7368691728,manish.bose44@gmail.com,1987-11-19,Mumbai,full,2021-03-03,manish1728@sbi
C02840,F. Menon,6470332059,fatima.menon70@gmail.com,1994-02-14,Lucknow,full,2025-11-09,fatima2059@icici
C02841,Amit Iyer,7659905646,,1986-03-07,Delhi,full,2021-06-17,amit5646@okbank
C02842,Sanjay Joshi,9213660135,,,Ahmedabad,min,2023-05-26,sanjay0135@hdfcbank
C02843,Isha Yadav,9603961886,isha.yadav71@gmail.com,1991-06-26,Lucknow,pending,2019-09-30,isha1886@hdfcbank
C02844,M. Joshi,9660408779,,1981-10-31,Chennai,full,2021-11-29,manish8779@hdfcbank
C02845,Vijay Singh,9129703996,,1999-12-05,Kolkata,full,2025-03-07,vijay3996@axl
C02846,Imran Verma,9131918676,imran.verma85@gmail.com,1991-04-29,Lucknow,full,2025-02-17,imran8676@icici
C02847,Manish Mehta,6426452079,,1963-01-31,Mumbai,min,2020-01-23,manish2079@icici
C02848,P. Sharma,9212213298,priya.sharma57@gmail.com,1989-03-11,Delhi,min,2020-10-18,priya3298@okbank
C02849,Karan Patel,9538457882,karan.patel97@gmail.com,,Ahmedabad,pending,2024-02-13,karan7882@okbank
C02850,Suresh Verma,6005456719,suresh.verma72@gmail.com,1978-02-08,Delhi,full,2019-10-24,suresh6719@hdfcbank
C02851,Anjali Sharma,7740550925,,1966-05-27,Kolkata,full,2025-10-09,anjali0925@icici
C02852,Divya Singh,6896803245,,1992-09-30,Chennai,min,2024-03-22,divya3245@icici
C02853,Divya Shaikh,9738924577,,1997-10-24,Ahmedabad,full,2025-01-09,divya4577@okbank
C02854,Nisha Gupta,7050806544,nisha.gupta75@gmail.com,1983-05-24,,full,2020-06-17,nisha6544@icici
C02855,Sunita Desai,6144885452,,1972-05-18,Hyderabad,full,2021-07-17,sunita5452@hdfcbank
C02856,Swati Khan,8683032339,,1992-08-28,Delhi,full,2025-09-13,swati2339@paytm
C02857,Nisha Nair,6650363517,nisha.nair1@gmail.com,1994-07-26,Bengaluru,min,2021-09-11,nisha3517@paytm
C02858,Aarti Reddy,6447478619,,1982-08-03,Delhi,min,2022-10-27,aarti8619@sbi
C02859,Isha Das,6113045436,,1998-10-26,Ahmedabad,full,2025-04-06,isha5436@icici
C02860,Priya Shaikh,9186214099,priya.shaikh82@gmail.com,1976-07-22,Kolkata,full,2020-10-02,priya4099@okbank
C02861,Meera Singh,7379898099,,1972-06-26,Pune,full,2024-12-05,meera8099@axl
C02862,Karan Gupta,6297437099,karan.gupta22@gmail.com,1994-05-24,Pune,full,2025-07-19,karan7099@paytm
C02863,S. Gupta,8818783672,,1982-03-31,Pune,full,2020-02-09,suresh3672@ybl
C02864,Harsh Pillai,9294036209,harsh.pillai54@gmail.com,1975-06-12,Delhi,full,2020-03-23,harsh6209@axl
C02865,Rahul Singh,7807883286,rahul.singh80@gmail.com,1973-01-03,Chennai,full,2025-04-02,rahul3286@icici
C02866,Farhan Reddy,8064753976,farhan.reddy23@gmail.com,2003-06-24,Kolkata,min,2019-11-22,farhan3976@hdfcbank
C02867,Arjun Shaikh,9811129642,,2000-11-12,Chennai,full,2024-06-24,arjun9642@ybl
C02868,Vijay Iyer,8919443227,vijay.iyer93@gmail.com,1992-11-26,Delhi,min,2021-05-09,vijay3227@axl
C02869,Amit Mehta,7964889957,amit.mehta98@gmail.com,1998-10-31,Jaipur,full,2023-07-16,amit9957@ybl
C02870,Vikram Patel,9988200806,,1984-07-17,Kolkata,full,2022-09-12,vikram0806@ybl
C02871,Karan Kulkarni,9543055261,,2002-03-19,Ahmedabad,full,2019-12-26,karan5261@ybl
C02872,Aarti Reddy,7355949574,aarti.reddy63@gmail.com,2002-07-05,Jaipur,min,2022-11-21,aarti9574@paytm
C02873,Sneha Menon,6220873245,,1966-11-27,Delhi,full,2020-09-14,sneha3245@paytm
C02874,Sneha Khan,7276672763,,1988-04-02,Ahmedabad,full,2021-12-26,sneha2763@hdfcbank
C02875,Amit Nair,7131701742,amit.nair21@gmail.com,1968-08-27,Hyderabad,full,2020-06-01,amit1742@ybl
C02876,Nisha Kulkarni,6917327998,nisha.kulkarni47@gmail.com,1971-01-12,Pune,full,2026-04-20,nisha7998@hdfcbank
C02877,Swati Reddy,6994086243,swati.reddy47@gmail.com,1965-07-25,Jaipur,full,2024-01-15,swati6243@icici
C02878,Nisha Pillai,7519508293,,2000-09-09,Pune,min,2023-01-06,nisha8293@icici
C02879,Divya Verma,9536219376,divya.verma13@gmail.com,1975-06-13,Delhi,full,2022-01-05,divya9376@ybl
C02880,Pooja Bose,6938483785,pooja.bose41@gmail.com,2001-08-02,Chennai,full,2026-01-09,pooja3785@okbank
C02881,Sunita Reddy,7532706199,,2006-02-09,Hyderabad,full,2024-02-15,sunita6199@okbank
C02882,Tarun Desai,7056297617,,1975-10-19,Hyderabad,min,2020-10-23,tarun7617@sbi
C02883,Aarti Kulkarni,7611740965,,2004-02-21,Jaipur,full,2023-02-15,aarti0965@icici
C02884,Nisha Desai,8571231132,nisha.desai45@gmail.com,1978-10-24,,min,2022-01-21,nisha1132@sbi
C02885,Fatima Mehta,9206211628,fatima.mehta2@gmail.com,2005-04-20,Bengaluru,full,2022-07-11,fatima1628@paytm
C02886,Priya Kulkarni,8830392335,priya.kulkarni32@gmail.com,1979-09-17,Kolkata,full,2024-08-19,priya2335@ybl
C02887,Manish Pillai,7957865743,manish.pillai3@gmail.com,,Delhi,full,2022-08-07,manish5743@hdfcbank
C02888,Anjali Reddy,6367498747,,1981-12-15,Jaipur,full,2024-08-07,anjali8747@sbi
C02889,Rahul Verma,8062784629,,2003-07-01,Ahmedabad,full,2025-06-25,rahul4629@okbank
C02890,P. Das,6781854201,,1988-07-27,Jaipur,pending,2023-07-01,priya4201@okbank
C02891,Manish Das,6396811647,manish.das40@gmail.com,1964-01-15,,full,2020-07-18,manish1647@paytm
C02892,Fatima Kulkarni,7276937539,fatima.kulkarni68@gmail.com,1977-09-07,Ahmedabad,full,2021-03-06,fatima7539@sbi
C02893,Meera Mehta,7724395824,meera.mehta46@gmail.com,1994-11-27,Hyderabad,full,2025-08-27,meera5824@axl
C02894,Aarti Bose,8538391535,aarti.bose81@gmail.com,1989-03-20,Kolkata,min,2023-05-11,aarti1535@axl
C02895,Amit Sharma,6806852126,,1967-01-25,Hyderabad,full,2025-06-19,amit2126@okbank
C02896,Amit Yadav,8470344982,,1972-08-13,Pune,min,2025-10-13,amit4982@ybl
C02897,Karan Menon,7277504546,karan.menon75@gmail.com,1993-07-27,Jaipur,full,2024-04-02,karan4546@sbi
C02898,Rohan Iyer,8601613724,rohan.iyer45@gmail.com,1972-10-22,Mumbai,full,2024-06-18,rohan3724@icici
C02899,A. Gupta,6754089283,aarti.gupta74@gmail.com,1985-10-26,Chennai,full,2021-06-27,aarti9283@paytm
C02900,Tarun Sharma,7973750130,tarun.sharma67@gmail.com,1974-10-14,Jaipur,full,2021-09-16,tarun0130@axl
C02901,Farhan Nair,8188840233,,2005-01-04,Lucknow,full,2026-03-20,farhan0233@hdfcbank
C02902,Kavita Khan,7619061406,kavita.khan96@gmail.com,1973-06-19,Hyderabad,full,2022-11-25,kavita1406@ybl
C02903,Sneha Iyer,6153073529,sneha.iyer47@gmail.com,1976-08-28,Bengaluru,full,2020-11-12,sneha3529@ybl
C02904,Vijay Nair,6888559625,,1985-04-25,Ahmedabad,pending,2024-07-18,vijay9625@axl
C02905,A. Khan,7574836505,arjun.khan70@gmail.com,1969-06-01,Ahmedabad,full,2024-10-09,arjun6505@okbank
C02906,Isha Mehta,7026821478,isha.mehta77@gmail.com,2005-03-06,Hyderabad,min,2024-07-24,isha1478@ybl
C02907,Arjun Chopra,8586574227,,1965-09-07,Kolkata,min,2020-03-29,arjun4227@ybl
C02908,Meera Kulkarni,9793599793,,,Pune,full,2023-12-04,meera9793@icici
C02909,Neha Iyer,7597926352,neha.iyer12@gmail.com,2002-02-19,Kolkata,min,2024-07-10,neha6352@sbi
C02910,Sunita Verma,9642056121,sunita.verma4@gmail.com,2001-10-12,Chennai,full,2021-05-16,sunita6121@axl
C02911,Amit Chopra,6046334221,,1998-07-23,Jaipur,min,2023-02-01,amit4221@paytm
C02912,Farhan Chopra,6744875289,farhan.chopra30@gmail.com,1973-02-28,Pune,min,2026-05-25,farhan5289@okbank
C02913,Priya Menon,9813369160,,1981-08-14,Ahmedabad,pending,2026-04-22,priya9160@ybl
C02914,Priya Gupta,9719570755,priya.gupta62@gmail.com,1970-09-20,Lucknow,full,2022-04-29,priya0755@icici
C02915,Farhan Iyer,7840592868,farhan.iyer75@gmail.com,1996-07-15,Pune,min,2025-05-12,farhan2868@axl
C02916,Rohan Shaikh,9599758597,rohan.shaikh37@gmail.com,1996-04-02,Jaipur,full,2022-02-27,rohan8597@axl
C02917,Harsh Nair,8851303649,,1989-12-21,Chennai,min,2023-11-08,harsh3649@okbank
C02918,Fatima Khan,8512164984,fatima.khan32@gmail.com,1994-05-28,Bengaluru,full,2022-07-24,fatima4984@hdfcbank
C02919,I. Khan,7012273854,isha.khan3@gmail.com,2000-05-25,Chennai,min,2021-06-29,
C02920,Deepak Pillai,8437337648,deepak.pillai15@gmail.com,1966-06-20,Lucknow,full,2020-05-19,deepak7648@ybl
C02921,Ritu Bose,9067411047,ritu.bose95@gmail.com,1995-12-15,Mumbai,full,2019-09-21,ritu1047@okbank
C02922,Aarti Sharma,6084289597,aarti.sharma81@gmail.com,1979-03-31,Jaipur,min,2025-08-16,aarti9597@icici
C02923,Neha Reddy,7105626192,neha.reddy48@gmail.com,1987-02-12,Chennai,full,2022-06-29,neha6192@axl
C02924,Fatima Iyer,9545124669,,1967-10-21,Jaipur,full,2021-11-03,fatima4669@sbi
C02925,Manish Nair,7863249813,,1972-09-29,Chennai,pending,2024-02-16,manish9813@okbank
C02926,Vikram Chopra,6619101439,vikram.chopra58@gmail.com,1971-01-07,Chennai,full,2025-07-29,vikram1439@okbank
C02927,Farhan Mehta,6614778241,farhan.mehta21@gmail.com,1977-06-22,Ahmedabad,full,2025-04-21,farhan8241@hdfcbank
C02928,F. Khan,6020955614,farhan.khan40@gmail.com,1996-08-24,Kolkata,full,2021-03-09,farhan5614@icici
C02929,Priya Chopra,7526293248,priya.chopra17@gmail.com,1984-02-19,Ahmedabad,full,2025-04-11,priya3248@axl
C02930,Swati Singh,8801599737,swati.singh3@gmail.com,1991-02-22,Delhi,pending,2023-06-23,swati9737@okbank
C02931,Vikram Das,7608048579,vikram.das15@gmail.com,,Bengaluru,full,2022-08-10,vikram8579@sbi
C02932,Isha Iyer,8688681438,isha.iyer32@gmail.com,1993-10-24,Chennai,min,2023-08-24,isha1438@axl
C02933,Kavita Khan,8249164410,,2000-10-25,Chennai,min,2021-11-07,kavita4410@ybl
C02934,M. Iyer,9762658027,meera.iyer84@gmail.com,1976-03-27,Lucknow,pending,2025-03-02,meera8027@sbi
C02935,Rahul Reddy,9067307596,rahul.reddy45@gmail.com,1995-04-21,Chennai,full,2022-10-10,
C02936,Anjali Patel,8585870182,,1992-12-26,Delhi,full,2020-12-12,anjali0182@hdfcbank
C02937,Ritu Gupta,6329467236,ritu.gupta93@gmail.com,2004-09-07,Chennai,min,2025-07-07,ritu7236@sbi
C02938,Amit Verma,8326726911,amit.verma50@gmail.com,1991-02-14,Mumbai,full,2020-12-17,amit6911@paytm
C02939,Tarun Chopra,9998446631,tarun.chopra94@gmail.com,2000-12-16,Hyderabad,min,2021-02-03,tarun6631@ybl
C02940,Deepak Yadav,8248943563,,1991-06-10,Ahmedabad,min,2024-04-11,deepak3563@paytm
C02941,Meera Joshi,7987390841,meera.joshi34@gmail.com,2001-09-22,Mumbai,pending,2022-07-22,meera0841@hdfcbank
C02942,Sanjay Desai,6581950522,sanjay.desai4@gmail.com,1970-02-23,Kolkata,min,2023-04-22,sanjay0522@axl
C02943,Nisha Kulkarni,8521438257,nisha.kulkarni41@gmail.com,1981-03-05,Pune,min,2023-06-19,nisha8257@icici
C02944,Swati Joshi,8965967984,swati.joshi35@gmail.com,1989-11-17,Pune,full,2021-05-22,swati7984@axl
C02945,Rahul Sharma,7890087384,,1962-03-05,Ahmedabad,min,2021-11-11,rahul7384@hdfcbank
C02946,R. Pillai,6399673177,ritu.pillai47@gmail.com,1975-07-09,Chennai,full,2025-06-18,ritu3177@ybl
C02947,Arjun Das,7499149433,,1971-06-07,Kolkata,full,2024-11-20,arjun9433@icici
C02948,Rahul Singh,6746149235,,1987-07-23,Ahmedabad,pending,2023-06-11,rahul9235@icici
C02949,Rahul Yadav,7012136241,,,Hyderabad,full,2026-01-30,rahul6241@hdfcbank
C02950,Anjali Singh,9274365917,,1978-04-15,Bengaluru,full,2022-01-03,anjali5917@okbank
C02951,Ritu Shaikh,7833601665,ritu.shaikh66@gmail.com,,Hyderabad,pending,2019-10-11,ritu1665@axl
C02952,Arjun Mehta,8207327076,arjun.mehta85@gmail.com,1987-01-06,Hyderabad,full,2019-10-30,arjun7076@icici
C02953,Vijay Patel,6162546086,vijay.patel22@gmail.com,1962-12-28,Hyderabad,pending,2025-09-01,vijay6086@ybl
C02954,Anjali Shaikh,9630855316,anjali.shaikh42@gmail.com,1990-09-17,Kolkata,pending,2020-08-13,anjali5316@sbi
C02955,Ritu Verma,8820038461,,1980-06-04,Kolkata,min,2026-01-18,ritu8461@sbi
C02956,Suresh Chopra,7735777965,suresh.chopra85@gmail.com,1990-12-12,Delhi,full,2022-05-01,suresh7965@axl
C02957,Imran Chopra,6056641883,imran.chopra21@gmail.com,1980-02-19,Ahmedabad,full,2022-12-22,imran1883@ybl
C02958,Harsh Kulkarni,7834732277,harsh.kulkarni73@gmail.com,1981-10-21,Mumbai,full,2021-10-23,harsh2277@paytm
C02959,Vikram Sharma,7579780312,vikram.sharma26@gmail.com,2005-05-29,Delhi,min,2025-01-22,vikram0312@axl
C02960,Rohan Reddy,7075058226,rohan.reddy14@gmail.com,1997-09-07,Mumbai,full,2020-06-26,rohan8226@sbi
C02961,Suresh Kulkarni,8361384543,suresh.kulkarni55@gmail.com,2000-01-02,Hyderabad,full,2024-10-30,suresh4543@icici
C02962,Rahul Patel,7137832871,rahul.patel5@gmail.com,1999-01-27,Kolkata,full,2022-06-07,rahul2871@ybl
C02963,Ritu Menon,9027776446,,1971-10-14,Bengaluru,full,2023-03-02,ritu6446@icici
C02964,S. Khan,7993324699,sanjay.khan9@gmail.com,1999-09-26,Pune,full,2021-07-18,sanjay4699@paytm
C02965,Vijay Yadav,9938789506,,2004-11-25,Pune,min,2023-09-03,vijay9506@axl
C02966,Isha Singh,8668389574,isha.singh89@gmail.com,2002-12-09,Kolkata,full,2026-03-07,isha9574@sbi
C02967,Sanjay Patel,6937304255,sanjay.patel1@gmail.com,1997-01-05,Lucknow,min,2025-03-31,sanjay4255@okbank
C02968,Fatima Patel,9859878563,,1997-06-03,Bengaluru,min,2023-06-29,fatima8563@ybl
C02969,Deepak Patel,6474632788,,1972-04-01,Delhi,min,2023-01-30,deepak2788@axl
C02970,Sunita Sharma,7617084234,sunita.sharma84@gmail.com,1973-07-27,Delhi,pending,2023-09-22,sunita4234@hdfcbank
C02971,Anjali Bose,6379290197,anjali.bose91@gmail.com,1986-02-08,Kolkata,full,2025-09-01,anjali0197@hdfcbank
C02972,Sunita Yadav,6654920393,sunita.yadav29@gmail.com,1978-01-03,Delhi,full,2023-12-04,sunita0393@okbank
C02973,T. Yadav,6954213803,tarun.yadav7@gmail.com,1961-07-26,Jaipur,min,2021-10-19,tarun3803@paytm
C02974,K. Kulkarni,7624612392,kavita.kulkarni69@gmail.com,1986-04-02,Ahmedabad,min,2021-02-28,kavita2392@hdfcbank
C02975,Harsh Yadav,8739250144,,1994-12-28,Mumbai,full,2020-03-15,harsh0144@okbank
C02976,Vijay Mehta,7417822818,vijay.mehta26@gmail.com,1964-06-07,Kolkata,full,2023-01-31,vijay2818@axl
C02977,Harsh Sharma,7022171651,,2000-11-12,Chennai,pending,2024-05-04,harsh1651@hdfcbank
C02978,A. Nair,9135598679,arjun.nair42@gmail.com,1975-11-19,Bengaluru,min,2023-12-09,arjun8679@paytm
C02979,Imran Yadav,8660228240,,2005-04-30,Jaipur,min,2024-11-03,imran8240@ybl
C02980,Nisha Iyer,6036291902,nisha.iyer74@gmail.com,2003-12-08,Pune,full,2022-03-27,nisha1902@hdfcbank
C02981,N. Verma,7064544274,neha.verma46@gmail.com,1991-05-26,Ahmedabad,full,2023-01-03,neha4274@icici
C02982,Tarun Mehta,6878233654,,1978-01-14,Jaipur,min,2019-11-24,tarun3654@paytm
C02983,Suresh Menon,9194227860,suresh.menon97@gmail.com,1984-04-16,Delhi,full,2024-06-26,suresh7860@paytm
C02984,Divya Nair,6066894693,divya.nair17@gmail.com,1969-07-31,,pending,2021-08-30,divya4693@sbi
C02985,Divya Gupta,8152315263,divya.gupta32@gmail.com,,Delhi,full,2020-06-14,divya5263@ybl
C02986,Neha Desai,8405498641,neha.desai50@gmail.com,1980-08-08,Pune,min,2023-01-26,neha8641@paytm
C02987,Fatima Pillai,9572531686,fatima.pillai25@gmail.com,1981-01-27,Jaipur,pending,2022-08-14,fatima1686@axl
C02988,Isha Gupta,6703646828,,2000-03-11,Ahmedabad,pending,2024-03-07,isha6828@ybl
C02989,Amit Singh,9621517490,,2002-11-22,Mumbai,min,2022-07-28,amit7490@ybl
C02990,Rahul Das,8008757653,rahul.das19@gmail.com,1971-11-22,Delhi,pending,2023-03-07,rahul7653@ybl
C02991,Vijay Khan,9320116885,,1980-08-14,Jaipur,full,2025-02-14,vijay6885@okbank
C02992,Nisha Nair,7959038920,nisha.nair41@gmail.com,1971-10-25,Bengaluru,full,2022-05-24,nisha8920@paytm
C02993,Vikram Gupta,6600548261,,1993-03-18,Jaipur,full,2024-01-11,vikram8261@paytm
C02994,Harsh Kulkarni,8161855854,,1968-01-23,Ahmedabad,min,2021-09-21,harsh5854@paytm
C02995,Sneha Patel,7250667034,sneha.patel36@gmail.com,1981-04-05,Chennai,full,2023-05-21,sneha7034@axl
C02996,Pooja Bose,9031816279,pooja.bose23@gmail.com,2005-03-21,Mumbai,min,2025-10-29,pooja6279@icici
C02997,Priya Nair,9522858371,priya.nair78@gmail.com,1998-12-04,Ahmedabad,full,2021-10-11,priya8371@sbi
C02998,Sunita Khan,8677606985,sunita.khan8@gmail.com,1979-09-17,Bengaluru,full,2026-03-05,sunita6985@ybl
C02999,Divya Yadav,8988785456,,2001-07-24,Delhi,full,2020-04-01,divya5456@sbi
C03000,Anjali Kulkarni,6608333367,anjali.kulkarni43@gmail.com,1979-10-27,Kolkata,full,2020-03-24,anjali3367@axl
C03001,Ritu Khan,7820270259,ritu.khan54@gmail.com,1977-09-08,Mumbai,full,2020-05-23,ritu0259@sbi
C03002,Isha Patel,7234787767,isha.patel50@gmail.com,1992-02-19,Lucknow,full,2024-05-30,isha7767@icici
C03003,Vijay Sharma,6247342053,vijay.sharma69@gmail.com,2003-05-23,Hyderabad,min,2025-07-16,vijay2053@okbank
C03004,Vijay Reddy,9576514220,vijay.reddy42@gmail.com,1962-09-24,Pune,pending,2020-02-11,vijay4220@ybl
C03005,Sunita Reddy,9070446884,sunita.reddy22@gmail.com,1989-09-02,Ahmedabad,full,2025-03-03,sunita6884@axl
C03006,Farhan Desai,8619719067,farhan.desai27@gmail.com,1991-10-08,Ahmedabad,pending,2024-01-22,farhan9067@axl
C03007,Isha Verma,6942718894,,2000-06-16,Ahmedabad,full,2026-01-11,isha8894@okbank
C03008,Rahul Bose,7392341538,,2005-12-18,Chennai,full,2021-01-31,rahul1538@axl
C03009,Arjun Pillai,7560639502,arjun.pillai53@gmail.com,,Lucknow,full,2019-12-08,arjun9502@axl
C03010,Tarun Patel,6689333620,tarun.patel72@gmail.com,1994-10-13,Bengaluru,full,2020-02-18,tarun3620@paytm
C03011,I. Yadav,9896044575,,,Bengaluru,min,2026-03-12,imran4575@paytm
C03012,F. Menon,6009300719,farhan.menon30@gmail.com,1977-01-22,Pune,full,2022-07-21,farhan0719@okbank
C03013,Sneha Mehta,6317500640,sneha.mehta82@gmail.com,1993-09-20,Hyderabad,full,2026-02-23,sneha0640@paytm
C03014,Deepak Pillai,8607028748,deepak.pillai38@gmail.com,2000-06-23,Ahmedabad,full,2021-06-20,deepak8748@paytm
C03015,Sneha Bose,8226368602,sneha.bose7@gmail.com,2003-10-05,Mumbai,full,2023-09-28,sneha8602@hdfcbank
C03016,Vijay Reddy,8884467838,vijay.reddy33@gmail.com,1979-02-04,Bengaluru,full,2022-01-03,vijay7838@hdfcbank
C03017,Sanjay Singh,8282751775,sanjay.singh3@gmail.com,1988-07-30,Chennai,min,2021-05-05,sanjay1775@axl
C03018,Sunita Gupta,7908286875,sunita.gupta86@gmail.com,,Ahmedabad,full,2020-08-28,sunita6875@paytm
C03019,Swati Shaikh,7638675569,swati.shaikh64@gmail.com,1983-07-25,Pune,full,2024-03-21,swati5569@ybl
C03020,Harsh Desai,7638345801,harsh.desai75@gmail.com,1973-04-09,Mumbai,min,2026-03-20,harsh5801@paytm
C03021,Fatima Pillai,7432172356,fatima.pillai72@gmail.com,1969-12-02,Hyderabad,full,2024-07-16,fatima2356@okbank
C03022,Sunita Yadav,7208786600,,,,min,2021-06-20,sunita6600@hdfcbank
C03023,Ritu Pillai,9203626492,,2005-05-07,Chennai,full,2020-04-16,ritu6492@sbi
C03024,Nisha Iyer,8986015478,nisha.iyer64@gmail.com,1968-07-03,Ahmedabad,full,2025-12-27,nisha5478@axl
C03025,Kavita Chopra,8065369521,,1981-07-16,Chennai,full,2020-02-15,kavita9521@axl
C03026,Meera Joshi,7131550797,meera.joshi67@gmail.com,1986-08-11,Jaipur,full,2019-10-14,meera0797@ybl
C03027,Harsh Reddy,7030936023,,1977-12-07,Pune,full,2023-12-17,harsh6023@paytm
C03028,Tarun Pillai,7652269296,,,Bengaluru,min,2023-11-13,tarun9296@okbank
C03029,Nisha Sharma,7606039471,nisha.sharma25@gmail.com,,Pune,full,2022-12-28,nisha9471@axl
C03030,K. Reddy,8996433712,karan.reddy4@gmail.com,1974-01-20,Ahmedabad,min,2020-02-27,karan3712@okbank
C03031,Imran Patel,8657478913,imran.patel66@gmail.com,1992-04-13,Chennai,full,2020-06-05,imran8913@paytm
C03032,Isha Menon,9128121106,,1982-06-13,Bengaluru,full,2023-02-19,isha1106@okbank
C03033,Kavita Mehta,7250271556,,1963-02-22,Chennai,min,2025-05-17,kavita1556@paytm
C03034,Pooja Chopra,8905640897,,1966-12-03,,min,2024-10-19,pooja0897@paytm
C03035,Amit Joshi,9022174173,amit.joshi87@gmail.com,1996-01-21,Pune,full,2020-04-03,amit4173@okbank
C03036,T. Das,9969042176,tarun.das65@gmail.com,1977-11-29,,min,2021-10-09,tarun2176@paytm
C03037,Priya Nair,6558192624,priya.nair48@gmail.com,1974-06-22,Chennai,full,2021-08-08,priya2624@hdfcbank
C03038,Harsh Gupta,9273941224,harsh.gupta32@gmail.com,,Lucknow,pending,2020-06-20,harsh1224@ybl
C03039,Vikram Menon,9220469446,vikram.menon95@gmail.com,1978-12-14,Kolkata,full,2023-11-11,vikram9446@paytm
C03040,Rahul Bose,7218587676,,1979-04-06,Hyderabad,pending,2022-01-11,rahul7676@paytm
C03041,Pooja Desai,8811318148,pooja.desai23@gmail.com,1975-03-06,,min,2025-09-23,pooja8148@okbank
C03042,Amit Shaikh,9411766995,amit.shaikh26@gmail.com,1967-01-05,Hyderabad,full,2021-01-16,amit6995@axl
C03043,Rohan Mehta,7894759561,rohan.mehta64@gmail.com,1996-10-11,Bengaluru,min,2023-05-09,rohan9561@ybl
C03044,Sanjay Gupta,6045922775,,1967-11-03,Jaipur,full,2024-02-15,sanjay2775@axl
C03045,S. Patel,6548133954,sneha.patel1@gmail.com,1980-09-22,Chennai,min,2025-02-07,sneha3954@okbank
C03046,Anjali Shaikh,8806464681,,1982-01-01,Kolkata,min,2025-04-21,anjali4681@sbi
C03047,Sunita Desai,6558558284,sunita.desai43@gmail.com,2004-12-14,Jaipur,min,2023-10-31,sunita8284@icici
C03048,Divya Khan,9207432627,divya.khan21@gmail.com,1981-10-06,Ahmedabad,full,2025-04-27,divya2627@okbank
C03049,Vijay Menon,7096594655,vijay.menon85@gmail.com,1997-01-24,Delhi,pending,2024-06-18,vijay4655@paytm
C03050,Meera Nair,6850851913,meera.nair4@gmail.com,1995-10-21,Kolkata,full,2021-10-13,meera1913@paytm
C03051,Divya Menon,9398340955,divya.menon66@gmail.com,1978-09-08,Lucknow,full,2020-07-24,divya0955@paytm
C03052,Vikram Kulkarni,6475348123,vikram.kulkarni99@gmail.com,1984-06-29,Mumbai,min,2021-04-17,vikram8123@okbank
C03053,Vijay Verma,7483319452,,2003-04-15,Delhi,full,2025-07-18,vijay9452@axl
C03054,Fatima Gupta,6709954360,,1975-05-15,Mumbai,full,2023-08-13,fatima4360@axl
C03055,Vijay Reddy,7131031237,,1977-09-06,Delhi,full,2026-02-27,vijay1237@ybl
C03056,Deepak Sharma,8185421607,deepak.sharma78@gmail.com,1989-08-31,Kolkata,min,2020-02-18,deepak1607@ybl
C03057,Ritu Mehta,6861198391,ritu.mehta11@gmail.com,1978-03-11,Delhi,full,2024-03-19,ritu8391@hdfcbank
C03058,P. Iyer,8952068057,,1971-03-14,Ahmedabad,full,2023-12-01,pooja8057@hdfcbank
C03059,Rohan Joshi,6462449097,rohan.joshi7@gmail.com,2002-11-25,Ahmedabad,full,2026-02-16,rohan9097@ybl
C03060,Aarti Yadav,9601673758,aarti.yadav66@gmail.com,1991-08-01,Pune,min,2023-08-06,aarti3758@ybl
C03061,Manish Yadav,9290092916,manish.yadav20@gmail.com,1998-06-27,Lucknow,min,2023-01-16,manish2916@okbank
C03062,Vijay Reddy,7909853519,vijay.reddy3@gmail.com,,Pune,full,2020-12-19,vijay3519@icici
C03063,Swati Iyer,6026338270,swati.iyer89@gmail.com,1983-06-17,Delhi,full,2021-09-16,swati8270@okbank
C03064,Amit Iyer,8215519879,amit.iyer16@gmail.com,2002-06-28,Hyderabad,full,2022-09-29,amit9879@axl
C03065,Vikram Mehta,9528120598,vikram.mehta17@gmail.com,1984-07-27,Delhi,full,2024-05-17,vikram0598@sbi
C03066,S. Singh,8995651501,swati.singh65@gmail.com,1967-10-12,Pune,full,2021-03-16,swati1501@okbank
C03067,Farhan Verma,7659461451,farhan.verma81@gmail.com,1985-08-14,Chennai,full,2019-12-27,farhan1451@paytm
C03068,Vijay Menon,8336238615,vijay.menon29@gmail.com,1978-08-09,Hyderabad,full,2021-06-21,vijay8615@hdfcbank
C03069,Sanjay Singh,7509483378,sanjay.singh46@gmail.com,1970-06-17,Mumbai,min,2019-09-22,sanjay3378@hdfcbank
C03070,Sanjay Singh,8337667209,,1972-09-13,Lucknow,full,2020-05-26,sanjay7209@axl
C03071,Rohan Iyer,7566263823,rohan.iyer55@gmail.com,2005-12-20,Chennai,full,2020-05-09,rohan3823@icici
C03072,Manish Verma,8274595265,manish.verma32@gmail.com,1988-04-27,Hyderabad,min,2021-12-24,manish5265@okbank
C03073,Isha Verma,8506195610,isha.verma7@gmail.com,,Jaipur,full,2025-11-04,isha5610@icici
C03074,P. Sharma,7922394355,,,Pune,full,2025-04-13,pooja4355@axl
C03075,Priya Gupta,7391375269,priya.gupta5@gmail.com,1962-07-24,Hyderabad,min,2021-09-05,priya5269@ybl
C03076,Vijay Singh,7617793265,vijay.singh78@gmail.com,1992-06-12,Mumbai,full,2023-01-25,vijay3265@hdfcbank
C03077,Nisha Patel,9800184572,,1991-01-16,,min,2022-01-01,nisha4572@okbank
C03078,Fatima Iyer,6321622910,,1991-09-21,Kolkata,pending,2024-02-12,fatima2910@axl
C03079,Amit Nair,8301029548,,1999-05-22,Jaipur,full,2022-02-12,
C03080,Pooja Reddy,7027481886,pooja.reddy70@gmail.com,1961-02-25,Ahmedabad,full,2026-01-16,pooja1886@okbank
C03081,Suresh Chopra,6774881747,suresh.chopra59@gmail.com,1968-12-31,Hyderabad,pending,2022-01-24,suresh1747@paytm
C03082,R. Bose,7276684637,rahul.bose61@gmail.com,2001-03-05,Jaipur,full,2024-10-01,rahul4637@ybl
C03083,Swati Pillai,7662199046,swati.pillai9@gmail.com,1986-11-22,Kolkata,full,2021-12-22,swati9046@icici
C03084,Divya Sharma,8743539870,divya.sharma62@gmail.com,1985-10-23,Pune,min,2020-07-23,divya9870@axl
C03085,Karan Menon,6181524222,karan.menon10@gmail.com,1984-11-23,Delhi,full,2021-09-30,karan4222@paytm
C03086,Amit Kulkarni,6220743889,,1961-12-01,Chennai,min,2023-12-22,amit3889@okbank
C03087,Arjun Yadav,8437747917,,1976-10-24,Hyderabad,full,2020-09-12,arjun7917@paytm
C03088,Kavita Chopra,9791754127,kavita.chopra95@gmail.com,2002-05-30,Jaipur,min,2019-09-08,kavita4127@hdfcbank
C03089,Anjali Verma,9718397204,anjali.verma11@gmail.com,1977-11-01,Bengaluru,full,2020-07-28,anjali7204@sbi
C03090,A. Sharma,9820933186,amit.sharma58@gmail.com,,Chennai,full,2024-05-16,amit3186@okbank
C03091,Divya Khan,6758270459,,,Bengaluru,min,2024-04-02,divya0459@sbi
C03092,Divya Gupta,6245969383,,1967-02-02,Bengaluru,full,2026-03-15,divya9383@paytm
C03093,K. Das,8180808779,kavita.das77@gmail.com,1996-10-23,Kolkata,min,2026-04-11,kavita8779@paytm
C03094,Karan Pillai,7626609621,,1994-08-12,Jaipur,full,2025-03-05,karan9621@okbank
C03095,Harsh Verma,7869180669,harsh.verma61@gmail.com,1999-12-25,Lucknow,min,2025-05-10,harsh0669@hdfcbank
C03096,Isha Das,8651307352,isha.das32@gmail.com,1994-11-25,Kolkata,min,2022-12-28,isha7352@paytm
C03097,Farhan Joshi,7021947233,farhan.joshi59@gmail.com,1966-10-16,Delhi,min,2022-06-28,farhan7233@sbi
C03098,Ritu Kulkarni,8635847709,ritu.kulkarni51@gmail.com,1975-02-20,Lucknow,full,2025-05-05,ritu7709@hdfcbank
C03099,Imran Joshi,6157699215,imran.joshi52@gmail.com,1999-05-05,Lucknow,min,2019-11-11,imran9215@paytm
C03100,Aarti Khan,6486356515,aarti.khan77@gmail.com,1987-07-18,Hyderabad,min,2020-03-01,aarti6515@okbank
C03101,Harsh Joshi,8459987718,,,Kolkata,min,2019-12-08,harsh7718@icici
C03102,Amit Das,9061721492,,1969-02-06,Kolkata,min,2023-03-26,amit1492@hdfcbank
C03103,Harsh Pillai,9346392817,harsh.pillai63@gmail.com,,Jaipur,full,2023-11-15,harsh2817@paytm
C03104,Manish Desai,9781839822,manish.desai51@gmail.com,1998-01-02,Mumbai,full,2026-01-10,manish9822@icici
C03105,Swati Iyer,9664474968,swati.iyer18@gmail.com,1982-06-08,Pune,full,2024-06-03,swati4968@sbi
C03106,Manish Shaikh,7345010456,,1975-03-04,Kolkata,full,2022-04-06,manish0456@sbi
C03107,Farhan Yadav,6069265762,,,Hyderabad,full,2020-12-13,farhan5762@axl
C03108,Rahul Shaikh,9313203468,,1991-02-09,Lucknow,full,2024-09-19,rahul3468@hdfcbank
C03109,Vikram Kulkarni,8764462105,vikram.kulkarni66@gmail.com,1961-03-24,Pune,pending,2024-10-20,vikram2105@okbank
C03110,Sneha Patel,9084547988,sneha.patel3@gmail.com,1971-11-05,Jaipur,min,2024-10-29,sneha7988@okbank
C03111,Vijay Gupta,6265933607,,,Kolkata,min,2022-05-27,vijay3607@icici
C03112,Aarti Shaikh,7199803001,aarti.shaikh27@gmail.com,1962-11-17,Chennai,full,2020-01-06,aarti3001@sbi
C03113,Kavita Reddy,8502067163,kavita.reddy65@gmail.com,,Lucknow,min,2023-01-09,kavita7163@ybl
C03114,Aarti Singh,9838093019,aarti.singh68@gmail.com,1977-03-15,Lucknow,full,2025-02-17,aarti3019@axl
C03115,Vikram Reddy,7838505166,vikram.reddy64@gmail.com,1990-10-14,Delhi,min,2023-11-25,vikram5166@hdfcbank
C03116,Nisha Verma,6260641862,,1985-04-27,Bengaluru,min,2026-01-17,nisha1862@okbank
C03117,Divya Iyer,9205834911,,1995-12-14,Chennai,min,2023-08-19,divya4911@hdfcbank
C03118,Neha Singh,8856712182,,1984-08-27,Mumbai,min,2021-12-06,neha2182@sbi
C03119,Deepak Iyer,7184368357,deepak.iyer96@gmail.com,1976-01-28,Chennai,min,2022-08-19,deepak8357@axl
C03120,Sneha Patel,6713770150,,,Delhi,min,2021-05-08,sneha0150@icici
C03121,Arjun Mehta,7974191089,,2002-08-27,Mumbai,min,2021-08-02,arjun1089@paytm
C03122,F. Sharma,9774656677,fatima.sharma68@gmail.com,1967-06-16,Delhi,min,2024-10-22,fatima6677@okbank
C03123,Farhan Shaikh,6309480120,farhan.shaikh14@gmail.com,1975-11-11,Kolkata,full,2026-03-26,farhan0120@icici
C03124,A. Iyer,6795321558,arjun.iyer21@gmail.com,1983-11-24,Delhi,min,2023-08-21,arjun1558@okbank
C03125,Neha Chopra,7051541442,,1964-08-31,Hyderabad,full,2023-10-24,neha1442@icici
C03126,Rahul Pillai,6098762787,rahul.pillai40@gmail.com,2002-06-30,Ahmedabad,min,2024-09-28,rahul2787@paytm
C03127,Isha Bose,8892846263,,1971-11-24,Lucknow,full,2023-04-07,isha6263@ybl
C03128,Rohan Verma,7355330566,rohan.verma63@gmail.com,1970-04-13,Jaipur,full,2026-05-27,rohan0566@icici
C03129,Karan Gupta,6387852865,karan.gupta79@gmail.com,2001-03-30,Bengaluru,min,2022-08-14,karan2865@paytm
C03130,Pooja Bose,6775314081,,1971-08-15,Kolkata,full,2020-08-01,pooja4081@icici
C03131,Anjali Shaikh,7050986602,anjali.shaikh6@gmail.com,1971-04-23,Lucknow,full,2025-11-20,anjali6602@axl
C03132,Priya Desai,9251739086,priya.desai64@gmail.com,1971-04-14,Jaipur,min,2020-08-11,priya9086@hdfcbank
C03133,Sneha Nair,9891239629,sneha.nair79@gmail.com,1978-11-01,Lucknow,full,2020-06-26,sneha9629@sbi
C03134,Kavita Pillai,7122697999,kavita.pillai56@gmail.com,1971-03-07,Pune,full,2025-08-22,
C03135,Rohan Reddy,7225316576,,2005-07-27,Jaipur,full,2024-08-24,rohan6576@hdfcbank
C03136,I. Pillai,9855241363,isha.pillai1@gmail.com,1986-04-15,Chennai,full,2023-12-22,isha1363@hdfcbank
C03137,Swati Reddy,8494769345,,1987-11-25,Bengaluru,full,2024-08-09,swati9345@icici
C03138,Rahul Menon,6068411510,rahul.menon87@gmail.com,1975-10-02,Mumbai,min,2022-06-13,rahul1510@sbi
C03139,Sneha Reddy,9640545828,sneha.reddy91@gmail.com,1999-09-08,Hyderabad,pending,2021-10-13,sneha5828@icici
C03140,Divya Patel,8069208555,divya.patel24@gmail.com,1987-04-25,Delhi,full,2024-05-15,divya8555@ybl
C03141,Meera Gupta,7488081387,meera.gupta67@gmail.com,1969-04-28,Jaipur,min,2024-11-30,meera1387@okbank
C03142,Manish Patel,7070100952,,1998-08-26,Mumbai,min,2022-03-10,manish0952@ybl
C03143,M. Nair,9599453226,manish.nair58@gmail.com,1985-07-26,Chennai,full,2022-10-13,manish3226@paytm
C03144,Swati Chopra,7290720681,,1986-07-09,Bengaluru,full,2025-11-22,swati0681@okbank
C03145,A. Sharma,6113065572,,1988-03-20,Kolkata,full,2021-09-25,
C03146,Neha Nair,7647432323,neha.nair62@gmail.com,1984-07-28,Kolkata,min,2025-01-01,neha2323@ybl
C03147,Vikram Kulkarni,9063970996,vikram.kulkarni10@gmail.com,1995-02-23,Delhi,min,2022-03-25,vikram0996@icici
C03148,Anjali Singh,8690356445,,1995-09-09,Lucknow,full,2023-05-14,anjali6445@icici
C03149,Tarun Pillai,9934802097,,1990-06-01,Bengaluru,full,2026-02-14,tarun2097@paytm
C03150,Rahul Chopra,9172011115,,1980-12-17,Hyderabad,full,2026-02-21,rahul1115@icici
C03151,Amit Desai,8474262427,amit.desai69@gmail.com,2001-12-30,Pune,full,2025-04-20,amit2427@axl
C03152,Suresh Yadav,9249528691,suresh.yadav9@gmail.com,1989-08-07,Pune,min,2022-10-15,suresh8691@axl
C03153,Rohan Singh,8292512052,,1997-04-12,Mumbai,full,2023-06-20,rohan2052@axl
C03154,Sunita Khan,8780831734,sunita.khan30@gmail.com,1965-05-17,Delhi,full,2022-06-06,sunita1734@okbank
C03155,Meera Reddy,8533686193,meera.reddy2@gmail.com,1982-06-09,Jaipur,full,2023-07-26,
C03156,Kavita Das,9590052913,,1984-06-28,Jaipur,min,2025-01-08,kavita2913@paytm
C03157,Pooja Reddy,9532081225,pooja.reddy72@gmail.com,1964-09-11,Hyderabad,full,2021-12-28,pooja1225@paytm
C03158,Manish Reddy,6644931307,,2005-03-24,Jaipur,pending,2019-12-20,manish1307@okbank
C03159,Deepak Joshi,7412099266,,1965-03-16,Ahmedabad,full,2025-12-17,deepak9266@ybl
C03160,Isha Menon,6897757586,isha.menon44@gmail.com,2001-08-19,Mumbai,min,2021-09-30,isha7586@hdfcbank
C03161,Suresh Joshi,7894052564,,1987-04-29,Lucknow,min,2025-03-16,suresh2564@hdfcbank
C03162,Anjali Reddy,7295542823,,1980-04-05,Jaipur,full,2022-04-18,anjali2823@axl
C03163,Harsh Mehta,7632480121,harsh.mehta4@gmail.com,1971-01-07,Lucknow,full,2020-05-28,harsh0121@hdfcbank
C03164,Priya Chopra,7533336078,,1994-10-25,Delhi,full,2022-02-01,priya6078@hdfcbank
C03165,Anjali Gupta,9470270006,anjali.gupta89@gmail.com,1977-01-11,Kolkata,min,2025-04-05,anjali0006@ybl
C03166,Suresh Pillai,8923470450,,1993-07-18,Pune,full,2022-05-27,suresh0450@sbi
C03167,Arjun Chopra,7913500780,,1963-03-14,Bengaluru,full,2026-03-03,arjun0780@hdfcbank
C03168,Imran Kulkarni,6338359442,imran.kulkarni82@gmail.com,1969-09-19,Bengaluru,min,2022-12-07,imran9442@icici
C03169,Fatima Iyer,9296072689,fatima.iyer76@gmail.com,2003-06-04,Ahmedabad,min,2025-06-13,fatima2689@ybl
C03170,Amit Shaikh,8765756632,amit.shaikh40@gmail.com,1972-05-21,Jaipur,min,2022-12-16,amit6632@okbank
C03171,Isha Das,6527109429,,1975-06-29,Hyderabad,min,2019-10-10,isha9429@icici
C03172,Neha Joshi,9623388822,neha.joshi4@gmail.com,1984-02-07,Lucknow,full,2022-08-16,neha8822@icici
C03173,Amit Sharma,6938796085,amit.sharma54@gmail.com,1967-06-26,Bengaluru,full,2020-02-16,amit6085@icici
C03174,Nisha Menon,7223063132,nisha.menon44@gmail.com,1986-09-04,Chennai,full,2024-01-27,nisha3132@okbank
C03175,Priya Verma,6968204000,priya.verma36@gmail.com,1977-03-12,Pune,full,2021-07-03,priya4000@paytm
C03176,Vikram Das,6949710398,vikram.das18@gmail.com,2001-11-14,Kolkata,full,2020-06-19,vikram0398@okbank
C03177,Sanjay Das,8697152020,sanjay.das97@gmail.com,1971-03-16,Jaipur,min,2023-01-03,sanjay2020@sbi
C03178,Nisha Khan,8395733780,,1962-05-27,Chennai,full,2026-04-20,nisha3780@okbank
C03179,Pooja Bose,6667094666,pooja.bose28@gmail.com,1964-05-07,Lucknow,full,2020-05-04,pooja4666@hdfcbank
C03180,Manish Patel,7154965504,,1984-05-29,Lucknow,pending,2025-01-24,manish5504@sbi
C03181,Tarun Mehta,9465448514,tarun.mehta39@gmail.com,1976-12-17,Mumbai,full,2020-03-04,tarun8514@hdfcbank
C03182,Suresh Das,9680892669,suresh.das86@gmail.com,1996-10-17,Ahmedabad,min,2020-03-01,suresh2669@paytm
C03183,Kavita Patel,6378951507,kavita.patel1@gmail.com,1971-06-23,Hyderabad,min,2021-11-21,kavita1507@hdfcbank
C03184,N. Singh,9521072796,nisha.singh85@gmail.com,1978-08-14,Lucknow,min,2022-02-15,nisha2796@icici
C03185,Harsh Desai,8404936126,harsh.desai7@gmail.com,1966-07-26,Bengaluru,full,2021-06-04,harsh6126@hdfcbank
C03186,Arjun Menon,6973825887,,1998-11-27,Bengaluru,pending,2024-08-13,arjun5887@ybl
C03187,Imran Shaikh,7105817187,,,,full,2022-04-14,imran7187@paytm
C03188,Fatima Reddy,6232737605,fatima.reddy63@gmail.com,1979-04-13,Mumbai,min,2020-02-17,fatima7605@hdfcbank
C03189,Priya Yadav,6254124605,priya.yadav71@gmail.com,1967-04-23,Kolkata,pending,2024-01-14,priya4605@sbi
C03190,Rohan Yadav,7065579558,rohan.yadav99@gmail.com,2004-10-19,Mumbai,min,2021-06-24,rohan9558@sbi
C03191,N. Iyer,8692091580,nisha.iyer2@gmail.com,1980-04-09,Kolkata,full,2023-06-16,nisha1580@hdfcbank
C03192,Sneha Mehta,8105265152,sneha.mehta6@gmail.com,,Pune,full,2021-04-17,sneha5152@okbank
C03193,Neha Mehta,8377143857,neha.mehta70@gmail.com,1994-01-31,Ahmedabad,full,2020-11-19,neha3857@paytm
C03194,Deepak Yadav,8511739133,deepak.yadav33@gmail.com,1986-01-01,Jaipur,full,2020-12-21,deepak9133@paytm
C03195,H. Menon,8994792006,harsh.menon49@gmail.com,1970-01-07,Bengaluru,min,2023-05-21,harsh2006@axl
C03196,Farhan Shaikh,6411586917,,1969-04-15,Kolkata,full,2021-02-27,farhan6917@ybl
C03197,Sanjay Reddy,6700522579,sanjay.reddy20@gmail.com,1961-05-19,Chennai,min,2020-06-17,sanjay2579@axl
C03198,M. Kulkarni,6747779142,manish.kulkarni37@gmail.com,2005-01-12,Mumbai,full,2025-11-19,manish9142@paytm
C03199,Arjun Yadav,8974504421,arjun.yadav91@gmail.com,1967-08-23,Hyderabad,full,2025-05-23,arjun4421@okbank
C03200,Deepak Menon,6896858005,deepak.menon74@gmail.com,1980-11-21,Lucknow,full,2021-03-26,deepak8005@okbank
C03201,Anjali Chopra,6486511677,anjali.chopra16@gmail.com,1998-10-14,Hyderabad,full,2026-02-06,
C03202,Sneha Nair,6267873392,,2004-02-29,Delhi,min,2025-12-11,sneha3392@hdfcbank
C03203,Isha Verma,9239357653,isha.verma65@gmail.com,1997-04-25,Jaipur,full,2023-04-10,isha7653@sbi
C03204,Isha Yadav,8972719779,isha.yadav35@gmail.com,1962-02-01,Pune,full,2024-10-29,isha9779@ybl
C03205,Sunita Das,7782961300,sunita.das53@gmail.com,1978-03-12,Chennai,pending,2025-12-08,sunita1300@hdfcbank
C03206,Suresh Singh,7402536524,suresh.singh91@gmail.com,1979-05-08,Lucknow,full,2026-01-17,suresh6524@okbank
C03207,Vikram Nair,6003950923,,1994-05-31,Delhi,full,2021-08-06,vikram0923@paytm
C03208,Farhan Desai,8176063399,farhan.desai43@gmail.com,1969-12-09,Bengaluru,min,2025-05-01,
C03209,Ritu Das,7906133830,ritu.das78@gmail.com,1968-09-27,Delhi,min,2026-05-31,ritu3830@ybl
C03210,Pooja Khan,8210296641,,1967-05-03,Kolkata,full,2022-12-03,pooja6641@hdfcbank
C03211,Amit Singh,8844114413,,1984-02-05,Chennai,full,2024-02-16,amit4413@paytm
C03212,Pooja Patel,7612879811,pooja.patel87@gmail.com,1995-03-14,Kolkata,min,2024-12-24,pooja9811@hdfcbank
C03213,Farhan Kulkarni,7022803094,,1971-02-15,Bengaluru,full,2020-03-19,farhan3094@paytm
C03214,I. Das,7640459812,imran.das51@gmail.com,1982-12-10,Kolkata,pending,2023-05-01,imran9812@okbank
C03215,Suresh Sharma,6433192755,suresh.sharma76@gmail.com,1994-09-16,Delhi,full,2022-08-07,suresh2755@hdfcbank
C03216,Isha Mehta,6427541265,isha.mehta94@gmail.com,1995-08-31,Pune,full,2021-11-20,isha1265@sbi
C03217,Isha Reddy,9763253410,isha.reddy32@gmail.com,1968-06-29,Hyderabad,full,2022-05-25,isha3410@icici
C03218,Rohan Iyer,9957178134,rohan.iyer85@gmail.com,1995-04-08,Mumbai,full,2024-06-12,rohan8134@icici
C03219,Imran Yadav,6352359651,imran.yadav24@gmail.com,1986-06-24,Bengaluru,full,2022-10-09,imran9651@hdfcbank
C03220,Anjali Reddy,7528960681,anjali.reddy71@gmail.com,1974-03-31,Pune,min,2019-09-11,anjali0681@ybl
C03221,Sunita Bose,9278468866,sunita.bose94@gmail.com,1997-11-28,Ahmedabad,min,2022-02-03,sunita8866@paytm
C03222,Ritu Joshi,6816292884,,1972-03-17,Lucknow,min,2022-07-09,ritu2884@icici
C03223,Sunita Pillai,8173341059,sunita.pillai74@gmail.com,1988-11-09,Mumbai,min,2025-02-10,sunita1059@hdfcbank
C03224,Rahul Menon,7905341556,,,Hyderabad,pending,2024-07-03,
C03225,Divya Mehta,6998631664,divya.mehta72@gmail.com,1988-06-08,Hyderabad,min,2022-03-22,divya1664@sbi
C03226,Swati Bose,7743018761,,1963-01-12,Kolkata,min,2024-05-04,swati8761@okbank
C03227,Isha Gupta,8579964960,isha.gupta50@gmail.com,1999-10-22,Bengaluru,min,2022-03-21,isha4960@ybl
C03228,Divya Bose,9183099689,divya.bose35@gmail.com,1993-02-15,Bengaluru,min,2019-09-08,divya9689@ybl
C03229,Sneha Das,8389818375,,2001-07-26,Bengaluru,min,2019-12-09,sneha8375@okbank
C03230,P. Das,7484220009,pooja.das36@gmail.com,1992-09-29,Chennai,min,2021-01-25,pooja0009@hdfcbank
C03231,Ritu Das,6340348477,,1979-05-29,Jaipur,full,2020-11-27,ritu8477@okbank
C03232,Meera Kulkarni,7956035863,meera.kulkarni91@gmail.com,2006-02-04,Hyderabad,pending,2026-03-12,meera5863@paytm
C03233,D. Menon,9331547448,deepak.menon72@gmail.com,1966-03-14,Mumbai,full,2023-02-13,deepak7448@okbank
C03234,Kavita Menon,7848345275,kavita.menon84@gmail.com,1984-02-24,Chennai,full,2026-03-10,kavita5275@icici
C03235,Rohan Nair,6866013791,rohan.nair1@gmail.com,1990-02-22,Chennai,min,2024-05-15,rohan3791@hdfcbank
C03236,Vijay Yadav,7030205623,,1970-12-25,Delhi,min,2022-10-16,vijay5623@axl
C03237,Vijay Khan,7270850740,vijay.khan89@gmail.com,1980-06-15,Jaipur,min,2022-02-12,vijay0740@sbi
C03238,Swati Menon,6300387230,,1981-07-22,Bengaluru,full,2023-04-30,swati7230@okbank
C03239,Rohan Verma,9629988311,rohan.verma88@gmail.com,1974-02-20,,full,2022-06-25,rohan8311@axl
C03240,Anjali Patel,6222591758,anjali.patel24@gmail.com,1995-07-06,Chennai,full,2023-12-17,anjali1758@paytm
C03241,Arjun Desai,9754749634,arjun.desai1@gmail.com,1985-07-26,Jaipur,full,2024-01-02,arjun9634@okbank
C03242,Manish Shaikh,8516522869,manish.shaikh77@gmail.com,,Lucknow,full,2021-03-23,manish2869@axl
C03243,Swati Bose,8260882481,swati.bose14@gmail.com,1988-10-10,Kolkata,min,2026-01-23,swati2481@axl
C03244,Amit Patel,7489009560,,1980-08-26,Jaipur,full,2025-02-26,amit9560@okbank
C03245,Rahul Bose,8272829634,rahul.bose42@gmail.com,1969-01-08,Delhi,full,2022-09-11,rahul9634@okbank
C03246,Rohan Das,7485903081,rohan.das34@gmail.com,1961-12-25,Mumbai,full,2020-09-02,rohan3081@icici
C03247,Anjali Singh,8281139457,anjali.singh27@gmail.com,1978-01-14,Delhi,min,2023-04-16,anjali9457@icici
C03248,Kavita Menon,6774149706,kavita.menon45@gmail.com,1964-08-29,Pune,full,2021-02-16,kavita9706@sbi
C03249,Rahul Iyer,8614685293,rahul.iyer61@gmail.com,1992-02-16,Delhi,min,2019-12-22,rahul5293@paytm
C03250,Rohan Shaikh,9157895919,,1973-12-17,Delhi,min,2025-11-21,rohan5919@sbi
C03251,Nisha Pillai,8856690124,nisha.pillai65@gmail.com,2003-01-12,Kolkata,full,2021-11-10,nisha0124@sbi
C03252,Divya Nair,9389716274,divya.nair67@gmail.com,1972-05-26,Pune,full,2022-05-16,divya6274@sbi
C03253,Sanjay Shaikh,7663664258,,,Bengaluru,full,2022-10-11,sanjay4258@axl
C03254,Harsh Sharma,9953567216,,1981-08-02,Pune,min,2023-04-20,harsh7216@paytm
C03255,Ritu Mehta,7267487242,ritu.mehta18@gmail.com,1988-09-28,Hyderabad,pending,2025-05-02,ritu7242@sbi
C03256,S. Kulkarni,8840240982,sunita.kulkarni64@gmail.com,1972-03-20,Delhi,full,2025-12-23,sunita0982@sbi
C03257,Swati Bose,6653501556,,1965-09-05,Ahmedabad,min,2020-10-14,swati1556@okbank
C03258,Vijay Verma,9307944184,,1996-02-16,,full,2022-11-19,vijay4184@hdfcbank
C03259,Sunita Mehta,6035757634,sunita.mehta89@gmail.com,2005-07-13,Lucknow,full,2025-03-06,sunita7634@ybl
C03260,Ritu Mehta,7445464267,,2003-07-30,Bengaluru,min,2025-08-28,ritu4267@hdfcbank
C03261,Deepak Mehta,8421305428,deepak.mehta51@gmail.com,1981-06-19,Mumbai,min,2023-01-05,deepak5428@axl
C03262,Divya Kulkarni,6627782370,divya.kulkarni2@gmail.com,2005-10-29,Kolkata,full,2023-04-03,divya2370@okbank
C03263,R. Patel,6469035035,rahul.patel21@gmail.com,1979-03-10,Bengaluru,full,2020-05-04,rahul5035@sbi
C03264,S. Singh,8365558983,sanjay.singh23@gmail.com,1979-03-13,Kolkata,min,2024-06-07,sanjay8983@paytm
C03265,Vikram Kulkarni,6999610811,,,Pune,full,2024-02-05,vikram0811@okbank
C03266,Pooja Iyer,9693449397,,1987-08-18,Delhi,full,2019-10-19,pooja9397@hdfcbank
C03267,Neha Chopra,7939713561,neha.chopra75@gmail.com,1982-03-26,Mumbai,pending,2020-09-01,neha3561@hdfcbank
C03268,Vijay Khan,8396215992,vijay.khan56@gmail.com,1982-02-02,Kolkata,min,2024-10-04,vijay5992@paytm
C03269,Pooja Reddy,7923089116,pooja.reddy80@gmail.com,1982-11-26,Jaipur,full,2024-02-06,pooja9116@axl
C03270,Ritu Verma,7712871901,ritu.verma55@gmail.com,1970-04-26,Ahmedabad,full,2019-12-31,ritu1901@icici
C03271,Fatima Pillai,7826818666,fatima.pillai27@gmail.com,1998-12-06,Mumbai,full,2020-09-11,fatima8666@ybl
C03272,Priya Nair,7239894929,,1961-10-02,Chennai,pending,2020-07-13,priya4929@hdfcbank
C03273,Manish Shaikh,6455122113,manish.shaikh40@gmail.com,1995-03-27,Hyderabad,full,2026-02-06,manish2113@axl
C03274,Vijay Pillai,6892181825,,1964-04-26,Delhi,full,2022-01-29,vijay1825@icici
C03275,Nisha Desai,6363545927,nisha.desai82@gmail.com,1985-04-30,Ahmedabad,min,2022-08-07,nisha5927@paytm
C03276,Imran Pillai,7614234509,,1993-03-29,,full,2025-06-11,imran4509@axl
C03277,Meera Kulkarni,8525569314,,,Delhi,full,2026-04-04,meera9314@ybl
C03278,Deepak Mehta,9095818583,deepak.mehta34@gmail.com,1987-12-30,Hyderabad,full,2026-03-17,deepak8583@hdfcbank
C03279,Nisha Kulkarni,6543745167,nisha.kulkarni87@gmail.com,1962-01-25,Mumbai,pending,2019-11-26,nisha5167@axl
C03280,Aarti Verma,7496742492,aarti.verma77@gmail.com,1987-09-08,Mumbai,full,2021-04-19,aarti2492@okbank
C03281,Aarti Sharma,6661197897,aarti.sharma24@gmail.com,2003-02-28,Bengaluru,pending,2020-12-15,aarti7897@axl
C03282,Priya Bose,8227316178,,,Kolkata,full,2024-07-08,priya6178@ybl
C03283,Farhan Bose,8455493206,,,Ahmedabad,full,2020-09-09,farhan3206@ybl
C03284,Pooja Joshi,6050584250,pooja.joshi42@gmail.com,2006-02-19,,full,2022-06-05,pooja4250@hdfcbank
C03285,Priya Pillai,8575142254,,1994-04-19,Jaipur,min,2020-06-13,priya2254@hdfcbank
C03286,Vikram Reddy,8942431894,,2001-03-21,Hyderabad,pending,2021-04-24,vikram1894@icici
C03287,Farhan Desai,6411411139,,1975-04-30,Pune,full,2019-10-24,farhan1139@axl
C03288,Rahul Nair,6279590312,,1963-12-08,Kolkata,full,2020-09-29,rahul0312@sbi
C03289,Karan Nair,8001897546,karan.nair74@gmail.com,1990-12-12,Jaipur,full,2026-05-14,karan7546@okbank
C03290,Sanjay Yadav,7851961607,,,,full,2025-12-13,sanjay1607@axl
C03291,Rahul Chopra,7965817410,rahul.chopra62@gmail.com,1978-02-17,Delhi,min,2024-09-26,rahul7410@axl
C03292,Sanjay Chopra,8894878167,sanjay.chopra48@gmail.com,,Chennai,full,2022-02-18,sanjay8167@sbi
C03293,Swati Menon,6785220197,,1981-02-20,Hyderabad,min,2023-12-10,swati0197@axl
C03294,Swati Iyer,8155727812,,,,full,2023-02-04,swati7812@hdfcbank
C03295,Meera Mehta,9263639114,meera.mehta22@gmail.com,1968-09-14,Chennai,min,2020-04-27,meera9114@axl
C03296,R. Iyer,7140196288,rahul.iyer1@gmail.com,2002-08-16,Ahmedabad,min,2026-03-24,rahul6288@okbank
C03297,Ritu Shaikh,8918583061,,1961-08-30,Mumbai,min,2020-06-21,ritu3061@ybl
C03298,Nisha Pillai,6268036425,nisha.pillai27@gmail.com,1997-07-25,Hyderabad,full,2022-02-17,nisha6425@paytm
C03299,Priya Singh,7122717301,priya.singh62@gmail.com,1977-01-18,Pune,min,2024-08-23,priya7301@axl
C03300,Manish Khan,8988212017,manish.khan12@gmail.com,1968-08-11,Kolkata,min,2025-10-30,manish2017@axl
C03301,Nisha Khan,6065261895,nisha.khan5@gmail.com,1987-04-25,Pune,min,2025-01-24,nisha1895@axl
C03302,S. Pillai,9978426568,swati.pillai88@gmail.com,1970-03-15,Delhi,full,2024-01-27,swati6568@axl
C03303,Neha Patel,8199969510,,1984-07-16,Chennai,full,2024-10-13,neha9510@axl
C03304,Kavita Reddy,7717165243,,1972-04-30,Mumbai,min,2022-11-18,kavita5243@sbi
C03305,Imran Desai,6849094883,imran.desai40@gmail.com,1985-04-26,Mumbai,full,2026-03-04,imran4883@paytm
C03306,Aarti Reddy,7617584134,,2003-05-27,Ahmedabad,min,2025-02-12,aarti4134@icici
C03307,Nisha Khan,7530040875,nisha.khan61@gmail.com,1983-12-10,Chennai,min,2025-04-17,nisha0875@paytm
C03308,Karan Menon,8560036614,karan.menon5@gmail.com,1966-10-31,Hyderabad,pending,2026-01-07,karan6614@paytm
C03309,Vikram Yadav,6811453229,vikram.yadav1@gmail.com,1981-03-20,,full,2024-01-30,vikram3229@okbank
C03310,S. Bose,7207995603,suresh.bose56@gmail.com,1984-03-20,Chennai,min,2026-04-23,suresh5603@ybl
C03311,Karan Menon,8478087677,karan.menon93@gmail.com,1964-02-13,Hyderabad,pending,2023-02-02,karan7677@hdfcbank
C03312,Nisha Sharma,8239072888,,1986-07-24,Lucknow,full,2023-05-23,nisha2888@ybl
C03313,Ritu Pillai,8689249959,ritu.pillai80@gmail.com,1980-09-12,Mumbai,min,2022-10-27,ritu9959@hdfcbank
C03314,Aarti Joshi,9567045859,,1962-03-15,Chennai,min,2020-02-05,aarti5859@hdfcbank
C03315,Sneha Singh,6857219948,sneha.singh11@gmail.com,1994-02-14,Chennai,full,2021-08-22,sneha9948@hdfcbank
C03316,I. Joshi,7258032483,,1990-07-25,Kolkata,full,2025-05-22,isha2483@paytm
C03317,Ritu Khan,7783178213,ritu.khan50@gmail.com,1998-12-25,Chennai,full,2022-01-03,ritu8213@hdfcbank
C03318,Rahul Kulkarni,7235110545,rahul.kulkarni43@gmail.com,,Lucknow,min,2024-05-10,rahul0545@paytm
C03319,Anjali Joshi,7495331595,anjali.joshi31@gmail.com,,,full,2023-03-03,anjali1595@okbank
C03320,Farhan Gupta,9700454363,farhan.gupta47@gmail.com,1986-05-15,Chennai,full,2022-09-26,farhan4363@icici
C03321,A. Das,8686663533,,2005-04-27,Kolkata,full,2020-07-20,aarti3533@axl
C03322,Anjali Shaikh,6238681741,anjali.shaikh14@gmail.com,1969-11-02,Lucknow,pending,2024-10-29,anjali1741@okbank
C03323,Sanjay Mehta,9426368994,sanjay.mehta28@gmail.com,,Bengaluru,pending,2024-03-24,sanjay8994@sbi
C03324,R. Yadav,9467964013,rohan.yadav24@gmail.com,1972-05-30,Pune,full,2019-11-21,rohan4013@axl
C03325,Imran Iyer,8650459435,imran.iyer43@gmail.com,1967-07-24,Mumbai,full,2022-08-08,
C03326,Pooja Reddy,6406737901,pooja.reddy21@gmail.com,1983-04-17,Mumbai,full,2022-09-26,pooja7901@okbank
C03327,Nisha Kulkarni,6341956450,nisha.kulkarni27@gmail.com,1978-06-07,Mumbai,pending,2019-10-27,nisha6450@sbi
C03328,Farhan Sharma,8022904662,farhan.sharma9@gmail.com,1961-04-28,Kolkata,full,2023-03-26,farhan4662@icici
C03329,Isha Shaikh,6678077593,isha.shaikh49@gmail.com,2003-12-05,Hyderabad,pending,2019-11-19,isha7593@icici
C03330,Farhan Nair,6172485515,farhan.nair83@gmail.com,1981-08-18,Chennai,min,2023-06-20,farhan5515@axl
C03331,Isha Menon,6379201733,,1985-11-15,Chennai,min,2021-06-04,isha1733@axl
C03332,Anjali Das,9440150145,,1981-07-05,Delhi,pending,2023-09-13,anjali0145@ybl
C03333,Kavita Gupta,9564760168,kavita.gupta44@gmail.com,1982-10-01,Hyderabad,full,2021-08-12,kavita0168@ybl
C03334,Karan Kulkarni,7128290709,,2004-09-23,Hyderabad,min,2025-08-23,karan0709@ybl
C03335,Suresh Iyer,9776412473,,1981-12-05,Delhi,min,2025-11-08,suresh2473@sbi
C03336,Rahul Sharma,9054263872,,2005-03-19,Delhi,full,2025-02-24,rahul3872@hdfcbank
C03337,Sanjay Sharma,9607686210,,1996-10-20,Jaipur,full,2020-10-07,sanjay6210@paytm
C03338,Kavita Patel,9503279017,kavita.patel7@gmail.com,1991-10-24,Ahmedabad,min,2023-05-04,kavita9017@ybl
C03339,Isha Singh,6655218876,isha.singh23@gmail.com,2005-06-17,Ahmedabad,full,2021-05-09,isha8876@ybl
C03340,Sanjay Chopra,9931297209,sanjay.chopra11@gmail.com,2001-08-22,Jaipur,full,2021-07-26,sanjay7209@hdfcbank
C03341,Nisha Mehta,6583428772,,1983-01-18,Chennai,min,2020-05-14,nisha8772@sbi
C03342,Neha Pillai,8253278577,,1981-11-06,Mumbai,min,2020-07-28,neha8577@hdfcbank
C03343,Kavita Sharma,9372567533,kavita.sharma29@gmail.com,1999-01-05,Mumbai,pending,2023-08-04,kavita7533@ybl
C03344,S. Gupta,9737885966,,1980-05-25,Ahmedabad,min,2026-04-29,suresh5966@axl
C03345,Tarun Shaikh,7276964077,tarun.shaikh40@gmail.com,2000-11-02,Ahmedabad,full,2022-12-10,tarun4077@paytm
C03346,Sneha Das,7952043165,sneha.das25@gmail.com,1969-10-09,Mumbai,full,2021-01-10,sneha3165@sbi
C03347,Sunita Nair,9098370145,,2001-08-08,Hyderabad,pending,2025-02-02,sunita0145@okbank
C03348,Tarun Khan,9984909376,tarun.khan75@gmail.com,2005-03-22,Ahmedabad,min,2022-08-21,tarun9376@hdfcbank
C03349,Kavita Kulkarni,9394721067,,1985-11-16,Chennai,full,2025-06-30,kavita1067@paytm
C03350,Suresh Joshi,8616055644,suresh.joshi13@gmail.com,1973-08-30,Ahmedabad,full,2025-10-06,suresh5644@icici
C03351,Priya Sharma,8501260491,priya.sharma72@gmail.com,2005-01-10,Bengaluru,full,2024-04-14,priya0491@axl
C03352,S. Singh,6433788403,sunita.singh91@gmail.com,1971-09-05,Hyderabad,min,2021-06-18,sunita8403@sbi
C03353,A. Singh,8610717478,,1970-12-26,Delhi,full,2019-12-25,arjun7478@okbank
C03354,Farhan Nair,8016868268,,2002-09-05,Hyderabad,min,2024-01-14,farhan8268@paytm
C03355,Isha Bose,8751063265,isha.bose30@gmail.com,1995-11-13,Jaipur,min,2021-07-22,isha3265@sbi
C03356,S. Shaikh,9509925130,suresh.shaikh25@gmail.com,1978-12-08,Pune,full,2024-04-22,suresh5130@hdfcbank
C03357,Harsh Verma,6622509027,,1981-12-17,Chennai,min,2025-03-11,harsh9027@icici
C03358,Fatima Bose,9822575480,fatima.bose98@gmail.com,1989-02-03,Bengaluru,min,2020-09-09,fatima5480@sbi
C03359,Manish Verma,9129390611,,1997-05-19,Bengaluru,full,2023-12-18,manish0611@sbi
C03360,Ritu Khan,6492989449,,2000-07-05,Mumbai,full,2025-08-31,ritu9449@hdfcbank
C03361,T. Das,9739891375,tarun.das2@gmail.com,1979-06-21,Jaipur,full,2025-04-06,tarun1375@sbi
C03362,Isha Kulkarni,6674805895,,1968-12-07,Chennai,full,2025-01-28,
C03363,R. Reddy,9506030898,ritu.reddy84@gmail.com,1970-07-11,Mumbai,pending,2026-03-17,ritu0898@paytm
C03364,Manish Joshi,6434358140,manish.joshi6@gmail.com,1998-05-29,Delhi,pending,2023-01-09,manish8140@sbi
C03365,Vijay Yadav,8149194918,vijay.yadav67@gmail.com,1985-09-05,Jaipur,full,2025-05-17,
C03366,Divya Shaikh,7913121992,,1973-09-10,Delhi,full,2020-09-14,divya1992@hdfcbank
C03367,Vijay Pillai,9991525651,,1967-03-12,Pune,min,2020-10-04,vijay5651@ybl
C03368,Isha Joshi,9557926864,isha.joshi64@gmail.com,1971-02-14,Pune,full,2025-01-24,isha6864@hdfcbank
C03369,Vikram Khan,7621643784,vikram.khan54@gmail.com,1994-06-01,Chennai,full,2023-04-06,vikram3784@okbank
C03370,Karan Das,7199480471,karan.das37@gmail.com,1987-11-10,Lucknow,min,2025-02-06,karan0471@paytm
C03371,Fatima Singh,9845432302,,1989-02-12,Hyderabad,full,2023-04-04,fatima2302@ybl
C03372,Imran Reddy,9298682135,imran.reddy7@gmail.com,2003-09-25,Delhi,full,2024-08-19,imran2135@sbi
C03373,Deepak Gupta,9590579752,deepak.gupta81@gmail.com,1988-12-27,Mumbai,full,2020-12-25,deepak9752@okbank
C03374,Suresh Desai,9042094534,suresh.desai59@gmail.com,1972-09-08,Kolkata,min,2020-12-01,suresh4534@sbi
C03375,Amit Sharma,8755250676,amit.sharma24@gmail.com,1963-04-21,Chennai,full,2022-09-27,amit0676@hdfcbank
C03376,Rohan Desai,6409471980,rohan.desai89@gmail.com,1993-06-23,Mumbai,full,2019-09-12,rohan1980@okbank
C03377,Ritu Das,7450470654,ritu.das30@gmail.com,2000-08-08,Chennai,min,2025-07-30,ritu0654@hdfcbank
C03378,Swati Joshi,8974226552,swati.joshi56@gmail.com,2002-06-08,Mumbai,full,2021-04-24,
C03379,Vijay Menon,9740654171,,2000-05-25,Chennai,min,2022-07-11,vijay4171@hdfcbank
C03380,Priya Kulkarni,8827107691,,1997-08-02,Hyderabad,full,2026-03-05,priya7691@sbi
C03381,Suresh Gupta,9753081569,suresh.gupta3@gmail.com,1997-03-08,Pune,min,2020-09-08,suresh1569@axl
C03382,Anjali Desai,7870018146,anjali.desai77@gmail.com,1968-08-21,Jaipur,full,2019-11-23,anjali8146@axl
C03383,Suresh Reddy,9241232810,suresh.reddy79@gmail.com,,Delhi,full,2025-03-20,suresh2810@ybl
C03384,Arjun Bose,6901021768,arjun.bose8@gmail.com,1992-06-01,Bengaluru,pending,2025-05-08,arjun1768@okbank
C03385,Aarti Nair,8187709067,aarti.nair95@gmail.com,1971-06-23,Chennai,full,2020-09-09,aarti9067@hdfcbank
C03386,Farhan Patel,8071873811,,2001-11-16,Chennai,full,2020-07-27,farhan3811@ybl
C03387,Arjun Pillai,6520606299,,1969-05-14,Mumbai,full,2025-03-05,arjun6299@paytm
C03388,Farhan Menon,6734032952,farhan.menon57@gmail.com,1966-11-14,Bengaluru,full,2023-11-11,farhan2952@sbi
C03389,S. Chopra,6376963387,,1967-04-14,Jaipur,full,2022-06-04,swati3387@axl
C03390,Deepak Kulkarni,8899653513,deepak.kulkarni98@gmail.com,2001-05-23,Jaipur,full,2026-02-26,deepak3513@sbi
C03391,Meera Shaikh,7940839270,meera.shaikh70@gmail.com,1962-11-18,Jaipur,full,2022-07-03,meera9270@ybl
C03392,Suresh Patel,8695048831,suresh.patel53@gmail.com,1999-06-24,Lucknow,full,2020-07-30,suresh8831@paytm
C03393,Imran Mehta,8049023724,imran.mehta5@gmail.com,1976-02-01,Kolkata,full,2021-10-09,imran3724@hdfcbank
C03394,Manish Bose,6728227630,manish.bose45@gmail.com,1991-04-02,Bengaluru,full,2024-08-18,manish7630@sbi
C03395,Amit Reddy,8568493021,amit.reddy45@gmail.com,2005-03-11,Ahmedabad,full,2020-05-08,amit3021@sbi
C03396,Swati Gupta,6594485076,swati.gupta61@gmail.com,1961-06-25,Kolkata,pending,2022-09-14,swati5076@okbank
C03397,Nisha Kulkarni,6390508133,nisha.kulkarni27@gmail.com,1975-01-13,Ahmedabad,full,2019-09-21,nisha8133@sbi
C03398,Rohan Sharma,9621098469,,2005-06-25,Jaipur,pending,2024-04-11,rohan8469@sbi
C03399,Manish Sharma,8981061189,manish.sharma32@gmail.com,1986-04-27,Jaipur,full,2020-06-29,manish1189@paytm
C03400,A. Patel,7797778133,arjun.patel40@gmail.com,1965-08-24,Pune,min,2025-04-22,arjun8133@paytm
C03401,Rohan Menon,7815800771,,1989-08-05,Bengaluru,full,2024-06-21,rohan0771@okbank
C03402,Manish Das,9347587438,manish.das16@gmail.com,2000-02-20,Lucknow,full,2021-08-31,manish7438@paytm
C03403,Deepak Pillai,8518261096,,1968-01-14,Jaipur,full,2025-07-16,deepak1096@ybl
C03404,Ritu Verma,7647445555,ritu.verma62@gmail.com,1982-07-12,Jaipur,min,2026-03-05,ritu5555@sbi
C03405,Divya Mehta,6832116918,divya.mehta69@gmail.com,1998-08-05,Hyderabad,pending,2020-04-13,divya6918@ybl
C03406,Arjun Nair,6153935054,arjun.nair30@gmail.com,2004-10-29,Chennai,min,2022-03-07,arjun5054@axl
C03407,Manish Sharma,7855720475,,1996-03-29,Chennai,min,2023-10-20,manish0475@sbi
C03408,Vijay Kulkarni,7541294972,vijay.kulkarni39@gmail.com,2005-05-11,Jaipur,min,2022-02-20,vijay4972@okbank
C03409,R. Desai,9130134513,,1973-01-23,Bengaluru,min,2025-02-08,rahul4513@axl
C03410,Meera Shaikh,9345017900,meera.shaikh38@gmail.com,2000-09-13,Hyderabad,full,2021-05-10,meera7900@ybl
C03411,Meera Chopra,6101674633,meera.chopra90@gmail.com,2003-07-18,Bengaluru,full,2023-08-21,meera4633@okbank
C03412,Sanjay Bose,7888171441,sanjay.bose55@gmail.com,1962-06-20,Jaipur,min,2025-06-21,sanjay1441@hdfcbank
C03413,Rahul Gupta,7458266424,rahul.gupta41@gmail.com,1986-01-16,Hyderabad,full,2024-07-08,rahul6424@paytm
C03414,M. Mehta,8274214429,manish.mehta7@gmail.com,1976-08-13,Ahmedabad,full,2020-10-23,manish4429@okbank
C03415,Manish Pillai,8219139149,manish.pillai68@gmail.com,,Bengaluru,full,2022-04-02,manish9149@paytm
C03416,Neha Verma,9293007116,neha.verma85@gmail.com,2003-07-11,Jaipur,full,2021-01-05,neha7116@paytm
C03417,Manish Pillai,7557353595,manish.pillai17@gmail.com,1988-10-18,Ahmedabad,full,2021-09-26,manish3595@hdfcbank
C03418,Swati Bose,6874001427,,2004-12-30,Pune,full,2026-02-01,swati1427@hdfcbank
C03419,Swati Sharma,9150133333,,1990-04-25,Lucknow,full,2025-02-28,swati3333@sbi
C03420,A. Verma,6030524109,,2004-07-22,Mumbai,full,2022-05-16,anjali4109@ybl
C03421,Vijay Menon,7811126705,vijay.menon44@gmail.com,2004-12-27,Hyderabad,min,2025-11-28,vijay6705@okbank
C03422,Vikram Khan,9196296396,,1980-02-09,Chennai,full,2024-11-11,vikram6396@icici
C03423,V. Joshi,9119245223,,1982-03-07,Bengaluru,min,2025-12-03,vijay5223@hdfcbank
C03424,V. Yadav,8348932660,vijay.yadav67@gmail.com,,Pune,full,2020-09-23,vijay2660@hdfcbank
C03425,Sunita Pillai,7296281428,sunita.pillai51@gmail.com,2005-03-01,Chennai,full,2020-08-31,sunita1428@axl
C03426,Rahul Desai,7576007124,rahul.desai50@gmail.com,1993-12-29,Delhi,full,2022-07-01,rahul7124@paytm
C03427,Rohan Joshi,7766944172,rohan.joshi53@gmail.com,1983-10-07,Ahmedabad,full,2020-12-22,rohan4172@axl
C03428,Imran Gupta,9509191932,,1974-01-07,Kolkata,full,2022-02-21,imran1932@axl
C03429,Harsh Yadav,6318060597,,1981-04-28,,full,2024-07-18,harsh0597@hdfcbank
C03430,Priya Reddy,8737077084,,1973-06-17,Mumbai,pending,2024-12-24,priya7084@ybl
C03431,Pooja Menon,7867075685,,1998-02-16,Kolkata,full,2021-01-10,pooja5685@okbank
C03432,Kavita Shaikh,7975495015,kavita.shaikh5@gmail.com,1990-10-15,Lucknow,min,2025-07-05,kavita5015@okbank
C03433,Isha Bose,8528382931,isha.bose13@gmail.com,1995-11-11,Lucknow,full,2020-10-20,isha2931@axl
C03434,Nisha Khan,6602903311,nisha.khan37@gmail.com,1996-03-03,Lucknow,full,2025-04-27,nisha3311@axl
C03435,Nisha Singh,6393878976,nisha.singh10@gmail.com,1974-03-18,Pune,min,2022-03-19,nisha8976@icici
C03436,M. Sharma,6504110057,manish.sharma32@gmail.com,1988-06-16,Pune,pending,2025-07-05,manish0057@ybl
C03437,Tarun Sharma,8256611738,tarun.sharma53@gmail.com,,Bengaluru,full,2024-10-16,tarun1738@ybl
C03438,Neha Patel,6664786971,neha.patel49@gmail.com,1972-05-05,Delhi,full,2022-05-11,neha6971@hdfcbank
C03439,Meera Verma,9834096656,,2002-01-29,Kolkata,min,2021-08-19,meera6656@axl
C03440,Neha Desai,8307772123,neha.desai57@gmail.com,1982-05-22,Bengaluru,full,2023-07-09,neha2123@hdfcbank
C03441,Nisha Das,6431217935,nisha.das8@gmail.com,1985-07-07,Hyderabad,min,2023-07-05,nisha7935@icici
C03442,Isha Joshi,7909345977,isha.joshi56@gmail.com,1981-01-19,Mumbai,pending,2024-03-04,isha5977@sbi
C03443,T. Mehta,9322218125,,,Mumbai,full,2022-10-24,tarun8125@hdfcbank
C03444,Nisha Reddy,7688951286,,1981-06-06,Hyderabad,pending,2024-12-11,nisha1286@ybl
C03445,Rahul Singh,8691838774,rahul.singh41@gmail.com,1962-02-16,Kolkata,full,2024-09-20,rahul8774@paytm
C03446,Anjali Iyer,6039555190,anjali.iyer26@gmail.com,1969-12-30,Kolkata,min,2023-06-27,anjali5190@sbi
C03447,Vijay Kulkarni,9251648697,,1971-04-11,Bengaluru,full,2022-03-16,vijay8697@axl
C03448,Anjali Shaikh,7936605184,anjali.shaikh64@gmail.com,1987-09-07,Kolkata,min,2023-04-21,anjali5184@axl
C03449,Farhan Joshi,8422451016,farhan.joshi19@gmail.com,1983-03-05,Chennai,pending,2024-08-18,farhan1016@axl
C03450,Fatima Khan,8179439304,,1966-07-18,Chennai,min,2021-02-01,fatima9304@ybl
C03451,Kavita Reddy,6807001074,kavita.reddy32@gmail.com,1962-08-05,Mumbai,min,2024-12-15,kavita1074@okbank
C03452,Pooja Bose,8053394111,,1995-06-22,Pune,full,2020-06-03,pooja4111@paytm
C03453,Kavita Verma,9383746796,kavita.verma36@gmail.com,1998-11-05,Chennai,full,2022-07-07,kavita6796@okbank
C03454,Swati Nair,9842703324,swati.nair3@gmail.com,2005-03-18,Mumbai,min,2026-05-07,swati3324@icici
C03455,Isha Das,6458636561,isha.das40@gmail.com,1990-01-24,Hyderabad,pending,2024-03-31,isha6561@axl
C03456,Vijay Sharma,7441860223,vijay.sharma58@gmail.com,1964-11-21,,full,2021-06-16,vijay0223@sbi
C03457,Rahul Nair,9603520551,,1985-07-23,Hyderabad,min,2025-08-29,rahul0551@axl
C03458,Ritu Verma,7746841933,ritu.verma50@gmail.com,,,min,2023-06-29,ritu1933@axl
C03459,Deepak Desai,6404250780,,1998-04-29,Lucknow,full,2023-08-31,deepak0780@hdfcbank
C03460,Arjun Joshi,8710617328,arjun.joshi71@gmail.com,1969-07-21,Kolkata,full,2023-05-09,arjun7328@sbi
C03461,Sneha Bose,9539143766,sneha.bose39@gmail.com,1983-08-21,Lucknow,full,2026-02-02,sneha3766@sbi
C03462,Divya Yadav,6316792584,divya.yadav21@gmail.com,,Jaipur,full,2021-10-27,divya2584@sbi
C03463,Neha Sharma,6115447636,neha.sharma16@gmail.com,,Hyderabad,min,2021-10-28,neha7636@axl
C03464,Karan Kulkarni,6141450807,,1973-02-26,Ahmedabad,min,2026-02-01,karan0807@ybl
C03465,Aarti Nair,7989643431,,1998-11-18,Ahmedabad,full,2023-05-06,aarti3431@hdfcbank
C03466,Rohan Nair,9235006179,,1973-04-18,Lucknow,full,2025-04-11,rohan6179@paytm
C03467,Priya Iyer,6935725136,,1976-02-10,Kolkata,min,2024-01-22,priya5136@okbank
C03468,Rohan Shaikh,6405699152,rohan.shaikh48@gmail.com,1991-09-25,Bengaluru,full,2023-12-21,rohan9152@okbank
C03469,Sneha Gupta,6083854782,,1981-06-05,Delhi,min,2024-06-19,sneha4782@okbank
C03470,Harsh Gupta,8837153698,harsh.gupta48@gmail.com,1979-10-03,Ahmedabad,full,2020-07-25,harsh3698@icici
C03471,Rahul Yadav,8509542400,rahul.yadav98@gmail.com,1975-12-21,Mumbai,min,2025-04-12,rahul2400@icici
C03472,Vikram Shaikh,7158011507,,1964-02-03,Jaipur,full,2024-06-28,vikram1507@icici
C03473,Deepak Verma,9409594930,,1990-12-27,Kolkata,full,2022-04-06,deepak4930@ybl
C03474,Aarti Khan,9644484265,aarti.khan75@gmail.com,1990-09-13,Hyderabad,min,2025-05-14,aarti4265@axl
C03475,A. Menon,9512718555,amit.menon12@gmail.com,1982-08-31,Mumbai,pending,2023-02-09,amit8555@axl
C03476,T. Pillai,8486418713,tarun.pillai57@gmail.com,1964-04-04,Mumbai,full,2026-03-10,tarun8713@hdfcbank
C03477,Harsh Chopra,7494368869,,1990-09-23,Jaipur,full,2025-12-08,harsh8869@ybl
C03478,Pooja Menon,9803468996,pooja.menon73@gmail.com,1981-08-22,Jaipur,full,2020-12-23,pooja8996@ybl
C03479,Arjun Das,7176090561,,1977-04-22,Hyderabad,full,2021-07-26,arjun0561@okbank
C03480,Rahul Reddy,8904605192,,1991-08-20,Lucknow,full,2021-01-30,rahul5192@icici
C03481,Nisha Joshi,8278514118,,1965-03-29,Mumbai,full,2021-06-10,nisha4118@ybl
C03482,Vikram Das,9985368797,,2005-05-30,Ahmedabad,full,2021-08-18,vikram8797@icici
C03483,Farhan Joshi,9273332001,,,Kolkata,pending,2021-06-11,farhan2001@paytm
C03484,Isha Patel,8591310426,isha.patel4@gmail.com,2005-06-18,Lucknow,full,2021-05-09,isha0426@paytm
C03485,I. Mehta,9848251833,isha.mehta42@gmail.com,1976-03-08,Ahmedabad,full,2024-09-29,isha1833@paytm
C03486,Neha Bose,6187261730,,1965-04-13,Bengaluru,min,2023-08-25,neha1730@icici
C03487,Nisha Khan,6050447695,nisha.khan53@gmail.com,1979-03-07,Bengaluru,full,2022-04-08,nisha7695@hdfcbank
C03488,Manish Shaikh,9088604822,manish.shaikh84@gmail.com,2002-01-08,Ahmedabad,min,2021-03-22,manish4822@sbi
C03489,Isha Kulkarni,9696417881,isha.kulkarni71@gmail.com,1973-03-25,Jaipur,min,2026-02-07,isha7881@axl
C03490,Deepak Nair,9259369195,deepak.nair82@gmail.com,2002-03-07,,full,2025-06-17,deepak9195@hdfcbank
C03491,Sunita Desai,7332492911,sunita.desai95@gmail.com,1970-11-28,Chennai,pending,2025-07-18,sunita2911@ybl
C03492,Tarun Gupta,7602489394,tarun.gupta49@gmail.com,1987-09-07,Mumbai,full,2023-03-11,tarun9394@hdfcbank
C03493,Farhan Singh,9661999520,,1975-05-01,Jaipur,full,2025-03-24,farhan9520@okbank
C03494,Karan Sharma,9699488138,,1996-09-07,Pune,min,2024-07-02,karan8138@ybl
C03495,Suresh Singh,9590100240,suresh.singh60@gmail.com,1997-04-30,Jaipur,min,2019-12-06,suresh0240@sbi
C03496,Sanjay Iyer,9302454650,,2000-12-09,Pune,pending,2025-03-04,sanjay4650@hdfcbank
C03497,S. Khan,6816460874,sunita.khan37@gmail.com,,Kolkata,full,2023-08-01,sunita0874@icici
C03498,Meera Chopra,9785235961,,1997-07-31,Delhi,full,2022-03-08,meera5961@icici
C03499,Rahul Singh,8269549658,rahul.singh33@gmail.com,1972-04-06,Jaipur,full,2025-04-26,rahul9658@axl
C03500,Suresh Gupta,7755586259,suresh.gupta89@gmail.com,1984-11-10,Bengaluru,full,2025-08-28,suresh6259@okbank
C03501,Manish Patel,7514391552,manish.patel6@gmail.com,2005-01-15,Kolkata,min,2021-03-06,manish1552@ybl
C03502,Harsh Joshi,7444209831,,1985-01-07,Pune,full,2021-04-14,harsh9831@okbank
C03503,Sunita Chopra,9447650329,sunita.chopra53@gmail.com,1981-08-02,Delhi,min,2021-12-03,sunita0329@sbi
C03504,Vijay Desai,9131934606,,1962-04-10,Kolkata,full,2025-10-05,vijay4606@sbi
C03505,Rahul Reddy,9861123376,,1979-10-20,Bengaluru,pending,2021-09-18,rahul3376@okbank
C03506,Tarun Kulkarni,7209598597,tarun.kulkarni3@gmail.com,2004-05-12,Mumbai,min,2024-01-08,tarun8597@hdfcbank
C03507,Amit Verma,8300433366,amit.verma54@gmail.com,1986-09-28,Mumbai,min,2020-11-10,amit3366@axl
C03508,V. Das,6444332713,vikram.das61@gmail.com,1971-10-08,Lucknow,full,2024-07-21,vikram2713@hdfcbank
C03509,Anjali Reddy,9370978067,anjali.reddy12@gmail.com,1974-08-14,Kolkata,min,2022-09-15,anjali8067@axl
C03510,Ritu Iyer,9338970456,ritu.iyer87@gmail.com,,Ahmedabad,min,2025-12-10,ritu0456@icici
C03511,Deepak Menon,9141981058,deepak.menon37@gmail.com,1995-03-23,Ahmedabad,full,2022-05-09,deepak1058@sbi
C03512,Isha Iyer,9402340320,isha.iyer22@gmail.com,1965-08-26,Hyderabad,full,2025-10-30,isha0320@icici
C03513,Sunita Bose,7376110200,,1977-05-24,Delhi,full,2019-11-18,sunita0200@hdfcbank
C03514,Arjun Khan,8184690534,,1964-11-24,Lucknow,full,2024-09-16,arjun0534@icici
C03515,Anjali Patel,6876031308,anjali.patel22@gmail.com,1994-02-23,Hyderabad,min,2021-03-20,anjali1308@axl
C03516,Rohan Patel,6338547558,,1963-04-10,Hyderabad,pending,2022-10-28,rohan7558@ybl
C03517,Farhan Singh,8873984851,farhan.singh27@gmail.com,1976-01-10,Pune,full,2023-06-24,farhan4851@icici
C03518,Meera Bose,6132579777,,2001-02-14,,min,2024-05-08,meera9777@hdfcbank
C03519,Aarti Chopra,6831629876,aarti.chopra2@gmail.com,1963-12-02,Ahmedabad,full,2025-05-16,aarti9876@sbi
C03520,Nisha Gupta,8786033190,nisha.gupta22@gmail.com,2005-06-21,Hyderabad,min,2020-01-02,nisha3190@axl
C03521,Vijay Sharma,9997064839,,,Chennai,min,2022-09-17,vijay4839@sbi
C03522,Nisha Joshi,9488702353,,1961-08-14,Lucknow,full,2019-08-30,nisha2353@axl
C03523,Ritu Verma,8388384873,ritu.verma34@gmail.com,1969-09-20,Mumbai,full,2022-05-02,ritu4873@hdfcbank
C03524,I. Verma,7281494646,imran.verma27@gmail.com,2000-12-28,Mumbai,full,2023-02-14,imran4646@okbank
C03525,Nisha Patel,6415741753,nisha.patel97@gmail.com,,Jaipur,full,2024-02-22,nisha1753@paytm
C03526,Manish Patel,9800263463,manish.patel9@gmail.com,1981-05-12,Pune,pending,2022-12-18,manish3463@hdfcbank
C03527,Fatima Joshi,9344535861,fatima.joshi4@gmail.com,1996-10-17,Pune,full,2019-11-20,fatima5861@axl
C03528,A. Patel,8147630927,amit.patel77@gmail.com,1963-04-25,Chennai,full,2021-11-19,amit0927@icici
C03529,Rohan Bose,7381149892,rohan.bose98@gmail.com,1966-08-09,Lucknow,min,2024-10-04,rohan9892@axl
C03530,Vikram Patel,6413192779,vikram.patel54@gmail.com,1966-12-03,Delhi,full,2025-04-09,vikram2779@hdfcbank
C03531,T. Gupta,9050163107,tarun.gupta89@gmail.com,,Ahmedabad,full,2021-08-07,tarun3107@ybl
C03532,Vijay Gupta,6643732946,vijay.gupta41@gmail.com,,Bengaluru,full,2021-10-11,vijay2946@ybl
C03533,Meera Sharma,7106027503,,1985-10-01,Mumbai,full,2021-01-25,
C03534,Rohan Shaikh,8135849164,rohan.shaikh54@gmail.com,1985-08-28,,min,2023-02-15,rohan9164@axl
C03535,Harsh Chopra,7968357779,harsh.chopra60@gmail.com,,Kolkata,min,2023-05-25,harsh7779@axl
C03536,Manish Menon,7754019652,manish.menon70@gmail.com,2002-10-26,Hyderabad,full,2025-12-13,manish9652@okbank
C03537,Nisha Gupta,6961745111,nisha.gupta22@gmail.com,1988-08-25,Chennai,min,2023-12-06,nisha5111@icici
C03538,Meera Nair,8181374216,meera.nair61@gmail.com,2000-08-30,Delhi,full,2020-04-07,meera4216@paytm
C03539,Anjali Das,8743329835,anjali.das30@gmail.com,1969-10-23,Ahmedabad,full,2025-09-19,anjali9835@ybl
C03540,Isha Nair,8757937781,isha.nair27@gmail.com,1967-04-22,Pune,min,2020-06-10,isha7781@hdfcbank
C03541,Harsh Patel,7184897641,harsh.patel79@gmail.com,1969-03-17,Lucknow,full,2025-04-18,harsh7641@axl
C03542,Deepak Desai,7204915004,,2003-12-28,Delhi,min,2022-06-03,deepak5004@paytm
C03543,Rohan Gupta,6094390869,rohan.gupta87@gmail.com,1994-12-01,Bengaluru,full,2023-09-16,rohan0869@hdfcbank
C03544,Rohan Shaikh,8264395803,rohan.shaikh14@gmail.com,1993-06-30,Mumbai,full,2024-01-14,rohan5803@ybl
C03545,Meera Iyer,6881632166,meera.iyer67@gmail.com,1998-06-29,Bengaluru,full,2024-12-02,meera2166@paytm
C03546,Vijay Verma,6824951113,vijay.verma19@gmail.com,1989-10-13,Lucknow,min,2025-09-15,vijay1113@sbi
C03547,Fatima Bose,9203599440,fatima.bose44@gmail.com,1977-11-28,Jaipur,min,2024-04-15,fatima9440@sbi
C03548,Kavita Verma,7487552430,kavita.verma78@gmail.com,1977-09-18,Pune,pending,2020-12-31,kavita2430@icici
C03549,Deepak Desai,8964053436,,1981-10-11,Kolkata,full,2025-08-06,deepak3436@paytm
C03550,Imran Joshi,8551537055,imran.joshi80@gmail.com,1966-07-20,Lucknow,min,2024-07-21,imran7055@okbank
C03551,Sunita Bose,6438988296,sunita.bose84@gmail.com,1992-07-08,Chennai,full,2022-10-26,sunita8296@okbank
C03552,Kavita Pillai,9994464501,kavita.pillai9@gmail.com,1983-06-03,Bengaluru,min,2025-02-21,kavita4501@hdfcbank
C03553,Sanjay Reddy,6181858429,sanjay.reddy20@gmail.com,1995-07-04,Mumbai,full,2020-06-18,sanjay8429@icici
C03554,Vijay Menon,6949090574,,1966-11-04,Ahmedabad,min,2020-08-14,vijay0574@okbank
C03555,Swati Gupta,6582542028,swati.gupta47@gmail.com,1995-11-27,,full,2022-03-08,swati2028@paytm
C03556,Tarun Yadav,6146643898,tarun.yadav12@gmail.com,1972-09-16,Pune,min,2025-09-08,tarun3898@sbi
C03557,R. Singh,8919841228,,1982-03-26,Delhi,full,2024-05-27,ritu1228@icici
C03558,I. Khan,8687527991,imran.khan18@gmail.com,2004-10-27,Hyderabad,full,2024-10-07,imran7991@icici
C03559,Divya Desai,7699688168,divya.desai52@gmail.com,1974-12-06,Kolkata,full,2026-05-24,divya8168@ybl
C03560,Vikram Gupta,9067167419,,2004-10-27,Lucknow,min,2025-01-14,vikram7419@hdfcbank
C03561,Aarti Singh,9980766648,aarti.singh85@gmail.com,1968-02-29,Delhi,full,2026-03-05,aarti6648@hdfcbank
C03562,Arjun Verma,6804444916,arjun.verma75@gmail.com,1983-06-03,Pune,full,2023-04-29,arjun4916@paytm
C03563,Vijay Reddy,6765911214,vijay.reddy59@gmail.com,1999-09-27,Chennai,full,2026-03-05,vijay1214@sbi
C03564,Farhan Nair,6480120061,farhan.nair19@gmail.com,1984-08-23,,pending,2022-01-17,
C03565,S. Sharma,6620123393,sneha.sharma3@gmail.com,1997-07-25,Chennai,full,2021-03-16,sneha3393@okbank
C03566,Suresh Chopra,7812787940,,1994-04-02,Pune,min,2024-10-09,suresh7940@paytm
C03567,Arjun Mehta,6613731568,arjun.mehta53@gmail.com,,Delhi,full,2025-04-09,arjun1568@sbi
C03568,Vikram Patel,6718630664,vikram.patel32@gmail.com,1971-08-16,Mumbai,min,2024-11-18,vikram0664@axl
C03569,Swati Desai,9402717796,,,Ahmedabad,full,2022-05-06,swati7796@sbi
C03570,Karan Yadav,8944132532,karan.yadav99@gmail.com,1974-07-21,Hyderabad,min,2019-10-31,karan2532@sbi
C03571,Kavita Singh,8954519632,kavita.singh89@gmail.com,1965-09-01,Lucknow,full,2024-08-25,kavita9632@okbank
C03572,Rahul Singh,8142105647,,1977-05-25,,min,2025-04-24,rahul5647@paytm
C03573,Swati Pillai,9782013415,,1994-03-03,Ahmedabad,full,2021-04-16,swati3415@ybl
C03574,Manish Sharma,8672699577,manish.sharma34@gmail.com,1991-06-24,Ahmedabad,min,2021-02-07,manish9577@okbank
C03575,Farhan Joshi,7816469834,farhan.joshi10@gmail.com,,Mumbai,min,2025-11-21,farhan9834@axl
C03576,Vikram Menon,6542972505,,2004-11-16,Kolkata,full,2025-07-12,vikram2505@ybl
C03577,A. Patel,8206140484,,1965-08-20,Kolkata,min,2024-09-20,amit0484@sbi
C03578,Rohan Yadav,6857420015,rohan.yadav2@gmail.com,1992-12-29,Bengaluru,full,2022-07-10,rohan0015@axl
C03579,Deepak Yadav,8946118084,deepak.yadav64@gmail.com,1989-10-07,Chennai,full,2023-09-07,deepak8084@okbank
C03580,Aarti Nair,7655168496,aarti.nair88@gmail.com,1980-04-03,Pune,full,2024-06-10,aarti8496@paytm
C03581,Anjali Nair,7215040250,,1971-12-18,Ahmedabad,full,2019-10-29,anjali0250@hdfcbank
C03582,Nisha Mehta,8169461502,nisha.mehta95@gmail.com,1984-08-01,,min,2020-03-21,nisha1502@icici
C03583,Swati Desai,6585417353,swati.desai60@gmail.com,1998-03-03,Bengaluru,full,2023-08-27,swati7353@paytm
C03584,Divya Pillai,7956292646,divya.pillai90@gmail.com,1981-08-12,Chennai,min,2025-10-03,divya2646@paytm
C03585,Sunita Bose,6250933423,,,Jaipur,full,2025-12-31,sunita3423@sbi
C03586,Neha Nair,9085699591,neha.nair49@gmail.com,1973-08-23,Lucknow,full,2023-05-22,neha9591@sbi
C03587,Deepak Yadav,9752024020,deepak.yadav4@gmail.com,2001-09-14,Kolkata,min,2023-05-21,deepak4020@icici
C03588,Fatima Desai,9035840574,fatima.desai45@gmail.com,1967-04-01,,pending,2024-07-21,fatima0574@hdfcbank
C03589,Fatima Bose,8052102656,,1967-02-07,Ahmedabad,full,2026-01-29,fatima2656@sbi
C03590,Farhan Pillai,8947043562,farhan.pillai86@gmail.com,1979-09-20,Kolkata,full,2020-09-17,farhan3562@axl
C03591,Arjun Joshi,6328586826,,1966-12-03,Mumbai,full,2019-11-17,arjun6826@hdfcbank
C03592,Sanjay Das,6850463888,sanjay.das31@gmail.com,,Pune,min,2024-12-09,sanjay3888@paytm
C03593,Harsh Sharma,7438448114,,1998-11-16,Delhi,pending,2021-03-03,harsh8114@okbank
C03594,Vikram Menon,7314071631,,2001-09-13,Ahmedabad,full,2022-12-07,vikram1631@ybl
C03595,F. Reddy,8470920456,,1988-03-04,Pune,full,2022-08-05,farhan0456@ybl
C03596,Amit Singh,6633947219,amit.singh2@gmail.com,1961-08-10,Mumbai,full,2021-11-15,
C03597,Sneha Verma,8102129019,sneha.verma65@gmail.com,1987-07-27,Ahmedabad,pending,2025-11-15,sneha9019@okbank
C03598,Anjali Mehta,6527858668,,1989-12-25,,full,2020-01-12,anjali8668@ybl
C03599,R. Kulkarni,8205790469,,1980-03-16,Chennai,full,2021-02-22,rohan0469@icici
C03600,Suresh Desai,7456225541,suresh.desai50@gmail.com,2006-02-09,Lucknow,full,2021-05-26,suresh5541@paytm
C03601,Fatima Das,8432046671,fatima.das61@gmail.com,2002-01-24,Pune,full,2022-12-05,fatima6671@axl
C03602,Priya Iyer,6059597403,priya.iyer36@gmail.com,1997-06-02,Chennai,pending,2022-09-10,priya7403@paytm
C03603,Kavita Menon,8814072307,kavita.menon86@gmail.com,,Ahmedabad,full,2021-11-04,kavita2307@okbank
C03604,Aarti Menon,9252133721,,,,min,2024-10-25,aarti3721@axl
C03605,Pooja Bose,6323216598,pooja.bose88@gmail.com,1992-09-28,,full,2020-06-25,pooja6598@ybl
C03606,Isha Das,8078948825,isha.das16@gmail.com,1972-11-09,Mumbai,full,2024-11-18,isha8825@ybl
C03607,Nisha Yadav,6618659640,nisha.yadav44@gmail.com,1977-03-28,Kolkata,full,2022-06-20,nisha9640@ybl
C03608,Priya Sharma,8108796463,priya.sharma49@gmail.com,1973-07-08,Pune,full,2024-04-07,priya6463@axl
C03609,Sanjay Joshi,7157861179,sanjay.joshi27@gmail.com,1984-12-12,Pune,full,2025-05-30,sanjay1179@sbi
C03610,Arjun Menon,6764850081,,2003-07-29,Hyderabad,full,2024-12-12,arjun0081@axl
C03611,Arjun Chopra,6821072313,arjun.chopra19@gmail.com,1968-01-25,Delhi,full,2025-01-02,arjun2313@sbi
C03612,Kavita Desai,7602694202,kavita.desai98@gmail.com,1990-05-16,Jaipur,full,2020-07-01,kavita4202@icici
C03613,Deepak Gupta,6609592342,deepak.gupta4@gmail.com,2004-08-09,Mumbai,min,2020-03-10,deepak2342@okbank
C03614,Harsh Nair,9280841132,harsh.nair45@gmail.com,2004-05-18,Pune,full,2024-03-09,harsh1132@okbank
C03615,I. Verma,9198615353,isha.verma6@gmail.com,1970-02-02,,full,2022-04-10,isha5353@ybl
C03616,Rohan Menon,9212208871,,1975-01-09,Kolkata,full,2022-12-22,rohan8871@paytm
C03617,Rohan Singh,6893896056,rohan.singh52@gmail.com,2004-12-28,Bengaluru,full,2020-10-26,rohan6056@paytm
C03618,R. Chopra,7367414409,rahul.chopra70@gmail.com,1990-01-16,Mumbai,full,2023-01-06,rahul4409@sbi
C03619,Amit Nair,9670043443,amit.nair67@gmail.com,2001-11-01,Chennai,full,2024-02-06,amit3443@paytm
C03620,Rohan Yadav,9831363649,rohan.yadav79@gmail.com,1999-05-09,Delhi,full,2026-05-11,rohan3649@hdfcbank
C03621,Fatima Chopra,9479223839,,1975-12-14,Chennai,min,2025-01-08,fatima3839@okbank
C03622,Karan Iyer,7456425724,,1980-08-17,Pune,full,2019-11-17,karan5724@paytm
C03623,Imran Menon,9996388203,imran.menon21@gmail.com,1964-01-21,Pune,min,2021-05-12,imran8203@icici
C03624,Harsh Patel,7090539243,harsh.patel72@gmail.com,1982-02-16,Jaipur,pending,2022-12-09,harsh9243@sbi
C03625,Karan Mehta,8564180500,karan.mehta13@gmail.com,1973-09-01,Delhi,full,2026-03-08,karan0500@axl
C03626,Fatima Bose,9715733212,fatima.bose18@gmail.com,,Mumbai,min,2023-01-13,fatima3212@sbi
C03627,A. Verma,9413240904,,1994-02-20,Jaipur,min,2020-01-15,amit0904@icici
C03628,Vikram Khan,6681131959,,1993-02-23,Chennai,full,2021-12-05,vikram1959@sbi
C03629,Fatima Das,9099759410,fatima.das96@gmail.com,,Kolkata,full,2021-09-20,fatima9410@okbank
C03630,Suresh Reddy,6117617908,,1990-04-28,,min,2020-09-16,suresh7908@icici
C03631,Kavita Joshi,6638315226,kavita.joshi9@gmail.com,,Jaipur,full,2023-08-18,kavita5226@ybl
C03632,K. Chopra,9783523126,karan.chopra5@gmail.com,,Jaipur,pending,2020-03-11,karan3126@sbi
C03633,Deepak Pillai,7437644836,deepak.pillai10@gmail.com,1979-02-25,Jaipur,min,2022-05-09,deepak4836@sbi
C03634,Suresh Mehta,9419826655,suresh.mehta23@gmail.com,1994-12-20,Hyderabad,pending,2020-07-27,suresh6655@okbank
C03635,Isha Singh,6581733718,isha.singh98@gmail.com,1965-07-13,Chennai,full,2022-10-21,isha3718@icici
C03636,Suresh Sharma,7331929913,suresh.sharma10@gmail.com,1962-06-16,Kolkata,min,2021-04-21,suresh9913@okbank
C03637,Rahul Desai,6846140677,rahul.desai74@gmail.com,1966-06-27,Lucknow,min,2021-07-07,rahul0677@axl
C03638,Ritu Gupta,7274626679,ritu.gupta91@gmail.com,,Lucknow,pending,2021-01-26,ritu6679@ybl
C03639,Vikram Iyer,6814139466,vikram.iyer89@gmail.com,1980-12-23,Ahmedabad,full,2021-05-14,vikram9466@ybl
C03640,Harsh Sharma,8522521781,,1974-08-29,Lucknow,min,2021-08-27,harsh1781@sbi
C03641,Swati Yadav,8132560180,swati.yadav35@gmail.com,1977-08-14,Pune,min,2025-10-19,swati0180@axl
C03642,Aarti Reddy,6242831520,,1984-01-19,Chennai,pending,2023-04-13,aarti1520@axl
C03643,Amit Mehta,7253510784,,1967-10-19,Pune,full,2023-12-13,amit0784@sbi
C03644,Pooja Singh,7332200625,,1991-02-04,Ahmedabad,full,2024-04-18,pooja0625@axl
C03645,H. Desai,6190376626,harsh.desai8@gmail.com,1966-08-06,Pune,min,2025-10-31,harsh6626@hdfcbank
C03646,Isha Pillai,6682506030,isha.pillai64@gmail.com,1971-01-25,,min,2021-02-14,isha6030@ybl
C03647,Anjali Verma,9594173914,,2004-08-15,Mumbai,pending,2024-01-31,anjali3914@hdfcbank
C03648,K. Sharma,7196187757,,1994-05-08,Pune,pending,2023-01-14,kavita7757@ybl
C03649,S. Bose,6923833386,sanjay.bose88@gmail.com,1961-09-03,Chennai,full,2025-12-26,sanjay3386@hdfcbank
C03650,Harsh Sharma,8699830087,,1991-08-24,Mumbai,full,2020-02-29,harsh0087@axl
C03651,Rohan Shaikh,7444883277,rohan.shaikh55@gmail.com,1990-11-27,Hyderabad,full,2020-11-02,rohan3277@axl
C03652,Fatima Nair,7242650876,fatima.nair57@gmail.com,2005-02-11,Hyderabad,full,2022-10-05,fatima0876@okbank
C03653,Nisha Das,9277026659,,2004-05-18,Ahmedabad,min,2023-01-08,nisha6659@okbank
C03654,Vikram Gupta,8158565801,,1964-06-02,Bengaluru,full,2025-12-21,vikram5801@okbank
C03655,Sneha Shaikh,6558236598,sneha.shaikh21@gmail.com,1990-07-13,Mumbai,min,2025-08-16,sneha6598@sbi
C03656,Deepak Khan,6456876641,,1998-11-23,Kolkata,min,2021-01-27,deepak6641@paytm
C03657,Pooja Gupta,8330479379,,2002-02-14,Delhi,min,2025-06-25,pooja9379@sbi
C03658,Rohan Joshi,6319286695,rohan.joshi40@gmail.com,1980-08-06,Delhi,pending,2023-11-06,rohan6695@ybl
C03659,S. Chopra,6359319910,,1995-02-27,Ahmedabad,min,2022-06-22,sanjay9910@okbank
C03660,Tarun Verma,9290599221,tarun.verma50@gmail.com,1973-01-19,Ahmedabad,min,2021-01-03,tarun9221@hdfcbank
C03661,Sneha Menon,6149828465,sneha.menon19@gmail.com,1983-02-08,Bengaluru,full,2019-09-05,sneha8465@paytm
C03662,Kavita Das,6792457235,,1979-08-03,Ahmedabad,full,2020-10-14,kavita7235@sbi
C03663,Sanjay Yadav,8486776164,sanjay.yadav57@gmail.com,1963-11-16,Jaipur,full,2021-02-27,sanjay6164@axl
C03664,Deepak Patel,7074469168,,1999-11-16,Bengaluru,min,2019-10-19,
C03665,Aarti Chopra,7334557406,aarti.chopra41@gmail.com,1983-05-24,Pune,min,2021-12-16,aarti7406@hdfcbank
C03666,Anjali Nair,9197546026,anjali.nair29@gmail.com,1990-06-15,Lucknow,full,2022-01-05,anjali6026@okbank
C03667,Ritu Yadav,9805189208,,1983-02-28,Chennai,full,2019-09-17,ritu9208@ybl
C03668,Sanjay Pillai,9163414396,,1972-08-11,Kolkata,full,2021-11-28,sanjay4396@icici
C03669,Manish Pillai,7663149750,,1989-03-06,Hyderabad,min,2025-11-05,manish9750@okbank
C03670,Farhan Sharma,7841876232,farhan.sharma34@gmail.com,2001-08-05,Kolkata,full,2020-04-27,farhan6232@hdfcbank
C03671,Nisha Iyer,7984174593,nisha.iyer79@gmail.com,1987-11-24,Mumbai,full,2023-08-03,nisha4593@icici
C03672,Tarun Shaikh,7921514277,,1987-07-24,Bengaluru,min,2020-05-28,tarun4277@icici
C03673,Kavita Menon,9113726303,,,Lucknow,min,2024-01-05,kavita6303@okbank
C03674,Neha Das,8559370662,neha.das25@gmail.com,1987-07-30,Chennai,full,2020-04-29,neha0662@icici
C03675,Harsh Bose,6648951855,harsh.bose97@gmail.com,1966-01-13,Pune,full,2020-01-15,harsh1855@axl
C03676,Deepak Desai,7245352205,deepak.desai51@gmail.com,2004-10-16,Ahmedabad,full,2020-10-08,deepak2205@axl
C03677,Farhan Singh,6684764679,,1982-11-07,Chennai,full,2023-08-28,farhan4679@icici
C03678,Suresh Iyer,7499854425,suresh.iyer68@gmail.com,1989-01-06,Bengaluru,full,2020-09-29,suresh4425@paytm
C03679,Neha Khan,7400687327,,1968-11-16,Chennai,min,2022-03-16,neha7327@okbank
C03680,Sunita Pillai,6765644157,sunita.pillai15@gmail.com,1983-12-18,Lucknow,pending,2021-10-04,sunita4157@axl
C03681,Kavita Mehta,6806066176,,1962-03-05,Lucknow,pending,2025-08-19,kavita6176@ybl
C03682,Priya Menon,8737427544,,2004-04-22,Pune,full,2025-04-04,priya7544@sbi
C03683,Divya Shaikh,7123772035,divya.shaikh31@gmail.com,1989-10-15,Hyderabad,min,2019-09-03,divya2035@icici
C03684,Imran Chopra,7651117274,,1987-12-29,Hyderabad,full,2021-06-25,imran7274@ybl
C03685,Rahul Yadav,9767466905,rahul.yadav29@gmail.com,1987-11-28,Jaipur,min,2021-08-19,rahul6905@sbi
C03686,Manish Kulkarni,6402985243,manish.kulkarni81@gmail.com,1974-11-13,Mumbai,min,2022-07-11,manish5243@sbi
C03687,Anjali Yadav,6516750628,,,Delhi,full,2023-03-16,anjali0628@axl
C03688,Neha Pillai,9780406538,neha.pillai88@gmail.com,1974-01-01,Bengaluru,min,2021-04-22,neha6538@icici
C03689,Imran Joshi,6590636984,,1985-05-14,Bengaluru,min,2021-08-28,imran6984@ybl
C03690,Swati Pillai,6938873114,swati.pillai98@gmail.com,1971-02-01,Ahmedabad,min,2023-07-20,swati3114@axl
C03691,Imran Kulkarni,7865184754,imran.kulkarni26@gmail.com,1999-03-16,Jaipur,min,2025-06-07,imran4754@axl
C03692,S. Singh,8908651628,suresh.singh78@gmail.com,1974-01-09,Bengaluru,full,2024-07-16,suresh1628@icici
C03693,Harsh Patel,7747054274,,2004-04-25,Chennai,full,2021-08-01,harsh4274@paytm
C03694,Imran Sharma,7889465292,imran.sharma43@gmail.com,2000-09-10,Chennai,min,2022-07-28,imran5292@ybl
C03695,H. Kulkarni,6929893066,harsh.kulkarni85@gmail.com,1977-07-05,Jaipur,full,2024-08-18,harsh3066@axl
C03696,Suresh Desai,6208434379,suresh.desai43@gmail.com,1983-03-10,Lucknow,min,2026-03-21,suresh4379@icici
C03697,Karan Bose,8794338684,karan.bose56@gmail.com,1965-09-06,Delhi,pending,2024-09-22,karan8684@paytm
C03698,Karan Chopra,9249902149,karan.chopra68@gmail.com,2001-11-21,Delhi,full,2025-10-28,karan2149@icici
C03699,Aarti Yadav,9032515227,,1984-03-24,Chennai,full,2024-08-06,aarti5227@axl
C03700,Rohan Yadav,8778565760,rohan.yadav50@gmail.com,1974-04-17,Lucknow,full,2020-12-30,rohan5760@icici
C03701,Manish Desai,9593308035,,1996-10-11,Chennai,full,2022-07-14,manish8035@okbank
C03702,Divya Menon,6850960304,,2004-05-20,Jaipur,min,2024-05-02,divya0304@axl
C03703,Rahul Verma,8785994268,,2005-04-28,Ahmedabad,full,2023-09-07,rahul4268@sbi
C03704,Nisha Desai,9648003667,nisha.desai60@gmail.com,1970-11-18,Kolkata,full,2021-09-19,nisha3667@icici
C03705,Harsh Chopra,7114602584,harsh.chopra78@gmail.com,1966-04-06,Bengaluru,full,2022-06-23,harsh2584@paytm
C03706,Tarun Singh,9959031622,tarun.singh35@gmail.com,1992-11-15,Chennai,min,2024-02-25,tarun1622@axl
C03707,Sneha Reddy,7601371562,sneha.reddy89@gmail.com,1962-06-28,Pune,full,2025-08-06,sneha1562@ybl
C03708,Tarun Shaikh,6886462980,,1970-02-22,Delhi,min,2021-06-05,tarun2980@axl
C03709,Sanjay Chopra,8391612642,,2001-11-15,Mumbai,min,2025-08-04,sanjay2642@icici
C03710,Sunita Kulkarni,6227343299,,1969-10-01,Delhi,full,2021-01-18,sunita3299@icici
C03711,Isha Yadav,7483802687,isha.yadav42@gmail.com,1961-05-03,Bengaluru,full,2023-10-08,isha2687@ybl
C03712,Ritu Khan,9150130540,,,Mumbai,min,2020-01-16,ritu0540@ybl
C03713,Vikram Pillai,9348533839,,1969-03-16,Jaipur,full,2025-12-29,vikram3839@ybl
C03714,K. Joshi,8112221782,kavita.joshi33@gmail.com,1964-05-07,Mumbai,min,2023-03-04,kavita1782@axl
C03715,Rahul Reddy,6756584117,rahul.reddy75@gmail.com,1992-11-24,Bengaluru,full,2024-06-26,rahul4117@paytm
C03716,Amit Bose,9072612434,amit.bose73@gmail.com,1983-01-13,Mumbai,full,2022-06-20,amit2434@icici
C03717,Meera Gupta,6059327116,meera.gupta63@gmail.com,2000-06-19,Kolkata,full,2023-07-08,meera7116@icici
C03718,Manish Singh,8109339030,manish.singh7@gmail.com,1987-09-03,Mumbai,full,2019-10-23,manish9030@icici
C03719,Ritu Das,7729192918,ritu.das78@gmail.com,1962-01-25,,min,2020-06-09,ritu2918@hdfcbank
C03720,Nisha Gupta,6153070202,nisha.gupta93@gmail.com,1993-04-08,Delhi,min,2022-04-17,nisha0202@paytm
C03721,Isha Chopra,6189506775,isha.chopra15@gmail.com,,Bengaluru,min,2022-05-08,isha6775@icici
C03722,Sunita Patel,9569526273,sunita.patel16@gmail.com,1974-02-16,Bengaluru,full,2023-03-13,sunita6273@sbi
C03723,Meera Singh,8661826891,meera.singh12@gmail.com,1986-03-04,Ahmedabad,full,2019-09-29,meera6891@axl
C03724,Divya Pillai,8993434459,,2005-09-20,Mumbai,full,2020-12-05,divya4459@paytm
C03725,Sneha Kulkarni,6159079714,sneha.kulkarni79@gmail.com,1987-08-01,Ahmedabad,full,2024-10-16,sneha9714@hdfcbank
C03726,Nisha Bose,9589905992,nisha.bose53@gmail.com,1987-12-25,Ahmedabad,min,2022-12-06,nisha5992@sbi
C03727,Farhan Patel,7279590707,,1977-04-04,Delhi,full,2024-08-21,farhan0707@axl
C03728,Amit Menon,9451764374,amit.menon45@gmail.com,1994-04-10,Lucknow,full,2020-03-05,amit4374@sbi
C03729,Harsh Bose,8379897641,,1971-03-17,Ahmedabad,min,2026-03-19,harsh7641@sbi
C03730,Deepak Menon,9247742871,deepak.menon77@gmail.com,1998-05-28,Delhi,full,2023-12-04,deepak2871@sbi
C03731,Farhan Kulkarni,7098959746,,1989-11-18,Lucknow,full,2023-04-17,farhan9746@okbank
C03732,Karan Desai,6728262031,,1983-11-25,Chennai,min,2025-02-06,karan2031@paytm
C03733,Kavita Khan,8057967100,kavita.khan88@gmail.com,1978-05-05,Hyderabad,min,2025-07-30,kavita7100@paytm
C03734,Kavita Reddy,8512899444,,1967-09-02,Hyderabad,min,2021-01-18,kavita9444@sbi
C03735,Sanjay Desai,6480711204,,2002-01-03,Lucknow,pending,2024-09-17,sanjay1204@hdfcbank
C03736,Neha Verma,8136001411,neha.verma27@gmail.com,1964-05-30,Lucknow,min,2023-03-08,neha1411@okbank
C03737,Deepak Pillai,8101078644,deepak.pillai44@gmail.com,1998-05-15,Bengaluru,full,2021-11-27,deepak8644@axl
C03738,Pooja Shaikh,9266307337,pooja.shaikh9@gmail.com,1998-03-15,Bengaluru,full,2023-11-11,pooja7337@sbi
C03739,S. Menon,6594078272,sneha.menon60@gmail.com,1986-12-03,Pune,pending,2023-10-23,sneha8272@ybl
C03740,Vijay Chopra,6473487287,,1962-10-03,Hyderabad,min,2021-02-06,vijay7287@icici
C03741,Neha Reddy,7851057144,neha.reddy55@gmail.com,1999-06-18,Hyderabad,full,2026-05-08,neha7144@icici
C03742,Vikram Mehta,9486205103,,,Ahmedabad,full,2022-07-09,vikram5103@sbi
C03743,Kavita Bose,8132927983,kavita.bose30@gmail.com,1977-03-28,Pune,min,2022-06-23,kavita7983@paytm
C03744,Arjun Gupta,6931465275,,1968-10-03,Mumbai,full,2023-12-31,arjun5275@okbank
C03745,Deepak Das,6442655165,,2004-03-04,Pune,pending,2023-11-21,deepak5165@icici
C03746,Ritu Iyer,6012761330,,1986-01-26,Jaipur,min,2020-07-29,ritu1330@hdfcbank
C03747,Tarun Kulkarni,6641608517,tarun.kulkarni81@gmail.com,1974-03-31,Pune,full,2024-07-22,tarun8517@ybl
C03748,Imran Mehta,8694067369,imran.mehta15@gmail.com,2000-11-10,Bengaluru,full,2021-11-30,imran7369@paytm
C03749,Sunita Yadav,9185292400,sunita.yadav99@gmail.com,1999-02-22,Pune,full,2022-08-31,sunita2400@sbi
C03750,Anjali Bose,7486407790,anjali.bose47@gmail.com,1980-07-12,Ahmedabad,full,2023-01-25,anjali7790@axl
C03751,Tarun Menon,6080907626,,1988-02-20,Ahmedabad,full,2020-03-12,tarun7626@paytm
C03752,Sanjay Patel,8999452973,sanjay.patel25@gmail.com,1969-10-18,Ahmedabad,min,2024-03-12,sanjay2973@ybl
C03753,Suresh Singh,9567632775,suresh.singh30@gmail.com,1999-05-12,Mumbai,full,2024-05-10,suresh2775@paytm
C03754,Aarti Sharma,6625385077,aarti.sharma92@gmail.com,1982-02-28,Bengaluru,full,2022-12-20,
C03755,Harsh Gupta,8633095735,,1980-12-05,,full,2025-11-12,harsh5735@sbi
C03756,Divya Khan,6604302768,divya.khan74@gmail.com,2002-05-29,Mumbai,min,2023-01-02,divya2768@paytm
C03757,Vijay Khan,8770865588,vijay.khan63@gmail.com,2000-10-23,Pune,full,2023-12-13,vijay5588@icici
C03758,Deepak Kulkarni,6531618751,,1982-04-26,Chennai,full,2020-01-03,deepak8751@hdfcbank
C03759,Ritu Singh,9994276857,ritu.singh66@gmail.com,2003-07-19,Pune,full,2025-11-17,ritu6857@okbank
C03760,Isha Chopra,7477052450,,,Lucknow,full,2023-03-26,isha2450@paytm
C03761,Swati Iyer,8894181121,swati.iyer71@gmail.com,1963-10-19,Pune,full,2023-08-29,swati1121@axl
C03762,Swati Das,7267094986,swati.das22@gmail.com,1993-05-26,,min,2021-09-30,swati4986@okbank
C03763,Amit Desai,9390189782,amit.desai24@gmail.com,1989-12-10,Hyderabad,full,2025-03-27,amit9782@icici
C03764,Sneha Sharma,9901305049,sneha.sharma90@gmail.com,2000-09-05,Lucknow,full,2023-01-24,sneha5049@sbi
C03765,Sanjay Iyer,7380983068,sanjay.iyer63@gmail.com,1964-05-05,Lucknow,pending,2024-03-08,sanjay3068@hdfcbank
C03766,Farhan Joshi,8447640368,farhan.joshi82@gmail.com,1972-06-26,Jaipur,full,2020-03-01,farhan0368@ybl
C03767,Sunita Mehta,7185540412,,1983-11-08,Hyderabad,full,2021-12-23,sunita0412@icici
C03768,Fatima Sharma,7286652308,,,Hyderabad,full,2023-09-07,fatima2308@icici
C03769,Sunita Kulkarni,8259015317,sunita.kulkarni34@gmail.com,1990-12-31,Ahmedabad,pending,2021-12-27,sunita5317@okbank
C03770,Neha Desai,7197700457,,1962-03-14,Chennai,full,2020-09-11,neha0457@paytm
C03771,Priya Reddy,8558431823,,,Mumbai,full,2024-09-03,priya1823@okbank
C03772,Vikram Mehta,6638005668,,1987-08-29,,min,2021-11-06,vikram5668@paytm
C03773,Rahul Reddy,8313342915,rahul.reddy76@gmail.com,1970-03-30,Lucknow,min,2020-12-23,rahul2915@paytm
C03774,Manish Sharma,8380374711,,1966-01-12,Lucknow,full,2022-01-28,manish4711@hdfcbank
C03775,Swati Singh,9884676045,,1974-09-19,Mumbai,pending,2025-02-16,swati6045@paytm
C03776,Imran Mehta,7181696737,imran.mehta49@gmail.com,1963-08-03,Jaipur,full,2022-10-17,imran6737@paytm
C03777,Karan Das,7654398133,,2005-11-14,Mumbai,full,2023-02-06,karan8133@ybl
C03778,Rahul Reddy,9770139116,,1986-11-08,Bengaluru,min,2026-01-14,rahul9116@paytm
C03779,Farhan Pillai,8220463462,,1990-08-22,Delhi,min,2019-09-20,farhan3462@okbank
C03780,Pooja Singh,7587934704,pooja.singh35@gmail.com,1968-12-17,Delhi,full,2021-10-15,pooja4704@sbi
C03781,Pooja Bose,9312003000,pooja.bose31@gmail.com,1980-04-22,Ahmedabad,full,2019-11-27,pooja3000@hdfcbank
C03782,Arjun Joshi,6724337459,arjun.joshi34@gmail.com,1975-01-19,Bengaluru,min,2019-12-06,arjun7459@okbank
C03783,S. Sharma,6850405614,suresh.sharma48@gmail.com,,Jaipur,full,2021-11-18,suresh5614@sbi
C03784,Kavita Yadav,9417472733,kavita.yadav51@gmail.com,1994-11-17,Chennai,full,2024-01-06,kavita2733@hdfcbank
C03785,Ritu Bose,7252971979,,1993-11-04,Chennai,full,2023-05-03,ritu1979@paytm
C03786,Sneha Kulkarni,8046989012,,1994-05-05,Bengaluru,full,2025-10-18,sneha9012@axl
C03787,Rohan Mehta,8701051315,rohan.mehta26@gmail.com,2001-06-14,Bengaluru,full,2024-12-10,rohan1315@sbi
C03788,Neha Verma,8126890881,,1999-11-11,Delhi,full,2023-07-25,neha0881@hdfcbank
C03789,Amit Patel,9691132062,,2004-04-18,Chennai,full,2024-03-05,amit2062@paytm
C03790,Sunita Menon,6253917928,sunita.menon68@gmail.com,1970-07-09,Ahmedabad,full,2025-02-11,sunita7928@sbi
C03791,Fatima Shaikh,8192833544,fatima.shaikh97@gmail.com,1992-08-05,Ahmedabad,min,2021-12-11,fatima3544@hdfcbank
C03792,A. Iyer,6806111099,anjali.iyer33@gmail.com,2004-12-14,Mumbai,full,2023-03-03,anjali1099@axl
C03793,Anjali Bose,6316714287,anjali.bose1@gmail.com,1966-01-15,Delhi,full,2023-11-13,anjali4287@okbank
C03794,Karan Bose,6984139489,karan.bose23@gmail.com,1966-12-13,Kolkata,full,2025-11-05,karan9489@sbi
C03795,Kavita Bose,8782139775,,,Chennai,full,2021-09-03,kavita9775@icici
C03796,Sneha Shaikh,8844949931,sneha.shaikh62@gmail.com,1985-03-19,Delhi,min,2020-05-15,sneha9931@ybl
C03797,Vijay Kulkarni,6550923964,vijay.kulkarni97@gmail.com,2005-02-07,Jaipur,full,2023-03-06,
C03798,Isha Gupta,8132655493,isha.gupta9@gmail.com,1992-05-01,Delhi,min,2021-12-29,isha5493@ybl
C03799,K. Kulkarni,6506059741,kavita.kulkarni98@gmail.com,1971-03-14,Chennai,min,2022-12-03,kavita9741@sbi
C03800,Vikram Kulkarni,7441910416,vikram.kulkarni40@gmail.com,1981-01-08,Kolkata,full,2022-07-18,vikram0416@ybl
C03801,Vikram Menon,6172813523,,1999-11-12,Pune,min,2024-01-05,vikram3523@axl
C03802,Neha Yadav,8507683317,neha.yadav9@gmail.com,,Mumbai,min,2022-12-06,neha3317@sbi
C03803,Deepak Sharma,8173535522,deepak.sharma89@gmail.com,1991-05-26,Jaipur,full,2021-07-25,deepak5522@icici
C03804,Harsh Nair,8072494910,,1973-06-17,Jaipur,pending,2025-08-04,harsh4910@paytm
C03805,Nisha Joshi,9904592195,,2001-05-17,Chennai,full,2022-05-05,nisha2195@ybl
C03806,Sneha Verma,6155786256,,,,min,2025-07-02,sneha6256@axl
C03807,Farhan Das,8722194551,,1998-09-10,Lucknow,pending,2025-04-13,farhan4551@sbi
C03808,Sanjay Desai,6632101636,sanjay.desai55@gmail.com,1997-06-22,Chennai,pending,2023-07-04,sanjay1636@axl
C03809,Sneha Pillai,9753715714,sneha.pillai2@gmail.com,,,full,2023-05-03,
C03810,Neha Bose,7802940442,neha.bose33@gmail.com,2003-04-11,Kolkata,full,2022-02-18,neha0442@paytm
C03811,Aarti Mehta,7255535010,aarti.mehta93@gmail.com,,Kolkata,full,2022-05-06,aarti5010@ybl
C03812,Divya Desai,8516412368,divya.desai81@gmail.com,1974-09-18,Ahmedabad,min,2023-03-12,divya2368@hdfcbank
C03813,Imran Mehta,7364339061,,1984-08-02,Kolkata,full,2023-10-31,imran9061@ybl
C03814,Isha Patel,9962111731,,1990-02-26,Jaipur,full,2025-02-02,isha1731@hdfcbank
C03815,A. Shaikh,6686155317,anjali.shaikh48@gmail.com,1961-03-17,Lucknow,min,2023-08-13,anjali5317@icici
C03816,Farhan Chopra,8573948498,farhan.chopra93@gmail.com,1973-01-03,Mumbai,full,2025-08-09,farhan8498@okbank
C03817,Vikram Shaikh,8957501120,,,Bengaluru,full,2022-11-02,vikram1120@icici
C03818,Amit Khan,8640060341,amit.khan67@gmail.com,1986-07-17,,full,2022-03-21,amit0341@icici
C03819,T. Verma,9692389803,,1977-09-13,Pune,full,2024-02-09,tarun9803@ybl
C03820,Sneha Gupta,7841955976,,1966-11-16,Jaipur,min,2022-12-19,sneha5976@icici
C03821,Harsh Khan,7289630261,harsh.khan54@gmail.com,2005-06-24,Hyderabad,pending,2020-07-04,harsh0261@sbi
C03822,Divya Das,6207774848,divya.das41@gmail.com,1962-06-14,,full,2023-03-02,divya4848@okbank
C03823,Ritu Gupta,7423756811,,1979-06-24,Chennai,full,2025-09-21,ritu6811@paytm
C03824,Harsh Nair,9508875922,harsh.nair52@gmail.com,1999-08-16,Pune,min,2023-03-06,harsh5922@icici
C03825,Karan Khan,8648024199,,1970-06-10,Mumbai,full,2026-05-05,karan4199@hdfcbank
C03826,Neha Nair,6264941554,,1964-04-27,Hyderabad,full,2020-10-07,neha1554@icici
C03827,Deepak Bose,7098138225,,1962-11-16,Delhi,min,2021-09-29,deepak8225@hdfcbank
C03828,Amit Mehta,6634835062,,1967-11-26,Chennai,full,2024-05-09,amit5062@icici
C03829,Manish Gupta,7851136427,,1976-01-01,Kolkata,full,2023-05-22,manish6427@hdfcbank
C03830,Ritu Gupta,6481694715,ritu.gupta60@gmail.com,1973-02-17,Hyderabad,min,2023-10-18,ritu4715@sbi
C03831,Tarun Iyer,8860797666,tarun.iyer41@gmail.com,2001-09-03,Kolkata,full,2025-09-10,tarun7666@sbi
C03832,Isha Mehta,7111633215,,,Mumbai,full,2022-04-16,isha3215@icici
C03833,Kavita Iyer,8925162339,,1994-02-24,Kolkata,full,2026-02-26,kavita2339@icici
C03834,K. Menon,6926034938,karan.menon89@gmail.com,1966-12-23,Chennai,full,2020-12-21,karan4938@axl
C03835,Rahul Khan,7929158378,rahul.khan86@gmail.com,2003-08-23,Hyderabad,min,2024-06-29,rahul8378@hdfcbank
C03836,Kavita Sharma,7796290094,,2004-05-23,Jaipur,full,2023-11-26,kavita0094@axl
C03837,Isha Desai,9316814466,isha.desai33@gmail.com,1976-03-28,Ahmedabad,full,2020-12-16,isha4466@icici
C03838,Anjali Bose,8691318673,anjali.bose88@gmail.com,1997-02-15,Mumbai,full,2021-04-14,anjali8673@icici
C03839,Imran Mehta,6907340232,imran.mehta83@gmail.com,1985-01-24,Ahmedabad,min,2025-10-11,imran0232@ybl
C03840,Swati Bose,9874553058,swati.bose76@gmail.com,1982-01-18,Bengaluru,min,2024-12-03,swati3058@paytm
C03841,D. Das,9211218092,,,Lucknow,pending,2020-06-18,divya8092@icici
C03842,Isha Desai,6113167047,isha.desai24@gmail.com,1985-04-15,Chennai,full,2020-12-28,isha7047@ybl
C03843,A. Sharma,7776522603,,1981-12-20,Pune,min,2025-11-15,arjun2603@icici
C03844,Sunita Yadav,6121298942,sunita.yadav40@gmail.com,2003-11-14,Hyderabad,full,2025-06-15,sunita8942@icici
C03845,Vikram Das,9687930915,vikram.das50@gmail.com,1984-05-23,Chennai,min,2024-11-10,vikram0915@okbank
C03846,Amit Chopra,9724565307,amit.chopra1@gmail.com,1966-07-12,Pune,full,2022-05-24,amit5307@ybl
C03847,Manish Desai,8140876806,manish.desai50@gmail.com,1987-05-13,Bengaluru,full,2024-06-21,manish6806@hdfcbank
C03848,Fatima Gupta,9408803897,fatima.gupta34@gmail.com,1968-08-30,Pune,min,2026-05-15,fatima3897@ybl
C03849,N. Iyer,7331493873,nisha.iyer76@gmail.com,1964-05-17,Bengaluru,full,2022-12-02,nisha3873@okbank
C03850,Sanjay Gupta,7253192642,sanjay.gupta23@gmail.com,1984-07-24,Pune,full,2025-11-11,sanjay2642@icici
C03851,Imran Pillai,7503067089,imran.pillai59@gmail.com,1967-12-13,Kolkata,min,2022-04-06,imran7089@ybl
C03852,Nisha Patel,8628065621,,,Lucknow,full,2025-07-09,nisha5621@paytm
C03853,Sunita Shaikh,8891644528,,1977-08-06,Hyderabad,full,2021-12-05,sunita4528@axl
C03854,Isha Pillai,9256551737,isha.pillai33@gmail.com,1978-04-14,Mumbai,full,2022-12-04,isha1737@sbi
C03855,Aarti Iyer,8637158813,aarti.iyer22@gmail.com,1975-03-15,Kolkata,full,2019-10-03,aarti8813@okbank
C03856,Imran Iyer,9814654114,imran.iyer99@gmail.com,,Kolkata,full,2025-11-17,imran4114@okbank
C03857,Neha Joshi,6729040642,neha.joshi50@gmail.com,2005-11-09,Jaipur,full,2023-12-27,neha0642@icici
C03858,Rohan Yadav,6290588745,,1977-12-01,Chennai,min,2023-05-30,rohan8745@ybl
C03859,Vijay Khan,9612381496,,1992-02-08,Mumbai,min,2024-08-06,vijay1496@ybl
C03860,Sunita Das,7110785968,,2005-09-04,Hyderabad,full,2020-06-18,sunita5968@ybl
C03861,Vijay Gupta,7375290592,vijay.gupta43@gmail.com,1974-08-16,Jaipur,full,2026-03-10,vijay0592@hdfcbank
C03862,Priya Pillai,6997502263,,1990-10-04,Delhi,full,2019-11-22,priya2263@icici
C03863,Swati Singh,6398045723,swati.singh25@gmail.com,1989-05-09,Mumbai,full,2023-10-23,swati5723@axl
C03864,Ritu Gupta,9423620989,ritu.gupta45@gmail.com,1982-11-22,Pune,pending,2023-06-09,ritu0989@axl
C03865,Sunita Mehta,6377827619,,2005-10-08,Delhi,min,2024-06-10,sunita7619@sbi
C03866,Aarti Kulkarni,9233644595,aarti.kulkarni18@gmail.com,1976-04-24,Kolkata,min,2020-10-21,aarti4595@paytm
C03867,Fatima Verma,6174392994,fatima.verma50@gmail.com,1989-10-02,Chennai,full,2021-10-28,fatima2994@axl
C03868,Rohan Patel,8129493616,rohan.patel79@gmail.com,1976-04-06,Bengaluru,min,2020-08-23,rohan3616@okbank
C03869,Deepak Sharma,6653677613,,1989-06-18,Ahmedabad,min,2026-01-09,deepak7613@axl
C03870,Deepak Kulkarni,7935732233,deepak.kulkarni78@gmail.com,1975-03-26,Hyderabad,full,2020-03-02,deepak2233@ybl
C03871,M. Chopra,7131009435,,2003-09-06,Jaipur,min,2021-07-24,manish9435@axl
C03872,V. Pillai,9443864871,,1977-12-30,Kolkata,pending,2021-06-06,vijay4871@okbank
C03873,Divya Reddy,8198951865,divya.reddy35@gmail.com,1979-01-11,Jaipur,full,2023-08-14,divya1865@axl
C03874,D. Singh,7083710025,,1983-08-08,Jaipur,min,2020-03-16,divya0025@paytm
C03875,Manish Nair,8220124866,manish.nair13@gmail.com,1990-02-01,,full,2021-12-10,manish4866@sbi
C03876,Vikram Nair,9373040870,vikram.nair75@gmail.com,1993-09-10,Jaipur,min,2023-04-21,vikram0870@hdfcbank
C03877,Isha Khan,7475734832,isha.khan65@gmail.com,1998-01-29,Chennai,full,2019-12-01,isha4832@axl
C03878,Fatima Patel,9688054656,,1971-09-05,Chennai,min,2021-07-27,fatima4656@okbank
C03879,Anjali Reddy,8723910647,anjali.reddy54@gmail.com,,Kolkata,full,2023-06-11,anjali0647@hdfcbank
C03880,Neha Yadav,7234710112,neha.yadav43@gmail.com,1966-04-23,Lucknow,pending,2023-09-18,neha0112@hdfcbank
C03881,Vikram Menon,6547742814,,1963-03-17,Bengaluru,pending,2021-08-31,vikram2814@axl
C03882,Nisha Bose,9056910185,nisha.bose72@gmail.com,2001-12-30,Ahmedabad,full,2026-01-26,
C03883,Arjun Shaikh,8710158009,,1970-03-10,Chennai,full,2025-02-13,arjun8009@sbi
C03884,Anjali Shaikh,9157891300,anjali.shaikh56@gmail.com,,Pune,full,2024-03-05,anjali1300@hdfcbank
C03885,Meera Gupta,8243267732,meera.gupta75@gmail.com,2002-02-06,Kolkata,full,2021-08-23,meera7732@icici
C03886,Suresh Kulkarni,9206153182,,1998-10-07,Hyderabad,min,2025-06-24,suresh3182@sbi
C03887,Divya Singh,8385055500,,1970-10-15,Mumbai,full,2023-09-01,divya5500@hdfcbank
C03888,Isha Singh,6429553864,isha.singh18@gmail.com,1961-01-29,Jaipur,min,2025-09-06,isha3864@icici
C03889,Tarun Desai,9020397510,tarun.desai93@gmail.com,1983-06-13,Hyderabad,pending,2019-10-22,tarun7510@paytm
C03890,Vijay Mehta,9495081221,vijay.mehta58@gmail.com,,Pune,full,2023-12-29,vijay1221@axl
C03891,Manish Reddy,9867141315,,1986-10-25,Pune,full,2023-03-31,manish1315@sbi
C03892,I. Menon,7239999662,,1988-08-16,Kolkata,full,2023-01-24,imran9662@icici
C03893,Sanjay Reddy,8484608409,,1999-10-04,Lucknow,full,2023-07-01,sanjay8409@okbank
C03894,Rahul Verma,7143074121,rahul.verma30@gmail.com,1963-01-11,Chennai,full,2022-09-15,rahul4121@axl
C03895,P. Bose,7788675760,,1964-10-23,Jaipur,full,2022-04-02,priya5760@axl
C03896,Aarti Desai,6615618485,aarti.desai11@gmail.com,1999-06-28,Mumbai,pending,2023-11-14,aarti8485@icici
C03897,Harsh Bose,9127716050,harsh.bose51@gmail.com,1962-02-27,Pune,full,2026-01-12,harsh6050@hdfcbank
C03898,S. Patel,6680442940,,1972-10-09,,pending,2020-12-30,sanjay2940@paytm
C03899,Vijay Khan,8044158795,vijay.khan31@gmail.com,1980-06-08,Chennai,full,2026-04-07,vijay8795@okbank
C03900,Imran Verma,9053310268,,1986-08-11,Bengaluru,full,2021-04-20,imran0268@paytm
C03901,Farhan Singh,6713084014,,,Hyderabad,full,2020-08-29,farhan4014@axl
C03902,A. Sharma,7525023371,amit.sharma16@gmail.com,2003-09-08,Hyderabad,min,2024-10-18,amit3371@okbank
C03903,Suresh Singh,6374950184,suresh.singh15@gmail.com,1991-08-26,Pune,min,2021-06-15,suresh0184@icici
C03904,T. Gupta,9615478142,tarun.gupta86@gmail.com,1969-04-15,Chennai,min,2024-07-11,tarun8142@paytm
C03905,Arjun Nair,7079059157,,1969-06-24,Hyderabad,full,2021-03-02,arjun9157@okbank
C03906,P. Reddy,7037681927,,1977-06-18,Bengaluru,full,2021-03-09,pooja1927@icici
C03907,Sunita Sharma,8705749199,sunita.sharma61@gmail.com,1997-01-20,,full,2025-04-18,sunita9199@axl
C03908,Divya Patel,8826347238,,1961-07-18,Lucknow,full,2025-05-06,divya7238@sbi
C03909,Meera Reddy,9505970803,,1987-08-17,Mumbai,full,2025-05-02,meera0803@ybl
C03910,Nisha Gupta,9173549925,nisha.gupta3@gmail.com,2006-01-06,Chennai,full,2020-02-06,nisha9925@axl
C03911,Divya Das,7177863812,divya.das4@gmail.com,1961-07-05,Mumbai,min,2025-02-10,divya3812@axl
C03912,Pooja Nair,6635910109,,1967-10-28,Delhi,full,2020-05-10,pooja0109@hdfcbank
C03913,Neha Kulkarni,9867230205,neha.kulkarni60@gmail.com,1969-10-07,Hyderabad,min,2024-12-20,neha0205@axl
C03914,Kavita Pillai,7843404671,,1987-08-13,Lucknow,pending,2023-06-16,kavita4671@axl
C03915,Pooja Pillai,6303263508,,1992-03-31,Bengaluru,pending,2022-07-07,pooja3508@okbank
C03916,S. Mehta,8199745622,,1989-02-28,Kolkata,full,2022-07-20,swati5622@axl
C03917,Deepak Kulkarni,7867210563,deepak.kulkarni23@gmail.com,1971-05-01,Bengaluru,pending,2023-07-03,deepak0563@icici
C03918,Sunita Desai,8193606571,sunita.desai67@gmail.com,1966-10-10,Lucknow,full,2023-05-13,sunita6571@sbi
C03919,Suresh Khan,8407438694,suresh.khan20@gmail.com,1969-05-28,,full,2025-02-09,suresh8694@okbank
C03920,Fatima Joshi,6155837069,fatima.joshi18@gmail.com,1983-05-09,Delhi,min,2020-06-13,fatima7069@paytm
C03921,Suresh Nair,7156384253,,1977-02-16,Chennai,min,2023-10-24,suresh4253@sbi
C03922,Harsh Kulkarni,6648263844,harsh.kulkarni92@gmail.com,2003-09-04,Hyderabad,full,2023-07-25,harsh3844@axl
C03923,Vikram Iyer,9061178345,vikram.iyer6@gmail.com,2000-02-22,Jaipur,full,2024-06-02,vikram8345@hdfcbank
C03924,Sunita Desai,9585015553,,1996-06-22,Jaipur,min,2023-02-03,sunita5553@okbank
C03925,Priya Das,9044388914,priya.das80@gmail.com,,Chennai,min,2025-09-04,priya8914@paytm
C03926,Manish Bose,7020992158,manish.bose9@gmail.com,1970-07-04,Chennai,pending,2023-08-18,manish2158@okbank
C03927,Divya Nair,7865411230,divya.nair87@gmail.com,1999-03-27,Lucknow,full,2022-09-26,divya1230@axl
C03928,Tarun Chopra,6876818666,,1994-10-07,Delhi,pending,2023-08-27,tarun8666@axl
C03929,Fatima Nair,8800308607,,1964-04-04,Pune,full,2020-10-28,fatima8607@hdfcbank
C03930,Vikram Kulkarni,7850735491,vikram.kulkarni19@gmail.com,1963-10-13,Hyderabad,full,2023-08-20,vikram5491@icici
C03931,Fatima Sharma,9508108211,fatima.sharma30@gmail.com,1995-10-09,Mumbai,full,2025-12-06,fatima8211@hdfcbank
C03932,Farhan Patel,9682930987,,1976-02-25,Mumbai,full,2025-09-24,farhan0987@icici
C03933,Amit Bose,7403016035,amit.bose15@gmail.com,2004-01-26,Mumbai,min,2025-12-19,amit6035@icici
C03934,Pooja Khan,9782243620,,2003-12-13,Lucknow,min,2024-10-06,pooja3620@axl
C03935,Rahul Iyer,6968708998,rahul.iyer22@gmail.com,1991-10-31,Lucknow,full,2022-04-27,rahul8998@sbi
C03936,Harsh Chopra,6138436941,,1990-03-19,Lucknow,full,2020-08-13,harsh6941@hdfcbank
C03937,Meera Pillai,7474351838,meera.pillai57@gmail.com,1966-09-29,Hyderabad,min,2022-04-24,meera1838@paytm
C03938,A. Mehta,9020096450,,1976-04-14,Ahmedabad,min,2025-07-18,anjali6450@ybl
C03939,Karan Mehta,9040067782,,1976-03-14,Chennai,min,2022-10-10,karan7782@hdfcbank
C03940,Imran Sharma,8183659622,imran.sharma70@gmail.com,1962-01-30,Lucknow,full,2020-02-21,imran9622@icici
C03941,Priya Mehta,8859649566,priya.mehta72@gmail.com,2003-11-24,Bengaluru,min,2022-08-13,priya9566@okbank
C03942,Kavita Pillai,8289913572,kavita.pillai77@gmail.com,1980-08-29,Chennai,full,2019-10-07,kavita3572@icici
C03943,Karan Mehta,8358162547,,1989-10-08,Jaipur,pending,2022-12-29,karan2547@ybl
C03944,Fatima Bose,7545545057,,1965-01-26,Chennai,full,2023-10-29,fatima5057@okbank
C03945,Sneha Pillai,7263625132,sneha.pillai78@gmail.com,1994-08-26,Bengaluru,full,2020-10-12,sneha5132@paytm
C03946,Harsh Nair,8454889536,harsh.nair47@gmail.com,,,full,2022-09-05,harsh9536@ybl
C03947,S. Yadav,6800700316,suresh.yadav87@gmail.com,1990-02-13,Delhi,full,2024-06-24,suresh0316@icici
C03948,Rohan Desai,8758698470,rohan.desai65@gmail.com,1964-09-29,,min,2023-01-08,rohan8470@axl
C03949,Kavita Iyer,6241878405,,1979-10-23,Ahmedabad,full,2025-01-05,kavita8405@okbank
C03950,K. Gupta,9064557755,kavita.gupta69@gmail.com,1982-09-30,Delhi,full,2024-03-14,kavita7755@ybl
C03951,Swati Iyer,8954142863,,1979-12-21,Bengaluru,full,2020-12-06,swati2863@axl
C03952,Vikram Joshi,7808028835,vikram.joshi34@gmail.com,1979-11-30,Hyderabad,full,2024-03-21,vikram8835@hdfcbank
C03953,Rahul Desai,7869539764,rahul.desai60@gmail.com,2003-04-28,Chennai,full,2023-07-21,
C03954,Farhan Iyer,9018462572,farhan.iyer58@gmail.com,1980-05-29,Lucknow,min,2021-06-08,farhan2572@hdfcbank
C03955,Priya Iyer,7466988404,priya.iyer67@gmail.com,1997-03-10,Hyderabad,full,2024-12-28,priya8404@hdfcbank
C03956,Fatima Singh,7935122165,,,Delhi,full,2021-08-06,fatima2165@axl
C03957,Vijay Reddy,6863172559,,1996-06-22,Kolkata,min,2022-12-28,vijay2559@sbi
C03958,Divya Yadav,8652121305,divya.yadav50@gmail.com,,Delhi,full,2020-01-05,divya1305@paytm
C03959,Sunita Sharma,8493213115,,1963-01-31,Pune,min,2021-09-10,sunita3115@okbank
C03960,Farhan Joshi,6844864897,farhan.joshi17@gmail.com,1975-08-18,Mumbai,full,2020-03-29,farhan4897@icici
C03961,Amit Verma,9899159498,,1991-11-05,Pune,full,2020-03-08,amit9498@okbank
C03962,Priya Yadav,7055127313,,1963-08-14,,full,2023-08-03,priya7313@sbi
C03963,Suresh Menon,6265149864,suresh.menon85@gmail.com,1964-09-06,,min,2025-06-02,suresh9864@paytm
C03964,Priya Patel,6792346886,,1981-02-13,Ahmedabad,full,2024-10-02,priya6886@paytm
C03965,Anjali Chopra,9392203113,,2000-09-30,Delhi,full,2024-02-22,anjali3113@axl
C03966,Nisha Singh,6188050048,nisha.singh68@gmail.com,1970-05-31,Jaipur,full,2022-07-19,nisha0048@axl
C03967,Fatima Chopra,9113280315,fatima.chopra38@gmail.com,1978-07-29,Hyderabad,full,2021-04-26,
C03968,Tarun Sharma,7433817582,tarun.sharma93@gmail.com,2005-07-08,Chennai,full,2022-12-27,tarun7582@icici
C03969,Sneha Chopra,6728737377,sneha.chopra53@gmail.com,1993-04-21,Bengaluru,min,2024-06-23,sneha7377@ybl
C03970,Isha Reddy,8349034645,isha.reddy75@gmail.com,1980-05-15,Chennai,full,2020-07-24,isha4645@ybl
C03971,Ritu Singh,9895033827,ritu.singh32@gmail.com,1972-01-30,Bengaluru,full,2020-09-12,ritu3827@axl
C03972,Sneha Chopra,8165173285,,2004-04-11,Pune,full,2024-05-07,sneha3285@okbank
C03973,Suresh Pillai,7622530580,,1962-10-13,Kolkata,full,2020-07-10,suresh0580@axl
C03974,Rahul Bose,7592905423,rahul.bose7@gmail.com,1976-12-27,Chennai,full,2024-10-27,rahul5423@axl
C03975,Kavita Iyer,8488421424,kavita.iyer67@gmail.com,2000-11-26,Ahmedabad,min,2019-10-01,kavita1424@okbank
C03976,Swati Bose,8275156940,swati.bose87@gmail.com,1991-02-21,Jaipur,full,2020-04-09,swati6940@ybl
C03977,Arjun Sharma,8323559431,arjun.sharma95@gmail.com,2001-09-05,Chennai,pending,2020-05-27,arjun9431@axl
C03978,Priya Menon,7607907261,,1961-07-28,Ahmedabad,pending,2021-10-24,priya7261@okbank
C03979,Suresh Chopra,8499858028,suresh.chopra99@gmail.com,1997-06-18,Delhi,full,2023-08-13,suresh8028@sbi
C03980,Aarti Verma,6376745366,aarti.verma83@gmail.com,1961-11-01,Bengaluru,min,2021-11-10,aarti5366@sbi
C03981,Arjun Khan,9785754355,,1979-03-31,,pending,2025-08-30,arjun4355@hdfcbank
C03982,Manish Patel,9384736160,manish.patel78@gmail.com,1985-08-11,Jaipur,min,2023-12-11,manish6160@okbank
C03983,Manish Sharma,9255289624,,1974-03-14,Mumbai,full,2025-09-16,manish9624@hdfcbank
C03984,Farhan Chopra,7771180536,,1963-04-25,Delhi,full,2025-07-30,farhan0536@sbi
C03985,R. Shaikh,9442650325,,1977-06-03,Mumbai,min,2020-01-03,rahul0325@axl
C03986,Farhan Kulkarni,8834497162,farhan.kulkarni98@gmail.com,1999-08-14,Kolkata,min,2023-04-02,farhan7162@sbi
C03987,Meera Mehta,6232567831,,1997-06-01,Chennai,full,2022-01-04,meera7831@okbank
C03988,Harsh Das,8469876429,,1976-07-17,Lucknow,min,2025-01-15,harsh6429@icici
C03989,F. Kulkarni,7628570220,fatima.kulkarni94@gmail.com,1971-07-23,Lucknow,full,2021-06-05,
C03990,Priya Desai,9879658086,,1978-12-31,Hyderabad,min,2025-10-20,priya8086@paytm
C03991,Nisha Iyer,8142064879,nisha.iyer90@gmail.com,1976-12-30,Jaipur,full,2021-04-11,nisha4879@axl
C03992,Swati Mehta,9854472225,swati.mehta75@gmail.com,1981-09-27,,full,2021-03-31,swati2225@paytm
C03993,Neha Khan,8159583132,neha.khan91@gmail.com,1984-07-07,Hyderabad,full,2025-02-18,neha3132@okbank
C03994,Amit Gupta,7008915994,amit.gupta84@gmail.com,2004-09-08,Bengaluru,pending,2023-09-03,amit5994@ybl
C03995,Pooja Verma,6125312081,pooja.verma20@gmail.com,1969-06-02,Jaipur,pending,2020-06-30,pooja2081@sbi
C03996,Rohan Pillai,7266695814,,1962-12-13,Hyderabad,min,2025-11-22,rohan5814@axl
C03997,Deepak Iyer,9791586173,deepak.iyer41@gmail.com,1977-12-24,Jaipur,full,2023-11-20,deepak6173@sbi
C03998,Sunita Iyer,9570993210,,1990-10-07,Lucknow,pending,2023-11-16,sunita3210@okbank
C03999,Pooja Menon,7963998342,,1990-07-03,Hyderabad,full,2024-11-23,pooja8342@ybl
C04000,Amit Shaikh,7810685546,amit.shaikh90@gmail.com,1978-04-05,Hyderabad,min,2022-09-06,amit5546@ybl
C04001,Vikram Khan,8193445760,,2001-07-06,Kolkata,min,2023-08-18,vikram5760@okbank
C04002,Pooja Desai,8208980174,pooja.desai62@gmail.com,2001-11-23,Ahmedabad,pending,2021-09-21,pooja0174@icici
C04003,Fatima Sharma,8474679519,fatima.sharma24@gmail.com,1965-11-15,Mumbai,min,2023-12-22,fatima9519@icici
C04004,Neha Menon,6098819085,,2004-02-28,Ahmedabad,full,2025-02-17,neha9085@paytm
C04005,Harsh Iyer,9397891213,,1993-11-21,Chennai,pending,2020-09-11,harsh1213@sbi
C04006,Karan Joshi,7917836972,karan.joshi95@gmail.com,1966-08-15,Chennai,pending,2021-01-04,karan6972@paytm
C04007,Ritu Kulkarni,7189930455,ritu.kulkarni2@gmail.com,1974-10-19,Bengaluru,min,2026-02-27,ritu0455@okbank
C04008,Aarti Singh,6940404622,aarti.singh1@gmail.com,1975-05-28,Hyderabad,full,2024-01-01,aarti4622@paytm
C04009,Rohan Iyer,7232397912,rohan.iyer20@gmail.com,1983-06-17,Bengaluru,min,2020-08-26,rohan7912@okbank
C04010,Rohan Yadav,7580256657,rohan.yadav35@gmail.com,1991-01-14,Jaipur,full,2020-12-31,rohan6657@sbi
C04011,Vikram Singh,9153813266,vikram.singh79@gmail.com,1968-08-05,Jaipur,pending,2024-03-08,vikram3266@axl
C04012,M. Das,8290726215,manish.das88@gmail.com,2000-10-18,Mumbai,full,2022-01-13,manish6215@hdfcbank
C04013,Meera Singh,6572840445,,1995-07-29,Bengaluru,full,2020-10-29,meera0445@paytm
C04014,H. Desai,8873753663,,,Chennai,min,2026-02-01,harsh3663@hdfcbank
C04015,Karan Gupta,8807031356,,1991-05-23,Delhi,full,2023-10-14,karan1356@hdfcbank
C04016,Isha Shaikh,7054622443,,1977-09-18,Chennai,pending,2021-08-29,isha2443@axl
C04017,Priya Pillai,8981458469,priya.pillai40@gmail.com,1992-10-22,,min,2020-04-18,priya8469@sbi
C04018,Isha Bose,8308750806,,,Hyderabad,full,2025-09-26,isha0806@paytm
C04019,Deepak Yadav,6219569940,deepak.yadav97@gmail.com,1978-09-30,Kolkata,min,2021-08-01,deepak9940@okbank
C04020,Kavita Chopra,6757649058,,1990-02-01,Lucknow,full,2025-03-18,kavita9058@paytm
C04021,Fatima Mehta,6618116832,,1980-11-12,Delhi,full,2023-12-09,fatima6832@okbank
C04022,Rahul Joshi,8719513865,rahul.joshi15@gmail.com,1981-08-28,Delhi,full,2019-10-10,rahul3865@sbi
C04023,K. Nair,8269150738,,1970-12-17,Jaipur,full,2019-11-13,kavita0738@paytm
C04024,Arjun Khan,6072518316,,,Ahmedabad,full,2019-11-09,arjun8316@axl
C04025,Priya Verma,8589066871,priya.verma14@gmail.com,1961-08-25,Bengaluru,full,2020-12-03,priya6871@ybl
C04026,Priya Yadav,6170899880,priya.yadav58@gmail.com,1978-07-06,Hyderabad,full,2022-03-11,priya9880@axl
C04027,Rohan Menon,6234835006,rohan.menon76@gmail.com,1964-06-18,Pune,full,2021-01-08,rohan5006@paytm
C04028,I. Kulkarni,6211129202,,1969-02-01,Hyderabad,full,2024-12-03,imran9202@axl
C04029,Sunita Reddy,8205141705,,1974-03-17,Chennai,pending,2021-10-20,
C04030,Tarun Gupta,7674384136,,1961-05-23,Chennai,full,2019-09-06,tarun4136@okbank
C04031,Suresh Reddy,6083529259,suresh.reddy76@gmail.com,1976-08-12,Mumbai,min,2021-02-04,suresh9259@hdfcbank
C04032,Imran Bose,6801463968,imran.bose9@gmail.com,1998-08-28,Bengaluru,min,2023-01-02,imran3968@paytm
C04033,Sneha Sharma,7078811472,sneha.sharma80@gmail.com,1986-11-23,Ahmedabad,full,2020-02-19,sneha1472@hdfcbank
C04034,Meera Verma,8822781237,meera.verma27@gmail.com,1977-04-16,Jaipur,full,2019-10-30,meera1237@icici
C04035,Imran Kulkarni,7143587994,,1975-01-03,,full,2021-08-16,imran7994@hdfcbank
C04036,Pooja Verma,8228663028,,1993-05-03,Lucknow,pending,2021-01-14,pooja3028@okbank
C04037,Neha Yadav,7292977082,neha.yadav14@gmail.com,1979-11-17,Delhi,full,2020-08-28,neha7082@hdfcbank
C04038,Amit Nair,9683735650,,1971-07-21,Ahmedabad,min,2021-01-25,amit5650@ybl
C04039,Manish Das,6296628348,manish.das11@gmail.com,2001-10-17,,full,2022-04-24,manish8348@hdfcbank
C04040,Isha Das,9540746907,isha.das13@gmail.com,1968-10-09,Pune,full,2020-06-09,isha6907@paytm
C04041,Manish Patel,7609038351,manish.patel66@gmail.com,1984-03-12,Jaipur,full,2021-04-20,manish8351@axl
C04042,Ritu Nair,6223167866,ritu.nair61@gmail.com,1963-08-20,Chennai,min,2022-09-18,ritu7866@ybl
C04043,Tarun Singh,8778644188,tarun.singh39@gmail.com,1983-10-30,Mumbai,full,2023-06-28,tarun4188@okbank
C04044,Suresh Chopra,7231065521,suresh.chopra56@gmail.com,1971-10-03,Chennai,full,2022-10-25,suresh5521@axl
C04045,Suresh Reddy,9627574709,suresh.reddy81@gmail.com,,Delhi,full,2024-12-21,
C04046,Karan Kulkarni,7860448562,karan.kulkarni60@gmail.com,1985-12-14,Mumbai,min,2025-01-24,karan8562@axl
C04047,Meera Iyer,7776406390,meera.iyer60@gmail.com,1975-10-18,Bengaluru,full,2020-11-29,meera6390@okbank
C04048,Tarun Reddy,8721348535,tarun.reddy97@gmail.com,1982-10-19,Kolkata,min,2025-01-10,tarun8535@icici
C04049,M. Bose,8399441874,manish.bose35@gmail.com,1978-08-04,,full,2023-01-30,manish1874@axl
C04050,Sneha Menon,6953829782,sneha.menon83@gmail.com,1966-02-02,Delhi,full,2019-09-02,sneha9782@sbi
C04051,Sanjay Mehta,7186760300,sanjay.mehta69@gmail.com,1995-09-20,Jaipur,full,2023-10-09,sanjay0300@ybl
C04052,Manish Yadav,7711556766,,2000-09-07,Bengaluru,full,2022-08-17,manish6766@ybl
C04053,Tarun Singh,7471490185,tarun.singh45@gmail.com,2003-04-09,Jaipur,min,2023-05-27,tarun0185@ybl
C04054,Divya Das,6459525947,divya.das47@gmail.com,,Mumbai,full,2022-10-23,divya5947@paytm
C04055,Amit Menon,6604607596,,1970-09-19,Delhi,full,2025-03-02,amit7596@paytm
C04056,Pooja Menon,8919360699,pooja.menon48@gmail.com,1978-08-30,Chennai,min,2021-08-27,pooja0699@hdfcbank
C04057,Swati Yadav,6326874045,swati.yadav96@gmail.com,1978-11-13,Mumbai,full,2020-11-14,swati4045@sbi
C04058,Nisha Nair,7896343664,nisha.nair59@gmail.com,1975-11-03,Kolkata,min,2025-10-06,nisha3664@axl
C04059,Harsh Sharma,8163572230,harsh.sharma6@gmail.com,,,full,2025-12-23,harsh2230@okbank
C04060,Neha Reddy,8670958647,,2002-12-31,Pune,full,2024-09-29,neha8647@ybl
C04061,Nisha Singh,6698531018,,1981-01-23,Mumbai,min,2025-07-18,nisha1018@sbi
C04062,P. Patel,6707798348,priya.patel21@gmail.com,1976-06-22,Kolkata,full,2022-11-06,priya8348@icici
C04063,Sanjay Singh,7913351151,sanjay.singh87@gmail.com,1961-08-24,Ahmedabad,full,2022-02-23,sanjay1151@ybl
C04064,Manish Patel,9779303879,,1991-10-25,Chennai,min,2024-06-08,manish3879@paytm
C04065,Deepak Verma,6383841585,,1974-03-15,Mumbai,min,2022-12-30,deepak1585@okbank
C04066,Sunita Iyer,7610926696,,1966-04-07,Mumbai,min,2020-07-23,sunita6696@paytm
C04067,Swati Shaikh,6868701115,swati.shaikh54@gmail.com,1988-08-17,Jaipur,min,2023-10-07,swati1115@icici
C04068,Swati Joshi,7749013013,swati.joshi37@gmail.com,2002-11-28,Ahmedabad,min,2024-01-02,swati3013@sbi
C04069,H. Singh,8734538027,harsh.singh71@gmail.com,1991-10-14,Lucknow,full,2020-01-26,harsh8027@ybl
C04070,Rahul Joshi,8746681852,,1987-06-22,Mumbai,full,2025-07-12,rahul1852@ybl
C04071,Ritu Joshi,8432613761,ritu.joshi30@gmail.com,1989-05-01,Chennai,full,2022-04-29,ritu3761@ybl
C04072,Rahul Bose,9603761661,,,Kolkata,full,2021-05-13,rahul1661@ybl
C04073,Pooja Das,8775443788,pooja.das20@gmail.com,1961-09-17,Mumbai,full,2026-01-28,pooja3788@icici
C04074,Isha Kulkarni,9785351562,isha.kulkarni27@gmail.com,1998-08-01,Bengaluru,full,2022-12-26,isha1562@hdfcbank
C04075,R. Khan,7770717723,rahul.khan92@gmail.com,1982-09-16,Pune,full,2020-03-22,rahul7723@sbi
C04076,Meera Shaikh,9549258699,,1968-09-27,Bengaluru,full,2025-07-01,meera8699@icici
C04077,Farhan Kulkarni,6940748372,farhan.kulkarni93@gmail.com,1995-02-28,,full,2024-11-15,farhan8372@axl
C04078,Meera Yadav,6669282486,,1991-05-14,Delhi,min,2020-03-10,meera2486@sbi
C04079,Rahul Joshi,8927945515,,1964-06-15,Delhi,pending,2023-07-16,rahul5515@axl
C04080,Deepak Mehta,9925392416,,1975-05-10,Jaipur,pending,2025-12-27,deepak2416@hdfcbank
C04081,M. Iyer,6360999794,manish.iyer62@gmail.com,1986-08-03,Ahmedabad,pending,2025-01-11,manish9794@hdfcbank
C04082,Nisha Gupta,6882368577,,1969-12-18,Bengaluru,full,2026-02-27,nisha8577@icici
C04083,Karan Yadav,6521154858,,1990-11-15,Pune,full,2025-07-22,karan4858@okbank
C04084,Sanjay Pillai,9403511842,sanjay.pillai96@gmail.com,1975-03-09,Kolkata,full,2022-10-01,sanjay1842@axl
C04085,Aarti Das,7524654299,aarti.das31@gmail.com,1992-11-23,Chennai,full,2022-11-10,aarti4299@sbi
C04086,Kavita Yadav,6379106950,,1993-02-06,Pune,full,2022-11-12,kavita6950@ybl
C04087,Harsh Desai,9654945650,harsh.desai40@gmail.com,2002-12-06,Ahmedabad,full,2025-01-30,harsh5650@sbi
C04088,Vikram Gupta,9574625842,vikram.gupta62@gmail.com,1982-01-29,Hyderabad,full,2023-09-29,vikram5842@okbank
C04089,Divya Chopra,9050643957,divya.chopra15@gmail.com,1992-01-29,Kolkata,full,2023-03-03,divya3957@ybl
C04090,Arjun Verma,7771566224,arjun.verma19@gmail.com,1981-11-29,Pune,min,2023-07-01,arjun6224@paytm
C04091,I. Menon,6113689872,imran.menon91@gmail.com,1994-03-08,Delhi,full,2023-03-11,imran9872@icici
C04092,Sanjay Shaikh,6494412748,,1980-10-16,Hyderabad,full,2023-02-05,sanjay2748@icici
C04093,Nisha Mehta,9580824564,,1999-12-13,Pune,pending,2025-10-03,nisha4564@okbank
C04094,Farhan Patel,6664987256,farhan.patel4@gmail.com,1994-09-04,Ahmedabad,full,2023-06-25,farhan7256@paytm
C04095,S. Patel,6930621711,,1978-08-30,Kolkata,min,2020-09-08,swati1711@icici
C04096,Tarun Desai,9839735818,,2002-11-16,Lucknow,full,2024-04-03,tarun5818@hdfcbank
C04097,Divya Bose,9586884051,,1968-04-01,Jaipur,full,2020-11-04,divya4051@sbi
C04098,Divya Nair,8779949400,divya.nair22@gmail.com,1980-04-11,Kolkata,full,2024-10-06,divya9400@ybl
C04099,Arjun Das,9314616353,,1985-03-24,Bengaluru,min,2024-06-28,arjun6353@ybl
C04100,Vikram Mehta,8820682389,vikram.mehta34@gmail.com,1996-11-04,Pune,min,2022-10-05,vikram2389@hdfcbank
C04101,Amit Verma,8600307162,amit.verma10@gmail.com,1994-05-19,Hyderabad,min,2021-01-10,amit7162@sbi
C04102,Divya Pillai,8099986454,,1968-09-02,Bengaluru,full,2019-09-03,divya6454@ybl
C04103,Anjali Patel,9522243697,anjali.patel33@gmail.com,1996-08-15,Delhi,full,2022-07-28,anjali3697@ybl
C04104,Isha Khan,7944646085,isha.khan91@gmail.com,1991-11-24,Chennai,min,2021-05-04,isha6085@ybl
C04105,Farhan Singh,6555301332,farhan.singh6@gmail.com,1995-08-29,Mumbai,min,2021-12-21,farhan1332@paytm
C04106,R. Sharma,6569804190,,1999-08-24,Pune,pending,2021-10-14,ritu4190@ybl
C04107,Vikram Iyer,8023801552,vikram.iyer14@gmail.com,1966-06-22,Lucknow,full,2020-07-18,vikram1552@paytm
C04108,Farhan Iyer,6283948447,farhan.iyer74@gmail.com,1982-09-25,Lucknow,pending,2025-06-06,farhan8447@okbank
C04109,Swati Iyer,7854297686,swati.iyer76@gmail.com,1981-11-17,Bengaluru,pending,2021-08-06,swati7686@paytm
C04110,Divya Shaikh,9213097478,divya.shaikh83@gmail.com,,Kolkata,min,2020-12-07,divya7478@ybl
C04111,Rahul Das,9773860107,rahul.das9@gmail.com,1980-08-15,Kolkata,min,2024-07-11,rahul0107@paytm
C04112,Deepak Khan,8999696734,,1983-12-09,Kolkata,full,2023-10-08,deepak6734@paytm
C04113,Vikram Khan,7541011417,vikram.khan15@gmail.com,1988-01-04,Hyderabad,full,2026-04-24,vikram1417@axl
C04114,Divya Reddy,8239847885,,2005-04-11,Bengaluru,full,2023-04-28,divya7885@hdfcbank
C04115,Imran Yadav,7629722899,,1974-01-28,Ahmedabad,min,2022-08-23,imran2899@axl
C04116,Kavita Joshi,7793335486,,1983-06-15,Delhi,pending,2026-02-21,kavita5486@okbank
C04117,Meera Khan,7361575628,,,Kolkata,min,2019-11-27,meera5628@paytm
C04118,Karan Kulkarni,9064627097,karan.kulkarni7@gmail.com,1997-08-14,Delhi,min,2024-11-02,karan7097@sbi
C04119,S. Mehta,9873605613,suresh.mehta36@gmail.com,1985-11-17,Lucknow,min,2023-12-02,suresh5613@sbi
C04120,T. Das,8605353017,,1990-07-17,Delhi,min,2022-03-27,tarun3017@axl
C04121,Amit Kulkarni,8386630545,,1994-04-20,,full,2026-01-30,amit0545@okbank
C04122,M. Verma,6818712077,manish.verma10@gmail.com,1982-04-22,Hyderabad,full,2020-10-23,manish2077@paytm
C04123,Karan Iyer,7503316624,karan.iyer37@gmail.com,1989-04-26,Bengaluru,full,2024-02-06,karan6624@okbank
C04124,Vijay Shaikh,7746676155,,1996-01-13,Ahmedabad,pending,2020-09-17,vijay6155@hdfcbank
C04125,Divya Sharma,8458477986,,1968-05-30,Ahmedabad,full,2025-03-20,divya7986@icici
C04126,R. Bose,8431975930,rohan.bose13@gmail.com,1978-09-13,Mumbai,full,2020-04-22,rohan5930@ybl
C04127,Swati Khan,9072707756,swati.khan21@gmail.com,1974-10-26,Jaipur,full,2021-10-21,swati7756@icici
C04128,Imran Sharma,6271133036,imran.sharma16@gmail.com,1963-04-11,Chennai,full,2025-03-05,imran3036@okbank
C04129,Suresh Verma,7068213954,suresh.verma63@gmail.com,1964-12-13,Hyderabad,full,2022-01-05,suresh3954@okbank
C04130,Neha Desai,7901531017,neha.desai4@gmail.com,1973-03-12,,full,2022-03-11,neha1017@okbank
C04131,Vijay Yadav,9892118977,,1961-12-30,Mumbai,full,2023-05-16,
C04132,Isha Nair,6872699775,,1980-01-08,Hyderabad,min,2020-11-21,isha9775@sbi
C04133,Suresh Pillai,9637760660,suresh.pillai22@gmail.com,1984-02-29,Kolkata,full,2023-12-27,suresh0660@ybl
C04134,Farhan Patel,7548845825,farhan.patel27@gmail.com,1988-03-06,Ahmedabad,min,2025-06-13,farhan5825@sbi
C04135,Meera Gupta,8436732897,,1998-01-21,Ahmedabad,full,2024-03-07,meera2897@okbank
C04136,Nisha Joshi,9125810320,,2004-06-22,Hyderabad,pending,2025-05-15,nisha0320@hdfcbank
C04137,Vijay Sharma,8560760219,vijay.sharma79@gmail.com,2000-02-20,Delhi,min,2023-09-03,vijay0219@sbi
C04138,Deepak Bose,8156198060,deepak.bose25@gmail.com,1974-06-04,Mumbai,full,2024-07-12,deepak8060@axl
C04139,Divya Pillai,9317447805,,1965-11-28,Chennai,pending,2024-01-15,divya7805@icici
C04140,Sanjay Joshi,6360731970,sanjay.joshi25@gmail.com,2002-12-06,Ahmedabad,min,2023-04-29,sanjay1970@okbank
C04141,I. Khan,8618595040,imran.khan96@gmail.com,1985-06-10,Pune,full,2024-10-04,imran5040@hdfcbank
C04142,Tarun Reddy,8906187129,,1978-05-21,Pune,min,2021-03-14,tarun7129@paytm
C04143,Meera Reddy,6153633350,meera.reddy65@gmail.com,,Ahmedabad,full,2020-04-15,meera3350@icici
C04144,Sanjay Gupta,8171292664,sanjay.gupta45@gmail.com,1980-07-03,Mumbai,min,2022-04-16,sanjay2664@axl
C04145,N. Khan,9062450317,,1968-06-13,Jaipur,min,2024-12-19,nisha0317@sbi
C04146,H. Yadav,9754973060,harsh.yadav89@gmail.com,1976-05-09,Pune,full,2023-03-29,harsh3060@icici
C04147,Karan Gupta,9452123003,karan.gupta78@gmail.com,1992-04-08,Bengaluru,full,2019-10-09,karan3003@hdfcbank
C04148,Ritu Patel,6307369571,ritu.patel80@gmail.com,,Mumbai,min,2019-12-04,ritu9571@okbank
C04149,Suresh Desai,8092561728,suresh.desai48@gmail.com,,,full,2021-12-25,suresh1728@okbank
C04150,Rohan Pillai,9894847596,rohan.pillai93@gmail.com,1986-09-23,Hyderabad,min,2021-08-07,rohan7596@icici
C04151,Manish Singh,6107476758,manish.singh30@gmail.com,1985-04-11,Hyderabad,min,2026-05-24,manish6758@okbank
C04152,Ritu Nair,7267118970,,1988-09-13,Lucknow,min,2020-12-02,ritu8970@icici
C04153,Vikram Verma,6292086403,,1970-06-08,Bengaluru,min,2025-10-10,vikram6403@sbi
C04154,Arjun Das,8612327356,arjun.das49@gmail.com,1972-04-03,Ahmedabad,full,2022-12-09,arjun7356@ybl
C04155,Vikram Bose,8835246524,vikram.bose41@gmail.com,1981-01-01,Lucknow,pending,2020-01-18,vikram6524@ybl
C04156,Priya Iyer,9911150880,priya.iyer35@gmail.com,1971-10-18,Kolkata,full,2024-12-29,priya0880@ybl
C04157,Fatima Singh,6299209703,fatima.singh69@gmail.com,1964-04-10,Delhi,full,2026-03-02,fatima9703@ybl
C04158,Ritu Pillai,6617229722,ritu.pillai20@gmail.com,,Mumbai,min,2023-06-08,ritu9722@okbank
C04159,Aarti Desai,9643122211,aarti.desai58@gmail.com,1998-04-13,,full,2024-06-22,aarti2211@axl
C04160,Tarun Joshi,6734616476,tarun.joshi10@gmail.com,1997-04-24,Delhi,min,2021-09-12,tarun6476@icici
C04161,Harsh Shaikh,6432475085,,,Bengaluru,pending,2020-10-28,harsh5085@paytm
C04162,Aarti Kulkarni,8528648204,,1978-01-26,Delhi,full,2023-04-20,aarti8204@hdfcbank
C04163,Meera Yadav,8279154384,meera.yadav24@gmail.com,1987-08-17,Jaipur,full,2024-04-11,meera4384@axl
C04164,Anjali Patel,9628338614,anjali.patel99@gmail.com,1993-12-23,Hyderabad,pending,2022-03-25,anjali8614@sbi
C04165,Rohan Khan,7215045992,rohan.khan5@gmail.com,1990-03-23,Pune,min,2024-05-27,rohan5992@ybl
C04166,Deepak Khan,9945923969,,1965-08-22,Lucknow,full,2023-09-10,deepak3969@hdfcbank
C04167,Divya Desai,7327080202,divya.desai53@gmail.com,1967-08-12,Jaipur,full,2026-02-27,divya0202@axl
C04168,Vikram Joshi,8570293940,vikram.joshi75@gmail.com,1998-05-25,Ahmedabad,full,2021-07-25,vikram3940@ybl
C04169,Rahul Kulkarni,8523193415,,1990-09-25,Kolkata,min,2022-10-08,rahul3415@paytm
C04170,Ritu Bose,9627982408,ritu.bose92@gmail.com,1993-06-15,Bengaluru,full,2021-10-24,ritu2408@axl
C04171,Anjali Chopra,6183020750,anjali.chopra32@gmail.com,1968-02-12,Jaipur,min,2026-04-06,anjali0750@sbi
C04172,Anjali Bose,6701782053,,,Kolkata,full,2024-03-29,anjali2053@icici
C04173,Farhan Pillai,9096538240,,1997-05-25,Delhi,min,2019-11-10,farhan8240@ybl
C04174,Vijay Mehta,9488364296,vijay.mehta10@gmail.com,2005-02-11,Chennai,full,2023-01-03,vijay4296@ybl
C04175,Harsh Desai,6426659839,harsh.desai69@gmail.com,1988-11-02,Lucknow,full,2022-11-27,harsh9839@hdfcbank
C04176,Arjun Yadav,8766650631,arjun.yadav54@gmail.com,1966-12-06,Hyderabad,full,2026-04-20,arjun0631@okbank
C04177,Sneha Kulkarni,6363045883,,1994-07-21,Lucknow,full,2020-06-22,sneha5883@ybl
C04178,Manish Nair,9777173290,manish.nair81@gmail.com,1992-06-18,Delhi,full,2020-11-14,manish3290@sbi
C04179,Neha Khan,9474047583,,1985-03-08,Jaipur,full,2024-11-03,neha7583@hdfcbank
C04180,Nisha Shaikh,6159728174,nisha.shaikh68@gmail.com,1972-11-27,Jaipur,min,2023-03-02,nisha8174@okbank
C04181,Aarti Verma,9095664101,aarti.verma20@gmail.com,1993-07-18,Ahmedabad,full,2023-07-16,aarti4101@ybl
C04182,Neha Sharma,6756635784,,1986-01-09,Chennai,full,2024-04-27,neha5784@ybl
C04183,Meera Sharma,9962745462,,1970-04-22,Chennai,full,2019-12-06,meera5462@paytm
C04184,Aarti Yadav,6958575127,,1962-04-17,Lucknow,full,2024-05-11,aarti5127@paytm
C04185,Meera Reddy,7013620691,meera.reddy79@gmail.com,,Pune,min,2021-07-13,meera0691@hdfcbank
C04186,Fatima Verma,8347532668,fatima.verma25@gmail.com,,Kolkata,full,2021-01-09,fatima2668@axl
C04187,R. Bose,6865516730,,1998-05-14,Lucknow,full,2022-04-04,rahul6730@axl
C04188,Priya Singh,7199113018,,1964-05-25,Mumbai,full,2025-03-29,priya3018@icici
C04189,Rahul Bose,9232243826,,1971-02-09,Hyderabad,full,2024-06-14,rahul3826@ybl
C04190,Aarti Iyer,6698737515,aarti.iyer91@gmail.com,1980-07-06,Lucknow,full,2023-02-21,aarti7515@ybl
C04191,Priya Patel,7665687329,priya.patel42@gmail.com,2003-12-17,Bengaluru,pending,2026-03-20,priya7329@paytm
C04192,Harsh Menon,6502095839,harsh.menon85@gmail.com,1982-04-21,Bengaluru,full,2023-07-21,harsh5839@axl
C04193,Deepak Shaikh,9804547280,,1969-09-29,Chennai,full,2021-09-20,deepak7280@icici
C04194,Ritu Khan,6581123695,,2001-05-19,Ahmedabad,min,2019-09-10,ritu3695@icici
C04195,Imran Chopra,7052191169,,,Delhi,min,2022-06-27,imran1169@ybl
C04196,Harsh Bose,8847128140,,2001-08-25,Lucknow,full,2022-06-09,harsh8140@okbank
C04197,Ritu Yadav,9203891275,ritu.yadav93@gmail.com,1964-05-21,Pune,full,2020-06-24,ritu1275@axl
C04198,Fatima Shaikh,9942712161,,1979-10-25,Bengaluru,full,2023-11-13,fatima2161@icici
C04199,Kavita Verma,6007433436,kavita.verma13@gmail.com,1999-08-12,Ahmedabad,full,2025-09-22,kavita3436@hdfcbank
C04200,Deepak Desai,9726693841,,1997-09-07,Kolkata,full,2022-05-25,deepak3841@sbi
C04201,Manish Yadav,7194502165,manish.yadav57@gmail.com,1991-03-10,Ahmedabad,min,2025-05-15,manish2165@axl
C04202,Ritu Kulkarni,6610848755,,1992-03-30,Mumbai,pending,2022-05-27,ritu8755@ybl
C04203,Harsh Joshi,8879134555,,1978-04-03,,pending,2024-09-05,harsh4555@paytm
C04204,Ritu Shaikh,9245933055,,1990-05-12,Pune,full,2023-04-10,ritu3055@paytm
C04205,S. Reddy,8128070737,,,Bengaluru,full,2023-08-27,sneha0737@hdfcbank
C04206,Vijay Joshi,7495762364,,1985-11-12,Chennai,min,2021-11-06,vijay2364@okbank
C04207,Sanjay Singh,9173909767,,1991-05-27,Jaipur,pending,2020-12-29,sanjay9767@sbi
C04208,Rahul Verma,7186341455,rahul.verma99@gmail.com,1963-06-22,Lucknow,full,2024-09-23,rahul1455@axl
C04209,Priya Chopra,7524429776,priya.chopra62@gmail.com,2004-04-12,Delhi,min,2025-06-05,priya9776@ybl
C04210,Manish Verma,6591448420,manish.verma75@gmail.com,1996-11-19,Mumbai,full,2025-04-11,manish8420@icici
C04211,Anjali Patel,9699498526,anjali.patel96@gmail.com,1972-11-23,Pune,min,2021-05-26,anjali8526@axl
C04212,Suresh Chopra,8110294969,,,Kolkata,full,2021-02-18,suresh4969@paytm
C04213,Pooja Kulkarni,9645226532,,1974-11-11,Chennai,full,2021-08-29,pooja6532@paytm
C04214,Rahul Mehta,7155119587,,1963-03-28,Kolkata,full,2023-11-20,rahul9587@okbank
C04215,S. Mehta,6281307843,suresh.mehta16@gmail.com,1989-08-20,,min,2020-04-02,suresh7843@axl
C04216,Swati Chopra,6047076801,swati.chopra91@gmail.com,1971-02-17,Ahmedabad,min,2024-05-31,swati6801@axl
C04217,Divya Bose,7423683759,,1976-12-18,Mumbai,full,2020-07-15,divya3759@hdfcbank
C04218,Karan Mehta,6964209825,,1990-01-12,Jaipur,pending,2022-07-15,karan9825@okbank
C04219,Divya Reddy,9455585688,divya.reddy27@gmail.com,1985-07-01,Bengaluru,full,2021-05-28,divya5688@okbank
C04220,Deepak Das,9255073696,,1986-10-26,Lucknow,full,2024-06-24,deepak3696@ybl
C04221,Nisha Chopra,8115270595,,1998-08-15,Lucknow,full,2026-01-01,nisha0595@sbi
C04222,Tarun Reddy,9477131515,tarun.reddy51@gmail.com,1983-01-13,,full,2022-03-09,tarun1515@icici
C04223,Ritu Desai,6436820160,ritu.desai42@gmail.com,1981-06-09,Mumbai,full,2025-12-19,ritu0160@axl
C04224,S. Nair,8727715297,swati.nair64@gmail.com,1972-01-27,Pune,min,2022-12-16,swati5297@hdfcbank
C04225,Rahul Yadav,7844618587,,1987-06-06,Lucknow,full,2025-12-11,rahul8587@okbank
C04226,Anjali Singh,9315615436,anjali.singh37@gmail.com,1992-10-04,Kolkata,full,2021-03-01,anjali5436@paytm
C04227,Imran Menon,7168742713,imran.menon16@gmail.com,1999-10-02,Ahmedabad,full,2024-07-06,imran2713@hdfcbank
C04228,Karan Patel,9739009574,karan.patel82@gmail.com,1980-08-17,Chennai,full,2025-02-21,karan9574@paytm
C04229,Vijay Patel,7281251271,vijay.patel94@gmail.com,1966-02-11,Jaipur,full,2024-10-15,vijay1271@axl
C04230,V. Mehta,7698418259,vikram.mehta68@gmail.com,1985-02-22,Hyderabad,full,2022-08-12,vikram8259@okbank
C04231,Deepak Menon,9037504131,deepak.menon87@gmail.com,1983-10-08,Hyderabad,min,2025-10-29,deepak4131@icici
C04232,Arjun Reddy,7839181727,arjun.reddy98@gmail.com,1968-07-29,Ahmedabad,full,2025-03-17,arjun1727@hdfcbank
C04233,Deepak Joshi,8905446927,deepak.joshi88@gmail.com,1988-02-26,Jaipur,min,2025-09-23,deepak6927@paytm
C04234,Aarti Iyer,9260807267,aarti.iyer71@gmail.com,1994-02-06,Chennai,full,2023-11-21,aarti7267@okbank
C04235,Pooja Yadav,6955419021,pooja.yadav40@gmail.com,1994-10-17,,full,2022-07-20,pooja9021@icici
C04236,Swati Sharma,7214380338,,1999-12-18,Bengaluru,full,2019-12-14,swati0338@sbi
C04237,Priya Singh,9320925107,priya.singh27@gmail.com,1994-09-28,Ahmedabad,pending,2025-11-05,priya5107@sbi
C04238,Arjun Shaikh,6860824738,,2002-09-09,Delhi,full,2019-11-24,arjun4738@hdfcbank
C04239,Deepak Iyer,6943182339,deepak.iyer66@gmail.com,1974-07-06,Ahmedabad,full,2025-06-23,deepak2339@sbi
C04240,Deepak Khan,6600844356,deepak.khan81@gmail.com,1977-03-25,Jaipur,full,2020-12-04,deepak4356@sbi
C04241,F. Das,7446343876,,,Jaipur,full,2022-12-09,farhan3876@ybl
C04242,Vijay Reddy,8771296915,,1998-10-21,Ahmedabad,pending,2021-09-22,vijay6915@ybl
C04243,Tarun Gupta,9345413641,,1986-04-02,Bengaluru,full,2025-07-04,tarun3641@icici
C04244,Deepak Das,8500782501,,1973-02-09,Hyderabad,min,2023-03-02,deepak2501@sbi
C04245,S. Pillai,9255561439,,1981-05-26,Lucknow,full,2025-08-09,sneha1439@ybl
C04246,Ritu Verma,9675897035,ritu.verma42@gmail.com,1993-11-04,,min,2026-05-27,ritu7035@ybl
C04247,Neha Patel,7810731539,,1975-08-29,Hyderabad,full,2022-04-09,neha1539@hdfcbank
C04248,Farhan Pillai,8726289345,,,Pune,pending,2021-12-11,farhan9345@hdfcbank
C04249,Pooja Singh,8424446121,pooja.singh48@gmail.com,1995-01-10,Mumbai,full,2023-09-21,pooja6121@ybl
C04250,Amit Khan,6940744395,amit.khan35@gmail.com,1978-12-17,Pune,min,2024-12-10,amit4395@paytm
C04251,Neha Desai,9546049620,neha.desai83@gmail.com,2004-07-29,Hyderabad,pending,2021-03-01,neha9620@paytm
C04252,Fatima Chopra,8911603544,,1967-01-12,Lucknow,full,2021-01-25,fatima3544@paytm
C04253,Arjun Patel,9194443553,arjun.patel48@gmail.com,1968-07-15,Chennai,min,2025-09-30,arjun3553@ybl
C04254,Meera Khan,8424446056,,,Delhi,min,2022-04-22,meera6056@paytm
C04255,Amit Singh,9735596503,,,Lucknow,pending,2021-09-11,amit6503@paytm
C04256,Ritu Das,9420329247,ritu.das88@gmail.com,1986-03-06,Lucknow,full,2022-12-27,ritu9247@hdfcbank
C04257,Kavita Bose,9799452767,kavita.bose26@gmail.com,1985-04-08,Lucknow,full,2019-11-26,kavita2767@sbi
C04258,Farhan Kulkarni,7893077396,farhan.kulkarni80@gmail.com,1998-10-03,Bengaluru,min,2023-07-08,farhan7396@sbi
C04259,Isha Reddy,9731406168,,,Lucknow,full,2025-11-10,isha6168@okbank
C04260,N. Patel,9198390048,neha.patel31@gmail.com,1988-03-16,Jaipur,full,2024-09-24,neha0048@hdfcbank
C04261,Divya Kulkarni,9960601203,divya.kulkarni70@gmail.com,1976-07-01,Ahmedabad,full,2024-03-02,divya1203@icici
C04262,Sanjay Nair,7108594367,,1971-07-07,Delhi,pending,2026-05-16,sanjay4367@icici
C04263,Ritu Joshi,6395551387,ritu.joshi68@gmail.com,1977-08-05,Mumbai,min,2024-04-28,ritu1387@sbi
C04264,Vikram Bose,6624509341,vikram.bose39@gmail.com,1970-09-02,Pune,full,2022-08-10,vikram9341@okbank
C04265,Manish Yadav,8654468198,manish.yadav25@gmail.com,1994-12-24,Ahmedabad,full,2021-05-30,manish8198@icici
C04266,Deepak Pillai,8493957465,deepak.pillai25@gmail.com,1981-08-23,,full,2021-04-16,deepak7465@axl
C04267,Sunita Reddy,6120688988,sunita.reddy12@gmail.com,1961-07-11,Hyderabad,full,2021-10-02,sunita8988@icici
C04268,Priya Singh,8241088261,priya.singh2@gmail.com,2000-02-11,Pune,min,2021-12-14,priya8261@axl
C04269,Nisha Menon,9353474250,,,Mumbai,full,2019-11-07,nisha4250@ybl
C04270,Isha Nair,7433306286,,1990-05-27,Delhi,full,2022-06-27,isha6286@sbi
C04271,Ritu Chopra,8491521603,ritu.chopra52@gmail.com,1962-06-29,Kolkata,full,2023-10-20,ritu1603@ybl
C04272,Manish Khan,8029838548,,1984-07-27,Kolkata,full,2023-03-17,manish8548@icici
C04273,N. Khan,7515271289,nisha.khan81@gmail.com,1975-10-30,Chennai,full,2022-09-15,nisha1289@axl
C04274,V. Nair,6378280635,,2002-11-19,Delhi,full,2025-08-17,vikram0635@ybl
C04275,Vikram Singh,9671580372,vikram.singh13@gmail.com,,Pune,full,2021-04-23,vikram0372@okbank
C04276,Ritu Khan,7089301565,ritu.khan59@gmail.com,1992-04-17,Bengaluru,full,2023-08-10,ritu1565@sbi
C04277,Arjun Das,8213961154,,,Chennai,full,2020-01-12,arjun1154@okbank
C04278,Ritu Joshi,7065448238,,1995-11-05,Delhi,min,2024-09-06,ritu8238@axl
C04279,Meera Sharma,6948109409,,1983-06-29,Mumbai,full,2021-11-25,meera9409@ybl
C04280,Imran Pillai,8350047948,imran.pillai76@gmail.com,2004-02-16,Mumbai,full,2024-10-28,imran7948@ybl
C04281,Harsh Das,6560704340,harsh.das94@gmail.com,1983-05-08,Ahmedabad,full,2025-11-15,harsh4340@sbi
C04282,Meera Patel,7219989358,,1999-09-26,Ahmedabad,full,2023-11-18,meera9358@paytm
C04283,Vijay Joshi,9136454710,,1990-12-22,Mumbai,full,2024-11-05,vijay4710@icici
C04284,Rahul Bose,7991209879,rahul.bose27@gmail.com,1998-07-04,Bengaluru,pending,2021-01-12,rahul9879@axl
C04285,Kavita Chopra,8987871721,,1978-02-17,Delhi,pending,2019-11-13,kavita1721@sbi
C04286,Neha Shaikh,8781182323,neha.shaikh27@gmail.com,1988-09-28,Kolkata,full,2019-08-27,neha2323@paytm
C04287,Isha Gupta,8084642022,isha.gupta43@gmail.com,2001-05-25,Bengaluru,min,2025-09-17,isha2022@ybl
C04288,P. Joshi,7239594601,,1994-06-07,Jaipur,pending,2026-04-04,
C04289,A. Kulkarni,6371046802,amit.kulkarni16@gmail.com,2003-10-12,Chennai,full,2024-07-05,amit6802@sbi
C04290,Neha Mehta,9707722969,,1985-06-27,Chennai,full,2022-04-01,neha2969@icici
C04291,Ritu Patel,8510491018,,1985-11-18,Jaipur,full,2020-04-24,
C04292,Rahul Shaikh,6486611885,,2002-01-26,Hyderabad,full,2022-03-02,rahul1885@hdfcbank
C04293,Priya Kulkarni,6171841532,priya.kulkarni37@gmail.com,1978-03-26,Mumbai,full,2021-07-25,priya1532@axl
C04294,Kavita Gupta,6083355935,,1998-11-08,Delhi,min,2020-03-24,kavita5935@axl
C04295,Vikram Pillai,6656911070,vikram.pillai81@gmail.com,1976-08-25,Jaipur,full,2021-08-07,vikram1070@hdfcbank
C04296,Fatima Das,9532093814,fatima.das52@gmail.com,1989-07-03,Mumbai,min,2023-01-07,fatima3814@paytm
C04297,Sunita Kulkarni,9067689657,,1993-01-04,Ahmedabad,full,2025-08-10,sunita9657@sbi
C04298,Amit Nair,8159018266,amit.nair69@gmail.com,1991-05-08,,full,2020-08-06,amit8266@ybl
C04299,Rohan Pillai,6089821981,rohan.pillai42@gmail.com,1975-05-02,Pune,min,2026-05-15,rohan1981@sbi
C04300,F. Das,7266189658,farhan.das56@gmail.com,1974-03-12,Chennai,pending,2024-04-13,farhan9658@axl
C04301,Kavita Verma,8842862337,kavita.verma87@gmail.com,2004-05-10,Hyderabad,full,2026-02-07,kavita2337@okbank
C04302,Aarti Gupta,8555943159,aarti.gupta16@gmail.com,,Mumbai,full,2021-08-15,aarti3159@icici
C04303,Rohan Verma,6033841174,,2005-02-24,Kolkata,full,2024-11-18,rohan1174@hdfcbank
C04304,Priya Joshi,7364998675,priya.joshi34@gmail.com,2004-01-23,Chennai,pending,2020-11-12,priya8675@icici
C04305,Manish Nair,8422532474,,1965-04-24,Kolkata,min,2022-08-04,manish2474@ybl
C04306,F. Desai,9315000448,farhan.desai19@gmail.com,1996-01-09,Kolkata,min,2020-10-24,farhan0448@axl
C04307,Nisha Reddy,6647534649,,1995-02-26,Ahmedabad,full,2026-01-14,nisha4649@hdfcbank
C04308,Arjun Singh,7477999336,,1973-06-26,Chennai,pending,2023-08-28,arjun9336@paytm
C04309,Farhan Patel,6690284747,farhan.patel37@gmail.com,1986-07-23,Hyderabad,min,2021-03-12,farhan4747@paytm
C04310,Divya Verma,7174256916,divya.verma58@gmail.com,1970-02-06,Kolkata,min,2021-01-15,divya6916@axl
C04311,Rahul Bose,9358425711,,1973-08-04,Jaipur,pending,2020-04-27,rahul5711@okbank
C04312,Sneha Chopra,9856003184,sneha.chopra82@gmail.com,1970-02-24,Kolkata,min,2021-04-10,sneha3184@okbank
C04313,F. Verma,6598072388,fatima.verma56@gmail.com,1984-01-01,Chennai,min,2024-10-22,fatima2388@sbi
C04314,Tarun Reddy,7365946623,,1995-09-14,Jaipur,full,2020-08-11,tarun6623@okbank
C04315,Imran Shaikh,7375472336,imran.shaikh30@gmail.com,2002-12-25,Ahmedabad,full,2020-11-27,imran2336@sbi
C04316,Nisha Iyer,6252956444,nisha.iyer51@gmail.com,1978-11-30,Ahmedabad,full,2020-08-20,nisha6444@paytm
C04317,V. Gupta,7254657090,vikram.gupta82@gmail.com,2004-07-01,Jaipur,full,2022-09-19,vikram7090@hdfcbank
C04318,R. Sharma,8896718131,ritu.sharma78@gmail.com,1995-09-12,Pune,min,2023-03-15,ritu8131@paytm
C04319,Kavita Mehta,6109950498,kavita.mehta21@gmail.com,,Chennai,min,2020-09-09,kavita0498@sbi
C04320,Sunita Reddy,8298642341,,1970-03-08,Pune,min,2019-08-27,sunita2341@axl
C04321,Fatima Bose,9771436627,fatima.bose81@gmail.com,1991-03-10,Bengaluru,full,2022-04-20,fatima6627@hdfcbank
C04322,Priya Sharma,9187976651,priya.sharma65@gmail.com,2005-08-20,Delhi,full,2023-11-07,priya6651@paytm
C04323,Tarun Yadav,9781431386,tarun.yadav99@gmail.com,2004-09-03,Ahmedabad,full,2023-10-31,tarun1386@icici
C04324,Arjun Das,7171945974,,1981-04-12,Jaipur,min,2025-08-13,arjun5974@ybl
C04325,Neha Patel,6956201994,,1983-10-08,Hyderabad,full,2020-12-21,neha1994@hdfcbank
C04326,Nisha Iyer,8114445228,,1999-06-24,,full,2024-10-28,nisha5228@axl
C04327,Kavita Pillai,8882177726,,1988-12-07,Ahmedabad,full,2023-09-03,kavita7726@axl
C04328,Harsh Singh,9325460778,,1975-08-08,Lucknow,full,2024-10-02,harsh0778@icici
C04329,Divya Desai,6541383289,divya.desai4@gmail.com,1991-04-14,Bengaluru,full,2020-09-13,divya3289@axl
C04330,Suresh Khan,6960852789,,1965-03-26,Lucknow,full,2023-10-14,suresh2789@okbank
C04331,Nisha Khan,8949552752,,,Lucknow,pending,2022-03-27,nisha2752@axl
C04332,Farhan Yadav,7482879747,,1991-04-20,Jaipur,full,2021-08-01,farhan9747@paytm
C04333,Vijay Menon,9205706581,,1968-06-05,Mumbai,full,2021-09-28,vijay6581@axl
C04334,Rahul Khan,6309717717,,1972-12-22,Ahmedabad,full,2024-05-22,rahul7717@axl
C04335,Manish Bose,6731625536,manish.bose11@gmail.com,2004-07-19,Ahmedabad,min,2021-01-22,manish5536@icici
C04336,Neha Iyer,7835590006,,1979-03-01,Chennai,pending,2023-01-04,neha0006@hdfcbank
C04337,Imran Shaikh,8198873011,imran.shaikh14@gmail.com,1989-09-13,Mumbai,full,2019-09-14,imran3011@icici
C04338,Divya Singh,8190662715,divya.singh55@gmail.com,1999-02-07,Jaipur,pending,2021-09-25,divya2715@paytm
C04339,Farhan Mehta,8940188471,farhan.mehta37@gmail.com,1971-08-23,Pune,min,2022-07-14,farhan8471@icici
C04340,Fatima Kulkarni,6651443923,fatima.kulkarni53@gmail.com,1996-07-14,Delhi,full,2025-06-23,fatima3923@okbank
C04341,Imran Desai,7582801957,,1991-02-23,Ahmedabad,full,2021-04-26,imran1957@paytm
C04342,Vijay Joshi,6251998523,vijay.joshi14@gmail.com,1967-12-26,Delhi,full,2024-07-01,
C04343,Deepak Das,7551242910,deepak.das36@gmail.com,1983-10-01,Jaipur,full,2025-08-16,deepak2910@sbi
C04344,Manish Kulkarni,7897506186,,2002-02-06,Kolkata,full,2020-11-25,manish6186@icici
C04345,Imran Singh,7280499991,imran.singh67@gmail.com,1970-04-28,Bengaluru,pending,2021-07-12,imran9991@sbi
C04346,M. Yadav,7599659536,,1997-12-11,Hyderabad,full,2022-01-21,meera9536@sbi
C04347,Manish Shaikh,7785204842,manish.shaikh75@gmail.com,1982-04-18,Pune,full,2023-07-03,manish4842@sbi
C04348,Karan Mehta,9934535375,karan.mehta72@gmail.com,1995-12-11,Ahmedabad,min,2026-02-16,karan5375@sbi
C04349,A. Menon,9725279604,arjun.menon67@gmail.com,1992-03-19,Ahmedabad,min,2023-05-08,arjun9604@icici
C04350,N. Reddy,8411517390,neha.reddy27@gmail.com,1986-09-01,Kolkata,full,2022-07-18,neha7390@okbank
C04351,Imran Verma,7949461991,imran.verma39@gmail.com,1984-06-05,Kolkata,full,2023-01-03,imran1991@axl
C04352,Deepak Chopra,8527675502,deepak.chopra79@gmail.com,1979-02-18,Delhi,full,2025-09-04,deepak5502@hdfcbank
C04353,S. Das,6915542880,suresh.das33@gmail.com,1964-05-04,Ahmedabad,full,2022-12-08,suresh2880@sbi
C04354,R. Chopra,7769564567,ritu.chopra65@gmail.com,1979-02-16,Lucknow,full,2025-09-19,ritu4567@axl
C04355,V. Das,7144038999,,1969-03-06,Ahmedabad,full,2019-09-27,vikram8999@sbi
C04356,Farhan Chopra,9435392763,farhan.chopra3@gmail.com,2000-05-15,Hyderabad,full,2025-07-22,farhan2763@okbank
C04357,Kavita Nair,8329428406,kavita.nair50@gmail.com,,Delhi,min,2022-02-06,kavita8406@paytm
C04358,Fatima Patel,9001974189,,1984-02-08,,min,2023-03-08,fatima4189@sbi
C04359,Amit Nair,7259273425,,1996-04-24,Delhi,min,2021-10-18,amit3425@icici
C04360,Divya Das,6421269151,divya.das36@gmail.com,1997-09-01,Chennai,full,2021-07-29,divya9151@sbi
C04361,Farhan Bose,7529663619,farhan.bose49@gmail.com,1994-03-10,Lucknow,min,2020-06-13,farhan3619@okbank
C04362,Suresh Nair,8466451543,,1974-04-04,Bengaluru,full,2021-11-01,suresh1543@hdfcbank
C04363,Divya Reddy,9921366285,divya.reddy57@gmail.com,1974-10-31,Hyderabad,full,2025-06-03,divya6285@icici
C04364,Swati Iyer,8790258617,,1968-11-05,Lucknow,min,2021-12-05,swati8617@axl
C04365,Vikram Pillai,7847636932,vikram.pillai23@gmail.com,1972-03-22,,full,2025-03-09,vikram6932@icici
C04366,Imran Iyer,6005451695,,1988-04-30,Hyderabad,full,2020-11-27,imran1695@paytm
C04367,Swati Nair,9879142048,swati.nair22@gmail.com,1999-05-15,Hyderabad,full,2021-12-24,swati2048@sbi
C04368,Sanjay Singh,6449556167,sanjay.singh59@gmail.com,1978-08-10,Lucknow,min,2024-04-09,sanjay6167@icici
C04369,Arjun Shaikh,9317702228,,,Pune,full,2021-06-16,arjun2228@hdfcbank
C04370,Sunita Sharma,9164375690,,1999-10-10,Delhi,full,2022-09-10,sunita5690@hdfcbank
C04371,Meera Pillai,8290866127,,1991-01-23,Chennai,full,2021-04-30,meera6127@ybl
C04372,Farhan Das,9816665933,farhan.das6@gmail.com,,Ahmedabad,min,2020-07-30,farhan5933@icici
C04373,Kavita Sharma,7860875794,kavita.sharma60@gmail.com,1976-12-16,Kolkata,pending,2022-11-22,kavita5794@icici
C04374,S. Menon,8586115347,,,Delhi,full,2022-10-05,suresh5347@hdfcbank
C04375,Meera Gupta,8755065425,meera.gupta19@gmail.com,1977-02-25,Ahmedabad,full,2020-07-13,meera5425@okbank
C04376,Farhan Reddy,6670577763,farhan.reddy8@gmail.com,1979-04-12,Mumbai,full,2022-03-02,farhan7763@sbi
C04377,Fatima Mehta,6528278304,,1998-01-30,Pune,pending,2024-11-13,fatima8304@ybl
C04378,Meera Sharma,7924462998,meera.sharma71@gmail.com,1992-09-14,Bengaluru,min,2024-12-10,meera2998@paytm
C04379,Deepak Joshi,7135997478,,1971-09-27,Pune,full,2019-10-11,
C04380,H. Pillai,9718727645,harsh.pillai47@gmail.com,1971-11-08,Hyderabad,min,2023-08-25,harsh7645@paytm
C04381,Sanjay Shaikh,9983085264,,1963-05-19,Chennai,full,2025-03-07,sanjay5264@okbank
C04382,Imran Iyer,7344642777,imran.iyer26@gmail.com,,Hyderabad,full,2022-01-06,imran2777@paytm
C04383,Vikram Singh,7104824988,,1964-08-17,Bengaluru,min,2020-11-26,vikram4988@okbank
C04384,Fatima Chopra,6604601961,fatima.chopra91@gmail.com,1971-01-09,Lucknow,full,2024-11-07,fatima1961@sbi
C04385,Vikram Das,7668442611,vikram.das77@gmail.com,1978-01-10,Mumbai,full,2020-05-08,vikram2611@hdfcbank
C04386,Amit Patel,9055618467,amit.patel97@gmail.com,1962-09-25,Bengaluru,full,2020-07-21,amit8467@okbank
C04387,Karan Iyer,8387994159,karan.iyer40@gmail.com,1968-04-10,Chennai,min,2022-09-08,karan4159@sbi
C04388,V. Sharma,6153349338,vijay.sharma34@gmail.com,1977-11-27,Lucknow,full,2020-06-02,vijay9338@icici
C04389,Arjun Patel,8125916841,,1994-02-02,Delhi,pending,2019-12-11,arjun6841@axl
C04390,Rahul Mehta,8282955216,rahul.mehta5@gmail.com,1996-08-18,Hyderabad,full,2024-03-23,rahul5216@axl
C04391,Manish Sharma,6240500326,,1976-03-29,Delhi,full,2021-11-14,manish0326@sbi
C04392,Tarun Verma,9314438923,tarun.verma57@gmail.com,1993-07-11,Kolkata,full,2024-11-08,tarun8923@hdfcbank
C04393,Pooja Nair,8379222640,,1978-08-08,Jaipur,full,2020-06-21,pooja2640@sbi
C04394,Nisha Bose,9345347995,,1963-03-09,Delhi,min,2022-10-09,nisha7995@axl
C04395,Tarun Reddy,7898753802,tarun.reddy24@gmail.com,1972-08-18,Hyderabad,pending,2025-06-18,tarun3802@hdfcbank
C04396,Anjali Pillai,8935293854,anjali.pillai7@gmail.com,,Mumbai,full,2020-04-02,anjali3854@ybl
C04397,A. Nair,8863438664,,1979-08-31,Bengaluru,pending,2024-05-25,arjun8664@hdfcbank
C04398,Vijay Joshi,9457467713,vijay.joshi21@gmail.com,2003-10-04,Delhi,pending,2023-02-06,vijay7713@okbank
C04399,Anjali Chopra,9433568331,anjali.chopra47@gmail.com,1967-03-11,,min,2025-04-27,anjali8331@axl
C04400,R. Iyer,7070276187,,1995-02-01,Mumbai,min,2023-10-18,rohan6187@axl
C04401,Isha Singh,9502825984,,1999-05-09,Lucknow,full,2021-06-21,isha5984@icici
C04402,Priya Yadav,8355196805,priya.yadav5@gmail.com,1974-02-02,,full,2023-05-31,priya6805@ybl
C04403,Farhan Pillai,6000096393,farhan.pillai77@gmail.com,1983-04-04,Ahmedabad,full,2026-04-26,farhan6393@hdfcbank
C04404,Deepak Pillai,9868666632,,1992-09-15,Chennai,min,2024-07-17,deepak6632@hdfcbank
C04405,Farhan Mehta,8224245138,,1996-04-14,Mumbai,pending,2025-03-20,farhan5138@okbank
C04406,Isha Mehta,7884078751,isha.mehta12@gmail.com,1974-11-27,Jaipur,full,2023-05-06,isha8751@okbank
C04407,Tarun Nair,7977587872,,1992-06-03,Pune,full,2021-12-19,tarun7872@icici
C04408,Divya Pillai,7962494394,,1962-08-04,Kolkata,full,2022-03-24,divya4394@paytm
C04409,Manish Verma,6361346433,manish.verma1@gmail.com,2004-12-14,Kolkata,full,2020-01-20,manish6433@sbi
C04410,Rohan Bose,6583937842,rohan.bose67@gmail.com,1974-10-25,,pending,2024-07-29,rohan7842@axl
C04411,Kavita Sharma,9946450556,kavita.sharma90@gmail.com,1975-10-05,Bengaluru,pending,2019-10-30,kavita0556@axl
C04412,Vijay Mehta,8549168408,vijay.mehta32@gmail.com,2005-01-10,Pune,full,2024-02-11,vijay8408@axl
C04413,Swati Khan,6117829563,,1973-10-06,Mumbai,full,2022-08-09,swati9563@sbi
C04414,Anjali Nair,6275084714,anjali.nair79@gmail.com,1987-11-17,,full,2024-11-05,anjali4714@sbi
C04415,Manish Patel,6412741967,manish.patel64@gmail.com,2001-05-29,Mumbai,min,2023-07-24,manish1967@icici
C04416,Arjun Bose,9549736799,,1967-08-06,Kolkata,full,2021-06-01,arjun6799@axl
C04417,Aarti Singh,6574142867,aarti.singh85@gmail.com,1969-05-03,Kolkata,min,2020-12-31,aarti2867@hdfcbank
C04418,Farhan Yadav,9992750787,farhan.yadav4@gmail.com,2004-09-30,Pune,min,2023-02-10,farhan0787@paytm
C04419,Amit Pillai,6267394443,,1989-08-11,Hyderabad,full,2020-06-02,amit4443@sbi
C04420,Divya Verma,9019937106,divya.verma6@gmail.com,1964-05-13,Delhi,full,2023-03-11,divya7106@hdfcbank
C04421,Farhan Patel,7355105556,,1969-01-09,Pune,full,2024-11-06,farhan5556@hdfcbank
C04422,Rohan Yadav,6168418297,,1999-04-20,Lucknow,full,2021-05-10,rohan8297@icici
C04423,Ritu Iyer,7806557834,,1986-04-11,Lucknow,full,2022-04-09,ritu7834@paytm
C04424,Sunita Joshi,9059605171,sunita.joshi57@gmail.com,2005-01-25,Jaipur,full,2023-01-27,sunita5171@ybl
C04425,Ritu Patel,7872339429,,,Delhi,full,2022-03-25,ritu9429@hdfcbank
C04426,Nisha Verma,9451360200,,1988-11-22,,min,2023-08-05,nisha0200@paytm
C04427,Sunita Reddy,9047051950,sunita.reddy53@gmail.com,1995-11-03,Kolkata,full,2020-01-11,sunita1950@okbank
C04428,Kavita Iyer,8248904719,kavita.iyer36@gmail.com,1976-09-03,Chennai,full,2023-09-30,kavita4719@sbi
C04429,Anjali Verma,9987687904,anjali.verma80@gmail.com,1993-05-26,Pune,full,2021-06-18,anjali7904@sbi
C04430,A. Joshi,7273430042,anjali.joshi50@gmail.com,2003-03-02,Kolkata,full,2023-03-27,anjali0042@okbank
C04431,Kavita Singh,6710771296,kavita.singh49@gmail.com,,Mumbai,pending,2024-05-15,kavita1296@hdfcbank
C04432,Sunita Khan,7679525730,,1982-12-26,Ahmedabad,full,2020-03-27,sunita5730@icici
C04433,Vikram Reddy,6853944661,vikram.reddy24@gmail.com,1969-07-13,Bengaluru,min,2021-11-01,vikram4661@icici
C04434,Ritu Kulkarni,6430450507,,,Bengaluru,pending,2020-12-26,ritu0507@axl
C04435,Arjun Iyer,6786670474,arjun.iyer73@gmail.com,1966-07-11,Pune,min,2024-12-05,arjun0474@icici
C04436,Pooja Khan,6243136325,,1978-07-07,Bengaluru,min,2024-10-25,pooja6325@ybl
C04437,Divya Verma,9945286507,,1984-12-17,Bengaluru,full,2020-07-23,
C04438,Sunita Gupta,7458451566,,1969-12-09,Hyderabad,full,2022-02-28,sunita1566@hdfcbank
C04439,Amit Nair,9618343108,,2001-08-04,,min,2022-10-18,amit3108@paytm
C04440,Divya Shaikh,7882488197,divya.shaikh42@gmail.com,1989-02-08,Delhi,full,2021-03-07,divya8197@sbi
C04441,Aarti Menon,8532650344,,1967-08-20,Chennai,full,2025-10-17,aarti0344@paytm
C04442,Sneha Iyer,7315916142,sneha.iyer33@gmail.com,1983-07-29,Pune,full,2026-01-09,sneha6142@axl
C04443,Suresh Patel,7412640245,suresh.patel99@gmail.com,2004-11-30,Bengaluru,full,2025-11-26,suresh0245@hdfcbank
C04444,Pooja Khan,8036202575,pooja.khan23@gmail.com,1967-06-10,Ahmedabad,full,2021-02-11,pooja2575@icici
C04445,Harsh Patel,9296483538,,1970-07-31,Mumbai,min,2025-09-15,harsh3538@hdfcbank
C04446,Arjun Nair,6409473145,arjun.nair6@gmail.com,1984-09-20,Ahmedabad,full,2022-04-30,arjun3145@axl
C04447,Karan Desai,9546541284,,1987-12-23,Bengaluru,full,2021-04-18,karan1284@axl
C04448,Rohan Joshi,6879299769,rohan.joshi94@gmail.com,2004-04-19,Jaipur,full,2021-10-15,rohan9769@ybl
C04449,Isha Chopra,7750460284,isha.chopra3@gmail.com,1961-06-30,Jaipur,min,2020-12-28,isha0284@okbank
C04450,Fatima Nair,8889676186,fatima.nair29@gmail.com,1981-02-14,Delhi,full,2022-09-05,fatima6186@axl
C04451,Arjun Patel,9047138403,,1999-06-26,Ahmedabad,min,2021-04-24,arjun8403@icici
C04452,Neha Menon,7389670323,neha.menon90@gmail.com,2000-11-30,Mumbai,full,2023-06-14,neha0323@hdfcbank
C04453,Sneha Nair,6868497089,,1997-04-30,Hyderabad,full,2022-03-13,sneha7089@paytm
C04454,Suresh Menon,9450117454,suresh.menon95@gmail.com,1965-04-10,Jaipur,full,2021-06-07,suresh7454@sbi
C04455,Arjun Patel,7559142665,arjun.patel38@gmail.com,1997-08-12,Delhi,min,2025-02-20,arjun2665@ybl
C04456,Pooja Joshi,6386491997,,,Ahmedabad,min,2025-08-12,pooja1997@hdfcbank
C04457,Fatima Khan,9743702939,,1990-05-20,,full,2025-09-24,fatima2939@okbank
C04458,Suresh Verma,6574104732,,2001-08-10,Pune,min,2022-11-09,suresh4732@okbank
C04459,Arjun Bose,6005561112,,1985-11-28,Delhi,pending,2020-02-26,arjun1112@icici
C04460,Kavita Iyer,7120631081,,1993-05-02,,full,2019-11-30,kavita1081@paytm
C04461,Amit Desai,9668195580,amit.desai79@gmail.com,1970-04-03,Ahmedabad,full,2022-12-25,amit5580@axl
C04462,S. Chopra,6169010843,sunita.chopra57@gmail.com,1971-12-15,Kolkata,min,2023-01-30,sunita0843@ybl
C04463,Ritu Verma,6536988200,,1986-03-23,Mumbai,full,2023-12-26,ritu8200@okbank
C04464,Fatima Reddy,6064906905,fatima.reddy59@gmail.com,1992-11-25,Pune,min,2020-08-05,fatima6905@icici
C04465,Pooja Patel,8316149614,pooja.patel62@gmail.com,1995-11-09,Chennai,full,2020-09-19,pooja9614@paytm
C04466,Vijay Shaikh,7174267423,,1995-12-15,Bengaluru,min,2021-07-22,vijay7423@ybl
C04467,Aarti Khan,7448843970,aarti.khan36@gmail.com,1997-07-15,Chennai,min,2022-06-09,aarti3970@axl
C04468,Anjali Pillai,8709297245,,2003-07-23,Kolkata,full,2025-10-13,anjali7245@axl
C04469,Kavita Khan,9975056906,kavita.khan68@gmail.com,1975-01-01,Ahmedabad,full,2025-10-21,kavita6906@ybl
C04470,I. Kulkarni,8307196154,,1997-10-31,Mumbai,min,2022-07-13,isha6154@hdfcbank
C04471,Pooja Desai,7775586594,,1990-12-17,Mumbai,full,2021-09-09,pooja6594@paytm
C04472,Fatima Iyer,6960751425,fatima.iyer30@gmail.com,1990-10-31,Pune,full,2022-12-13,fatima1425@sbi
C04473,Anjali Mehta,6038253950,anjali.mehta54@gmail.com,1994-08-23,,full,2025-08-14,anjali3950@icici
C04474,Ritu Verma,8345259370,,,Ahmedabad,full,2020-06-28,ritu9370@axl
C04475,Harsh Iyer,9715490362,harsh.iyer14@gmail.com,2001-02-28,Jaipur,full,2020-02-22,harsh0362@okbank
C04476,Neha Das,9381009631,,,Lucknow,full,2020-06-16,neha9631@okbank
C04477,Rohan Khan,8269961630,rohan.khan19@gmail.com,1987-04-17,Chennai,full,2020-04-18,rohan1630@paytm
C04478,I. Desai,8143458993,,1982-01-13,Bengaluru,full,2025-04-08,imran8993@icici
C04479,Priya Mehta,8896956047,,1995-07-29,Jaipur,pending,2025-10-02,priya6047@hdfcbank
C04480,Arjun Mehta,9620952601,arjun.mehta49@gmail.com,1990-12-18,Mumbai,full,2024-04-28,arjun2601@hdfcbank
C04481,Deepak Singh,8023878352,,1968-10-20,,full,2021-04-17,deepak8352@paytm
C04482,Divya Menon,9564408828,divya.menon90@gmail.com,1984-12-09,,full,2020-03-16,divya8828@sbi
C04483,Vikram Patel,9898306234,,1965-09-13,Jaipur,full,2020-11-02,vikram6234@hdfcbank
C04484,Rohan Reddy,9580657964,rohan.reddy84@gmail.com,1981-10-24,Mumbai,full,2022-04-05,rohan7964@okbank
C04485,Sunita Verma,9381848066,,1969-10-31,Chennai,min,2023-08-22,sunita8066@okbank
C04486,F. Patel,9302743857,,1978-08-14,,full,2022-03-03,farhan3857@ybl
C04487,Manish Chopra,8579939078,,1971-09-10,Pune,pending,2019-12-31,manish9078@axl
C04488,Ritu Sharma,8414403933,ritu.sharma25@gmail.com,1981-03-26,Lucknow,min,2023-06-02,ritu3933@okbank
C04489,Aarti Joshi,6026427219,aarti.joshi87@gmail.com,1985-02-09,Delhi,full,2022-08-03,aarti7219@okbank
C04490,Farhan Kulkarni,8564845315,,1992-10-17,Bengaluru,full,2021-04-04,farhan5315@hdfcbank
C04491,Vikram Kulkarni,8462869663,vikram.kulkarni16@gmail.com,2001-09-10,Ahmedabad,min,2024-06-01,vikram9663@icici
C04492,Rahul Menon,6608552378,,1976-04-23,Chennai,full,2020-04-10,rahul2378@icici
C04493,Sunita Khan,7089788791,sunita.khan14@gmail.com,,,min,2022-02-20,sunita8791@icici
C04494,Anjali Bose,7702251236,anjali.bose80@gmail.com,,Bengaluru,pending,2019-11-19,anjali1236@sbi
C04495,Rohan Chopra,9950974823,rohan.chopra10@gmail.com,1978-06-03,Ahmedabad,full,2025-08-25,rohan4823@sbi
C04496,A. Khan,8093915647,aarti.khan61@gmail.com,1990-04-19,Kolkata,full,2022-02-22,aarti5647@ybl
C04497,Karan Shaikh,7492727034,karan.shaikh77@gmail.com,2004-05-08,Kolkata,min,2020-11-03,karan7034@axl
C04498,Kavita Menon,6765729516,kavita.menon17@gmail.com,1994-11-18,Lucknow,min,2020-03-26,kavita9516@okbank
C04499,Nisha Patel,7231650121,nisha.patel58@gmail.com,,Pune,min,2026-04-27,nisha0121@paytm
C04500,M. Mehta,7457228844,,1966-01-22,Hyderabad,min,2023-08-29,manish8844@icici
C04501,Sneha Shaikh,9553636044,,1986-11-04,,pending,2024-07-10,sneha6044@hdfcbank
C04502,Meera Kulkarni,6523458028,,2003-09-13,Lucknow,full,2024-09-19,meera8028@sbi
C04503,Suresh Desai,9466146877,suresh.desai74@gmail.com,1973-08-20,Ahmedabad,full,2020-09-27,suresh6877@sbi
C04504,Nisha Menon,7893853014,nisha.menon35@gmail.com,1986-01-27,Jaipur,min,2023-05-06,nisha3014@axl
C04505,Pooja Kulkarni,7044930534,pooja.kulkarni66@gmail.com,1985-10-02,Delhi,min,2021-04-09,pooja0534@okbank
C04506,R. Das,6883928389,rohan.das2@gmail.com,1993-12-21,Chennai,pending,2022-03-01,rohan8389@axl
C04507,Farhan Patel,8894750098,farhan.patel62@gmail.com,1986-01-26,Chennai,min,2021-03-27,farhan0098@paytm
C04508,Suresh Sharma,8775327622,suresh.sharma13@gmail.com,1990-10-03,Pune,full,2024-08-26,suresh7622@hdfcbank
C04509,Suresh Nair,6364807834,,1977-11-11,Delhi,min,2021-10-29,suresh7834@axl
C04510,Nisha Pillai,9796930697,nisha.pillai69@gmail.com,1981-09-05,Bengaluru,full,2025-01-03,nisha0697@sbi
C04511,Sunita Khan,6834095431,sunita.khan17@gmail.com,1996-05-02,Bengaluru,full,2022-02-25,sunita5431@sbi
C04512,Amit Yadav,6007789473,amit.yadav93@gmail.com,1996-08-02,,full,2026-02-23,amit9473@icici
C04513,Sanjay Verma,7071557022,,2005-07-25,Chennai,min,2021-05-12,sanjay7022@hdfcbank
C04514,Kavita Das,6358139450,kavita.das5@gmail.com,1989-05-28,Ahmedabad,full,2025-09-09,kavita9450@okbank
C04515,Vikram Mehta,7733940515,vikram.mehta25@gmail.com,1984-10-05,Hyderabad,min,2020-06-21,vikram0515@axl
C04516,F. Reddy,8088947847,fatima.reddy26@gmail.com,1984-05-23,Kolkata,full,2024-03-22,fatima7847@okbank
C04517,Harsh Menon,7380995104,,1976-01-21,Ahmedabad,full,2021-12-29,harsh5104@sbi
C04518,Aarti Kulkarni,8008057261,,2004-08-23,Pune,min,2026-02-26,aarti7261@icici
C04519,Sunita Menon,6324973089,sunita.menon31@gmail.com,1974-09-03,Ahmedabad,full,2022-09-14,sunita3089@paytm
C04520,Harsh Desai,9846985012,harsh.desai48@gmail.com,,Ahmedabad,full,2022-10-09,harsh5012@hdfcbank
C04521,Priya Das,9523052985,,1983-03-03,Kolkata,min,2019-10-15,priya2985@paytm
C04522,Sanjay Shaikh,7421848994,sanjay.shaikh52@gmail.com,1981-09-06,Jaipur,min,2024-03-25,sanjay8994@hdfcbank
C04523,Sanjay Khan,6451967825,,2001-05-05,Lucknow,full,2022-01-14,sanjay7825@icici
C04524,Sunita Chopra,7322601671,,1964-08-27,Pune,full,2026-01-10,sunita1671@icici
C04525,Deepak Gupta,8199847025,deepak.gupta89@gmail.com,,Jaipur,full,2024-06-08,deepak7025@sbi
C04526,K. Das,6965208281,,1998-07-23,Hyderabad,min,2024-08-20,karan8281@ybl
C04527,Anjali Menon,6992718522,anjali.menon95@gmail.com,2005-01-04,Ahmedabad,min,2021-08-26,anjali8522@axl
C04528,Deepak Pillai,8758176980,deepak.pillai16@gmail.com,1992-05-19,Jaipur,min,2022-09-03,deepak6980@sbi
C04529,Sneha Joshi,8091717395,sneha.joshi48@gmail.com,1961-06-03,Pune,min,2024-07-29,sneha7395@okbank
C04530,Anjali Patel,8804719370,,2003-08-29,Hyderabad,full,2024-04-25,anjali9370@icici
C04531,D. Mehta,8162537966,divya.mehta88@gmail.com,1969-03-11,Jaipur,full,2022-04-21,divya7966@axl
C04532,Suresh Pillai,7533379280,suresh.pillai78@gmail.com,1970-05-23,Bengaluru,pending,2023-08-23,suresh9280@icici
C04533,Sanjay Chopra,7498481611,sanjay.chopra5@gmail.com,1990-10-16,Hyderabad,min,2022-12-28,sanjay1611@ybl
C04534,Rohan Yadav,8584066583,,1972-05-12,Mumbai,min,2024-10-31,rohan6583@ybl
C04535,Divya Menon,8763822691,,1983-07-30,Bengaluru,full,2020-01-01,divya2691@sbi
C04536,Manish Pillai,9202935608,,1972-01-13,Delhi,min,2019-11-29,manish5608@okbank
C04537,V. Shaikh,8109418632,,1961-07-18,Lucknow,full,2023-10-14,vijay8632@hdfcbank
C04538,Fatima Patel,6288226180,,,Ahmedabad,min,2025-02-23,fatima6180@sbi
C04539,Neha Kulkarni,9156970971,,,Mumbai,min,2023-11-05,neha0971@hdfcbank
C04540,Arjun Patel,6481851722,,1994-09-18,Pune,min,2022-09-08,arjun1722@hdfcbank
C04541,Rahul Reddy,6950806494,rahul.reddy18@gmail.com,1965-12-19,,full,2024-10-26,rahul6494@paytm
C04542,Arjun Bose,6662553502,arjun.bose59@gmail.com,2003-06-20,Lucknow,full,2024-08-12,arjun3502@sbi
C04543,Divya Bose,6209197265,divya.bose10@gmail.com,1974-12-19,Jaipur,full,2021-11-30,divya7265@axl
C04544,Priya Shaikh,9593443481,,1995-10-24,Pune,min,2026-04-28,priya3481@ybl
C04545,Isha Bose,7025657027,isha.bose96@gmail.com,,Lucknow,min,2019-11-10,isha7027@sbi
C04546,Suresh Chopra,6695596135,suresh.chopra23@gmail.com,1962-10-07,Lucknow,full,2022-01-23,suresh6135@okbank
C04547,Divya Bose,6246111420,divya.bose9@gmail.com,1971-05-19,Chennai,full,2020-08-24,divya1420@paytm
C04548,Manish Singh,6271704661,,1978-09-23,Kolkata,pending,2022-10-31,manish4661@icici
C04549,Anjali Sharma,7882810801,anjali.sharma15@gmail.com,2000-08-21,Bengaluru,min,2020-05-28,anjali0801@icici
C04550,Farhan Mehta,9425706627,farhan.mehta90@gmail.com,1995-01-30,Lucknow,full,2025-12-23,farhan6627@okbank
C04551,Nisha Desai,6485704961,nisha.desai82@gmail.com,1999-11-23,Pune,min,2024-02-27,nisha4961@okbank
C04552,Sunita Gupta,6875524408,sunita.gupta59@gmail.com,1992-05-23,Delhi,full,2022-07-31,sunita4408@ybl
C04553,Meera Desai,8423489395,meera.desai67@gmail.com,1980-08-04,Kolkata,full,2022-03-25,meera9395@hdfcbank
C04554,Anjali Gupta,8311712502,,1980-07-27,Pune,full,2023-10-01,anjali2502@ybl
C04555,Kavita Yadav,7362124053,,2004-12-24,Chennai,full,2024-06-07,kavita4053@hdfcbank
C04556,Arjun Singh,6445901407,arjun.singh22@gmail.com,1986-06-24,Pune,pending,2019-12-10,arjun1407@icici
C04557,Rahul Yadav,8077079558,rahul.yadav38@gmail.com,2005-11-25,Jaipur,full,2021-11-11,rahul9558@ybl
C04558,Ritu Gupta,7735721997,,1997-10-25,Mumbai,pending,2023-04-13,ritu1997@okbank
C04559,Amit Gupta,8794420177,amit.gupta20@gmail.com,1976-04-07,Delhi,full,2025-06-14,amit0177@axl
C04560,Kavita Yadav,8320949235,kavita.yadav50@gmail.com,2001-11-07,Jaipur,min,2021-11-27,kavita9235@sbi
C04561,K. Das,6621339678,karan.das28@gmail.com,2004-07-22,Kolkata,min,2025-12-07,karan9678@paytm
C04562,Neha Iyer,8235077409,neha.iyer88@gmail.com,1985-02-20,Mumbai,full,2023-07-04,neha7409@axl
C04563,Fatima Bose,8589569384,fatima.bose2@gmail.com,1971-04-26,Hyderabad,pending,2025-07-16,fatima9384@sbi
C04564,Divya Pillai,8196579164,divya.pillai12@gmail.com,1962-09-30,,min,2020-12-22,divya9164@icici
C04565,Ritu Singh,9339238689,ritu.singh61@gmail.com,1970-02-28,Jaipur,min,2021-11-01,ritu8689@hdfcbank
C04566,Farhan Verma,6409717883,farhan.verma17@gmail.com,2001-01-18,Bengaluru,min,2024-08-28,farhan7883@icici
C04567,Priya Mehta,9536552647,,1991-07-16,Mumbai,min,2023-02-27,priya2647@ybl
C04568,Isha Iyer,6494649399,,1963-12-08,Mumbai,full,2021-04-22,isha9399@sbi
C04569,Rohan Das,6684922752,,,Lucknow,full,2022-09-09,rohan2752@icici
C04570,Farhan Verma,6202581147,,1980-05-01,Chennai,full,2025-02-07,farhan1147@paytm
C04571,Priya Sharma,8950350694,,2001-05-02,Ahmedabad,full,2020-03-20,priya0694@hdfcbank
C04572,D. Desai,8179318589,deepak.desai27@gmail.com,1968-07-01,Hyderabad,full,2026-05-01,deepak8589@hdfcbank
C04573,Rahul Shaikh,7874757994,rahul.shaikh95@gmail.com,,Delhi,full,2022-08-12,rahul7994@hdfcbank
C04574,Rahul Reddy,8228980915,rahul.reddy2@gmail.com,2003-02-25,Hyderabad,pending,2021-12-07,rahul0915@icici
C04575,Amit Sharma,9678345459,amit.sharma62@gmail.com,1984-04-09,Delhi,full,2021-06-06,amit5459@okbank
C04576,Divya Chopra,7010178634,divya.chopra95@gmail.com,1980-08-20,Ahmedabad,full,2024-03-23,divya8634@paytm
C04577,Nisha Khan,6329342373,,2000-07-11,Delhi,full,2024-11-23,nisha2373@axl
C04578,Pooja Iyer,9349254324,pooja.iyer73@gmail.com,1993-07-01,Bengaluru,full,2022-07-01,pooja4324@paytm
C04579,Suresh Kulkarni,9706173246,suresh.kulkarni95@gmail.com,1970-12-31,Chennai,full,2020-11-04,suresh3246@sbi
C04580,Nisha Bose,8921272531,,1980-11-21,Ahmedabad,pending,2023-12-08,nisha2531@axl
C04581,Harsh Patel,7357852446,harsh.patel23@gmail.com,1963-03-28,Bengaluru,min,2021-04-30,harsh2446@hdfcbank
C04582,I. Verma,6155835992,isha.verma31@gmail.com,1964-12-02,Ahmedabad,full,2026-04-15,isha5992@sbi
C04583,Isha Chopra,9550924268,isha.chopra71@gmail.com,2000-12-04,Bengaluru,min,2020-03-28,isha4268@ybl
C04584,Arjun Verma,9259101421,arjun.verma53@gmail.com,1968-11-23,Jaipur,full,2024-05-14,arjun1421@axl
C04585,Neha Das,6806717007,neha.das98@gmail.com,1980-05-01,Mumbai,full,2023-11-23,neha7007@icici
C04586,Anjali Shaikh,7181006821,anjali.shaikh16@gmail.com,1969-12-12,Hyderabad,min,2021-01-11,anjali6821@ybl
C04587,Pooja Reddy,9404770896,,1992-02-02,Kolkata,full,2024-11-18,pooja0896@hdfcbank
C04588,Kavita Joshi,9847104755,kavita.joshi8@gmail.com,1998-02-10,Ahmedabad,full,2020-11-04,kavita4755@icici
C04589,Rohan Desai,6197579431,,1996-05-27,Jaipur,pending,2021-12-06,rohan9431@ybl
C04590,Kavita Yadav,7478619866,kavita.yadav75@gmail.com,1978-10-19,Delhi,min,2023-08-14,kavita9866@icici
C04591,Manish Iyer,9247919133,manish.iyer95@gmail.com,1983-02-16,Lucknow,full,2024-03-23,manish9133@hdfcbank
C04592,Priya Desai,9351112076,priya.desai56@gmail.com,1984-03-16,Hyderabad,full,2021-04-11,priya2076@axl
C04593,Priya Kulkarni,9336734657,,1962-09-29,Lucknow,min,2020-10-08,priya4657@icici
C04594,Karan Verma,9702686649,karan.verma72@gmail.com,1986-04-12,Mumbai,full,2020-01-12,karan6649@paytm
C04595,Vikram Desai,8496530964,vikram.desai37@gmail.com,1990-02-07,Bengaluru,full,2025-07-11,vikram0964@sbi
C04596,Aarti Patel,9376230249,aarti.patel53@gmail.com,1994-06-19,Kolkata,full,2026-03-20,aarti0249@axl
C04597,Isha Mehta,6388161860,isha.mehta93@gmail.com,1980-04-05,Kolkata,full,2024-02-21,isha1860@icici
C04598,Karan Shaikh,6321432959,karan.shaikh66@gmail.com,1965-11-12,Delhi,min,2025-03-16,karan2959@sbi
C04599,Vijay Singh,6942765041,,2002-08-31,Chennai,full,2025-08-18,vijay5041@ybl
C04600,Kavita Menon,9118953968,,1963-05-21,Mumbai,full,2021-02-28,kavita3968@paytm
C04601,Manish Joshi,7002208870,manish.joshi22@gmail.com,,Chennai,min,2020-12-30,manish8870@icici
C04602,Rohan Singh,8496220984,rohan.singh76@gmail.com,1974-02-06,Lucknow,full,2020-12-29,rohan0984@ybl
C04603,H. Desai,7899257945,harsh.desai92@gmail.com,1961-04-28,Mumbai,min,2019-10-14,harsh7945@sbi
C04604,Divya Yadav,7405373732,divya.yadav51@gmail.com,1981-07-26,Hyderabad,min,2020-05-14,divya3732@paytm
C04605,Swati Singh,6980107519,swati.singh1@gmail.com,2006-01-20,Delhi,full,2024-05-14,swati7519@okbank
C04606,Sunita Das,9319322371,sunita.das82@gmail.com,1973-07-13,Lucknow,full,2025-03-07,sunita2371@okbank
C04607,Divya Singh,8308360925,,,Ahmedabad,min,2025-10-06,divya0925@okbank
C04608,Rohan Reddy,9463557784,,1989-08-09,Ahmedabad,full,2025-05-25,rohan7784@hdfcbank
C04609,Fatima Desai,7043499941,,1980-04-15,Chennai,full,2021-05-10,fatima9941@ybl
C04610,Rahul Singh,7758621735,,,Pune,full,2023-06-23,rahul1735@sbi
C04611,Sunita Chopra,6481965267,sunita.chopra45@gmail.com,1968-07-05,Kolkata,min,2022-05-30,sunita5267@okbank
C04612,Suresh Bose,9833676827,suresh.bose35@gmail.com,1991-11-06,Bengaluru,full,2020-01-20,suresh6827@sbi
C04613,Pooja Desai,9540983685,pooja.desai9@gmail.com,2000-05-08,Kolkata,min,2020-01-04,pooja3685@icici
C04614,Meera Bose,9891143203,,1993-03-04,Mumbai,pending,2020-04-23,meera3203@axl
C04615,Kavita Nair,6285633251,kavita.nair17@gmail.com,2004-03-14,Mumbai,full,2021-11-21,kavita3251@icici
C04616,Nisha Patel,6738386997,nisha.patel98@gmail.com,1994-03-08,Jaipur,min,2022-01-30,nisha6997@hdfcbank
C04617,Harsh Desai,8618805002,,1970-11-06,Mumbai,min,2021-05-05,harsh5002@paytm
C04618,Deepak Verma,6802106176,,1988-03-26,Hyderabad,min,2023-07-24,deepak6176@sbi
C04619,A. Desai,9242520423,aarti.desai83@gmail.com,1993-09-03,Chennai,min,2021-02-16,aarti0423@okbank
C04620,Fatima Bose,6301196740,,1968-03-28,,min,2024-10-21,fatima6740@okbank
C04621,Rohan Mehta,6622323637,,1974-04-11,Mumbai,full,2025-05-23,rohan3637@ybl
C04622,Ritu Gupta,6700989120,,1969-10-30,Jaipur,full,2023-12-04,ritu9120@paytm
C04623,Fatima Pillai,8138999589,,1997-03-15,Ahmedabad,full,2022-11-08,fatima9589@paytm
C04624,Sneha Pillai,6565028956,sneha.pillai47@gmail.com,1967-01-05,Jaipur,pending,2026-05-18,sneha8956@axl
C04625,Divya Desai,6974722962,,2003-06-13,Ahmedabad,pending,2024-10-26,divya2962@okbank
C04626,Aarti Pillai,6233639611,aarti.pillai58@gmail.com,1985-01-31,Kolkata,full,2024-09-07,aarti9611@icici
C04627,Farhan Mehta,7961796790,,1974-09-30,Chennai,full,2023-02-22,farhan6790@ybl
C04628,Sunita Chopra,6412197819,sunita.chopra32@gmail.com,1986-05-29,Chennai,min,2023-12-17,sunita7819@okbank
C04629,Ritu Pillai,9371392575,,2003-02-18,Kolkata,full,2026-03-13,ritu2575@hdfcbank
C04630,Rohan Shaikh,6172678409,rohan.shaikh60@gmail.com,1987-01-29,Delhi,full,2022-04-26,rohan8409@okbank
C04631,Priya Yadav,9948801886,,2005-11-27,Jaipur,full,2024-08-19,priya1886@sbi
C04632,Tarun Desai,9213734404,,1971-10-07,Pune,min,2025-01-10,tarun4404@axl
C04633,Tarun Gupta,7672453485,tarun.gupta19@gmail.com,2005-04-12,Mumbai,full,2026-04-01,tarun3485@ybl
C04634,Sunita Joshi,9006512767,,2004-04-15,Pune,full,2024-01-16,sunita2767@hdfcbank
C04635,Swati Singh,9703879809,,1995-05-19,Hyderabad,full,2024-10-04,swati9809@sbi
C04636,Sneha Nair,7811785393,,1987-08-31,Delhi,full,2024-06-08,sneha5393@paytm
C04637,Sunita Kulkarni,6643291067,,1997-10-15,Pune,full,2023-02-11,sunita1067@okbank
C04638,Sneha Bose,8107200829,sneha.bose27@gmail.com,1963-09-09,,pending,2020-05-02,sneha0829@ybl
C04639,Sunita Das,9787261476,sunita.das92@gmail.com,1982-10-02,Chennai,min,2025-05-28,sunita1476@icici
C04640,Pooja Yadav,9443241382,,,Chennai,full,2022-03-16,pooja1382@sbi
C04641,Anjali Bose,8003897451,,1996-04-21,Ahmedabad,min,2023-02-03,anjali7451@paytm
C04642,Ritu Patel,7277783668,ritu.patel91@gmail.com,1970-08-08,Mumbai,min,2020-06-24,ritu3668@hdfcbank
C04643,Divya Kulkarni,7492774555,divya.kulkarni89@gmail.com,1962-10-26,Delhi,full,2021-10-24,divya4555@ybl
C04644,Rohan Khan,6068922082,rohan.khan79@gmail.com,,Mumbai,min,2024-12-17,rohan2082@hdfcbank
C04645,H. Singh,7337988730,,1979-12-26,Lucknow,full,2022-06-24,harsh8730@ybl
C04646,Arjun Kulkarni,7234745774,arjun.kulkarni26@gmail.com,1995-08-29,Delhi,full,2021-09-18,arjun5774@paytm
C04647,Ritu Iyer,8781056025,,1967-01-30,Pune,full,2024-10-19,ritu6025@okbank
C04648,Amit Sharma,7707217558,,1982-12-31,Hyderabad,full,2023-12-08,amit7558@okbank
C04649,Sunita Sharma,9027552018,sunita.sharma24@gmail.com,1990-05-24,Chennai,full,2019-12-02,sunita2018@paytm
C04650,Isha Khan,7649365167,,1965-10-20,Chennai,full,2023-02-09,isha5167@icici
C04651,Imran Menon,8422002771,imran.menon63@gmail.com,1976-10-27,Ahmedabad,full,2022-01-08,imran2771@paytm
C04652,Kavita Kulkarni,9827046048,kavita.kulkarni58@gmail.com,1990-10-29,Kolkata,full,2020-08-09,kavita6048@paytm
C04653,Divya Nair,6213649719,divya.nair8@gmail.com,1988-06-17,Delhi,full,2024-07-09,divya9719@okbank
C04654,Fatima Menon,6882966367,fatima.menon45@gmail.com,1984-03-21,Jaipur,full,2022-07-03,fatima6367@okbank
C04655,Sanjay Chopra,8862277414,,2005-05-20,Ahmedabad,full,2024-10-05,sanjay7414@axl
C04656,Neha Mehta,6497398154,,1978-09-18,Ahmedabad,full,2024-05-16,neha8154@okbank
C04657,Fatima Gupta,8794431318,fatima.gupta80@gmail.com,1987-05-30,Bengaluru,full,2024-10-16,fatima1318@sbi
C04658,Karan Khan,6548458517,,1980-07-25,Delhi,min,2021-07-08,karan8517@okbank
C04659,Isha Sharma,7410153776,,1985-11-07,Lucknow,full,2022-05-31,isha3776@axl
C04660,Harsh Patel,6672665431,,1969-05-23,Pune,full,2022-09-11,harsh5431@icici
C04661,Suresh Das,6256022856,suresh.das56@gmail.com,1970-07-08,Mumbai,full,2024-02-11,suresh2856@ybl
C04662,Anjali Iyer,6666925601,anjali.iyer87@gmail.com,1971-02-17,Bengaluru,full,2022-01-08,anjali5601@okbank
C04663,Sanjay Khan,6202555292,sanjay.khan50@gmail.com,1972-04-17,Delhi,pending,2025-02-21,sanjay5292@axl
C04664,Vijay Reddy,6167096814,,1994-09-23,Chennai,min,2022-05-22,vijay6814@hdfcbank
C04665,Vikram Khan,8182733335,vikram.khan81@gmail.com,1998-10-21,Delhi,full,2021-04-16,vikram3335@paytm
C04666,Priya Yadav,6142519824,,2001-03-16,Bengaluru,full,2023-11-03,priya9824@axl
C04667,Nisha Shaikh,6651178650,nisha.shaikh99@gmail.com,1998-04-17,Kolkata,min,2023-07-14,nisha8650@ybl
C04668,Divya Mehta,9659322254,divya.mehta29@gmail.com,1971-03-15,Lucknow,full,2025-01-28,divya2254@paytm
C04669,Suresh Joshi,9548229338,suresh.joshi96@gmail.com,2005-04-23,Kolkata,full,2025-09-14,suresh9338@okbank
C04670,Fatima Kulkarni,6876547029,fatima.kulkarni69@gmail.com,2003-02-15,Mumbai,pending,2020-03-05,fatima7029@sbi
C04671,Priya Sharma,9472632309,priya.sharma14@gmail.com,1966-03-26,Delhi,full,2024-02-07,priya2309@ybl
C04672,Sanjay Mehta,6686382062,,1990-10-01,Mumbai,pending,2024-02-24,sanjay2062@ybl
C04673,Swati Reddy,6402583262,swati.reddy20@gmail.com,1988-10-20,Ahmedabad,full,2024-01-03,swati3262@hdfcbank
C04674,Suresh Pillai,8606847773,suresh.pillai26@gmail.com,2004-10-31,,full,2025-10-01,suresh7773@okbank
C04675,Rohan Reddy,6848634139,rohan.reddy19@gmail.com,1973-07-27,Chennai,full,2026-04-11,rohan4139@icici
C04676,Pooja Nair,8950577214,pooja.nair81@gmail.com,1987-04-18,Lucknow,full,2024-04-08,pooja7214@paytm
C04677,F. Khan,8920778713,,1977-02-21,Kolkata,min,2023-04-29,farhan8713@okbank
C04678,Nisha Yadav,8395798347,nisha.yadav93@gmail.com,1978-08-22,Mumbai,full,2024-03-28,nisha8347@icici
C04679,Vijay Chopra,9613702048,vijay.chopra41@gmail.com,1990-11-10,Chennai,min,2023-02-26,vijay2048@icici
C04680,Sanjay Singh,9227210620,sanjay.singh57@gmail.com,1961-02-04,Lucknow,full,2021-01-06,sanjay0620@okbank
C04681,Neha Khan,7210945208,neha.khan89@gmail.com,1998-03-05,Bengaluru,full,2020-02-19,neha5208@okbank
C04682,Isha Nair,6885186202,,1984-03-04,Delhi,pending,2025-04-28,isha6202@okbank
C04683,Swati Das,6426229113,swati.das20@gmail.com,1970-09-27,Delhi,min,2023-10-18,swati9113@okbank
C04684,Sunita Das,7702752772,,1961-08-28,Jaipur,min,2022-06-09,sunita2772@paytm
C04685,Vikram Das,8582123472,vikram.das97@gmail.com,1983-05-26,Hyderabad,full,2025-04-25,vikram3472@axl
C04686,Suresh Joshi,8539720279,suresh.joshi92@gmail.com,1961-05-27,Ahmedabad,full,2024-08-15,suresh0279@hdfcbank
C04687,Deepak Gupta,7189520140,deepak.gupta30@gmail.com,1987-04-29,Jaipur,full,2022-11-05,deepak0140@axl
C04688,Sunita Menon,6782000478,sunita.menon43@gmail.com,1987-06-20,Kolkata,full,2024-08-30,sunita0478@icici
C04689,Harsh Desai,9515716943,harsh.desai34@gmail.com,1983-01-08,Kolkata,full,2019-09-09,harsh6943@okbank
C04690,Nisha Singh,7460975997,,1997-07-13,Chennai,min,2023-01-03,nisha5997@axl
C04691,Divya Khan,7200817135,,1968-09-15,Mumbai,full,2024-08-16,divya7135@paytm
C04692,Anjali Yadav,8805981955,anjali.yadav88@gmail.com,1976-05-09,Delhi,pending,2021-10-24,anjali1955@ybl
C04693,Priya Kulkarni,8256626668,,1969-06-29,Jaipur,min,2025-06-06,priya6668@icici
C04694,Priya Joshi,6098965503,,2003-06-05,Lucknow,pending,2020-04-07,priya5503@paytm
C04695,Nisha Desai,6435701007,,1980-07-16,Hyderabad,min,2025-01-15,nisha1007@sbi
C04696,Tarun Singh,7524445265,tarun.singh78@gmail.com,2006-02-17,Pune,full,2020-12-05,tarun5265@paytm
C04697,Priya Khan,8747677627,,2002-07-23,Mumbai,full,2023-01-03,priya7627@axl
C04698,Vikram Nair,6145298918,vikram.nair36@gmail.com,1982-03-11,Delhi,full,2021-03-28,
C04699,Imran Joshi,7369372018,,1986-04-30,Chennai,min,2020-01-25,imran2018@axl
C04700,Anjali Gupta,8680315971,anjali.gupta45@gmail.com,1994-10-06,Lucknow,min,2020-10-25,
C04701,Ritu Sharma,9352262026,,2002-12-08,Lucknow,full,2020-10-30,ritu2026@sbi
C04702,Sanjay Verma,9460709502,sanjay.verma21@gmail.com,1967-03-15,Ahmedabad,min,2026-01-03,sanjay9502@okbank
C04703,Deepak Das,7223862056,,1977-07-06,Pune,full,2020-01-17,deepak2056@axl
C04704,Ritu Pillai,9078775932,ritu.pillai89@gmail.com,1987-12-25,Chennai,full,2020-04-24,ritu5932@hdfcbank
C04705,Neha Menon,7896356914,neha.menon22@gmail.com,1978-03-12,Chennai,full,2021-04-28,neha6914@icici
C04706,Ritu Bose,9148887353,,2006-02-03,Hyderabad,min,2022-05-06,ritu7353@paytm
C04707,Divya Bose,7569306906,divya.bose8@gmail.com,2004-08-31,Jaipur,full,2025-11-18,divya6906@sbi
C04708,Suresh Verma,9920715641,suresh.verma58@gmail.com,1981-06-20,Mumbai,full,2023-02-26,suresh5641@sbi
C04709,P. Khan,7416718647,priya.khan40@gmail.com,1983-11-23,Hyderabad,full,2020-05-14,priya8647@ybl
C04710,S. Gupta,9712229226,sneha.gupta3@gmail.com,1970-02-17,Lucknow,full,2020-05-23,sneha9226@sbi
C04711,Pooja Desai,8928532438,,,Lucknow,min,2024-06-30,pooja2438@axl
C04712,Tarun Iyer,6434535223,tarun.iyer89@gmail.com,1992-09-15,Mumbai,full,2025-11-13,tarun5223@icici
C04713,Karan Yadav,7468856730,karan.yadav92@gmail.com,1996-06-29,Chennai,full,2019-12-22,karan6730@okbank
C04714,Rahul Shaikh,8465994587,rahul.shaikh5@gmail.com,1973-05-25,Bengaluru,full,2022-06-03,rahul4587@axl
C04715,Priya Khan,7173270094,priya.khan90@gmail.com,1997-10-25,Chennai,full,2024-01-29,priya0094@paytm
C04716,Rohan Kulkarni,8749670863,rohan.kulkarni27@gmail.com,1996-06-12,,full,2023-12-15,rohan0863@axl
C04717,Arjun Mehta,9020218583,,1986-01-01,Delhi,full,2020-10-18,arjun8583@okbank
C04718,Karan Mehta,7200345913,karan.mehta59@gmail.com,2001-12-21,Chennai,min,2023-12-06,karan5913@icici
C04719,Deepak Yadav,8708458114,deepak.yadav24@gmail.com,1993-01-27,Pune,min,2020-12-16,deepak8114@axl
C04720,V. Pillai,8313992259,vikram.pillai99@gmail.com,1991-04-04,,pending,2022-04-24,vikram2259@icici
C04721,Arjun Menon,7955397697,,1989-02-15,Kolkata,min,2024-12-26,arjun7697@okbank
C04722,Vijay Bose,9367342165,,,Delhi,full,2023-05-05,vijay2165@hdfcbank
C04723,Amit Desai,6471918205,amit.desai34@gmail.com,1996-05-15,Ahmedabad,full,2021-07-19,amit8205@sbi
C04724,Manish Shaikh,8083856586,manish.shaikh25@gmail.com,1961-07-17,Mumbai,min,2019-09-23,manish6586@icici
C04725,V. Desai,6193415256,vijay.desai17@gmail.com,1970-07-01,Chennai,full,2022-08-02,vijay5256@okbank
C04726,Anjali Verma,7040142291,anjali.verma62@gmail.com,1988-06-07,Ahmedabad,full,2023-06-12,anjali2291@okbank
C04727,Arjun Menon,9436825704,,1982-11-30,Ahmedabad,full,2022-01-02,arjun5704@icici
C04728,Sanjay Patel,9812572758,,1980-07-10,Pune,min,2023-08-08,sanjay2758@paytm
C04729,Sunita Bose,8818266832,sunita.bose71@gmail.com,2002-06-12,Lucknow,full,2026-02-13,sunita6832@icici
C04730,Fatima Bose,6250276931,fatima.bose46@gmail.com,1990-10-27,Delhi,min,2021-03-02,fatima6931@sbi
C04731,M. Chopra,6920536522,meera.chopra38@gmail.com,1971-10-05,Bengaluru,min,2024-06-24,meera6522@sbi
C04732,Anjali Khan,6835034069,,,Chennai,full,2019-11-18,anjali4069@icici
C04733,P. Menon,8203096504,priya.menon32@gmail.com,1994-07-04,Mumbai,full,2020-01-02,priya6504@ybl
C04734,Rahul Yadav,7415514338,rahul.yadav88@gmail.com,1983-09-14,Ahmedabad,full,2024-03-12,rahul4338@hdfcbank
C04735,S. Bose,6124199471,,1999-07-08,Mumbai,full,2020-06-04,sanjay9471@hdfcbank
C04736,Swati Singh,8306445286,swati.singh66@gmail.com,1987-07-21,Lucknow,full,2025-05-12,swati5286@okbank
C04737,Rohan Pillai,9288658904,rohan.pillai82@gmail.com,1988-03-21,Lucknow,full,2023-07-04,rohan8904@paytm
C04738,Rahul Bose,6438382256,rahul.bose97@gmail.com,1966-11-29,Hyderabad,full,2020-11-07,rahul2256@icici
C04739,R. Pillai,6441075818,,1972-12-20,Jaipur,full,2025-02-18,rahul5818@okbank
C04740,Kavita Reddy,9488389946,,1987-06-14,Lucknow,min,2022-08-11,kavita9946@paytm
C04741,Sunita Sharma,9652814368,sunita.sharma36@gmail.com,1994-12-16,Kolkata,full,2022-11-17,sunita4368@paytm
C04742,Aarti Desai,8872415403,aarti.desai47@gmail.com,1978-02-12,Jaipur,full,2026-05-11,aarti5403@hdfcbank
C04743,Farhan Khan,6088800135,,,Ahmedabad,min,2020-01-23,farhan0135@paytm
C04744,Divya Das,9898742793,,2002-06-24,Ahmedabad,full,2024-01-02,divya2793@ybl
C04745,Manish Khan,9387789265,manish.khan67@gmail.com,2000-08-24,Jaipur,min,2023-06-29,manish9265@ybl
C04746,Karan Verma,8668777482,karan.verma70@gmail.com,1969-10-27,Chennai,min,2020-12-23,karan7482@icici
C04747,V. Shaikh,9931857462,vijay.shaikh62@gmail.com,1983-12-27,Bengaluru,min,2023-07-12,vijay7462@icici
C04748,F. Bose,8318530989,fatima.bose9@gmail.com,1961-06-26,Bengaluru,min,2019-12-17,fatima0989@okbank
C04749,Sunita Chopra,7064188431,,1984-06-02,Lucknow,full,2023-07-08,sunita8431@hdfcbank
C04750,Meera Shaikh,8344394707,meera.shaikh7@gmail.com,1987-04-11,Bengaluru,full,2024-12-03,meera4707@ybl
C04751,Kavita Bose,8969232856,kavita.bose50@gmail.com,2004-01-31,Hyderabad,full,2020-02-28,kavita2856@okbank
C04752,P. Sharma,6980362866,pooja.sharma31@gmail.com,1983-09-22,Lucknow,full,2021-12-12,pooja2866@okbank
C04753,Aarti Nair,9940629170,aarti.nair29@gmail.com,2002-11-29,Bengaluru,full,2023-08-14,aarti9170@paytm
C04754,Vikram Bose,9544471955,,1971-05-05,Bengaluru,full,2021-12-07,vikram1955@axl
C04755,Isha Desai,7954789911,isha.desai81@gmail.com,1992-03-27,Kolkata,full,2022-07-11,isha9911@okbank
C04756,Vijay Chopra,8728433952,,1995-02-15,Bengaluru,pending,2020-06-12,vijay3952@okbank
C04757,Vikram Patel,6149071331,vikram.patel13@gmail.com,1965-06-23,Hyderabad,min,2023-01-18,vikram1331@paytm
C04758,Rahul Nair,9082595257,rahul.nair44@gmail.com,1993-09-29,Pune,full,2023-10-07,rahul5257@okbank
C04759,Neha Nair,8719499191,neha.nair1@gmail.com,1975-10-02,,min,2022-04-01,neha9191@okbank
C04760,Aarti Menon,6156479873,,2003-08-11,Ahmedabad,min,2026-03-21,aarti9873@icici
C04761,Priya Desai,9257424373,priya.desai86@gmail.com,,Ahmedabad,full,2025-04-19,priya4373@hdfcbank
C04762,V. Iyer,9811167447,vijay.iyer70@gmail.com,1979-11-28,Lucknow,full,2024-04-28,
C04763,Harsh Desai,7160584870,,1971-10-05,Mumbai,full,2024-02-26,harsh4870@axl
C04764,Suresh Verma,7038214642,suresh.verma35@gmail.com,1974-12-09,Ahmedabad,full,2021-05-28,suresh4642@axl
C04765,Amit Das,7046787661,,1967-10-09,Jaipur,full,2020-08-07,amit7661@axl
C04766,Divya Chopra,8133619675,divya.chopra59@gmail.com,1996-08-14,Kolkata,min,2020-02-28,divya9675@okbank
C04767,Rahul Sharma,9861513373,rahul.sharma88@gmail.com,1981-06-03,Ahmedabad,full,2020-08-12,rahul3373@okbank
C04768,Anjali Khan,8620222723,,1961-05-21,Lucknow,full,2022-04-03,anjali2723@icici
C04769,Aarti Shaikh,9585866221,aarti.shaikh84@gmail.com,1999-01-25,Bengaluru,min,2025-06-25,aarti6221@sbi
C04770,Imran Khan,7666845190,imran.khan79@gmail.com,1971-01-27,Chennai,min,2025-01-10,imran5190@paytm
C04771,Anjali Reddy,6333806205,anjali.reddy85@gmail.com,1979-03-24,Ahmedabad,min,2025-12-13,anjali6205@paytm
C04772,Priya Pillai,7117196603,priya.pillai1@gmail.com,1995-07-21,Hyderabad,full,2022-11-05,priya6603@hdfcbank
C04773,I. Iyer,7511176114,,1982-11-23,Kolkata,min,2025-12-05,imran6114@paytm
C04774,Karan Iyer,8603270143,karan.iyer47@gmail.com,1994-01-01,Jaipur,full,2023-11-02,karan0143@icici
C04775,Divya Desai,7513671338,divya.desai5@gmail.com,1982-07-25,Kolkata,min,2024-04-12,divya1338@okbank
C04776,Sanjay Mehta,7628410685,sanjay.mehta43@gmail.com,1970-01-04,Pune,min,2024-11-27,sanjay0685@ybl
C04777,Vikram Sharma,6116352984,vikram.sharma34@gmail.com,1973-08-25,Kolkata,pending,2023-12-28,vikram2984@ybl
C04778,Sunita Bose,6578177084,,1985-11-25,Pune,full,2024-10-14,sunita7084@paytm
C04779,Amit Joshi,6602570040,,1968-02-06,Lucknow,full,2022-11-04,amit0040@paytm
C04780,Vijay Nair,6413657160,,1966-07-31,Bengaluru,full,2023-12-22,vijay7160@icici
C04781,Imran Reddy,8516098909,,1992-07-03,Mumbai,min,2021-11-25,imran8909@paytm
C04782,Sunita Kulkarni,6190097688,sunita.kulkarni74@gmail.com,1984-08-03,Jaipur,full,2026-01-21,
C04783,Nisha Bose,8007966384,,1963-12-02,Mumbai,full,2025-08-25,nisha6384@icici
C04784,Rahul Reddy,7987941704,rahul.reddy67@gmail.com,1985-01-18,Lucknow,full,2023-09-08,
C04785,Farhan Nair,9275284920,farhan.nair40@gmail.com,1987-07-31,Hyderabad,full,2026-05-25,farhan4920@axl
C04786,Vijay Menon,8218322802,vijay.menon13@gmail.com,1977-01-22,Lucknow,pending,2022-12-07,vijay2802@sbi
C04787,Rahul Sharma,9919138781,rahul.sharma56@gmail.com,1979-07-04,Pune,min,2025-05-25,rahul8781@axl
C04788,Imran Chopra,7214758807,imran.chopra73@gmail.com,1984-12-13,Chennai,full,2024-11-06,imran8807@okbank
C04789,Suresh Menon,8683142318,,1961-10-20,Ahmedabad,pending,2020-07-30,suresh2318@hdfcbank
C04790,Suresh Singh,8544868485,,2002-09-09,Kolkata,pending,2022-08-04,suresh8485@icici
C04791,Imran Pillai,9851784393,,1980-08-10,Bengaluru,full,2020-03-06,imran4393@paytm
C04792,Fatima Kulkarni,6159594997,fatima.kulkarni30@gmail.com,1994-01-16,Delhi,full,2025-04-14,fatima4997@icici
C04793,Imran Menon,6467881201,imran.menon9@gmail.com,,Chennai,full,2020-08-05,imran1201@okbank
C04794,Meera Bose,7089316848,,1986-07-31,Delhi,full,2023-03-21,meera6848@sbi
C04795,Fatima Patel,8035823104,fatima.patel38@gmail.com,1974-04-21,Ahmedabad,min,2020-06-04,fatima3104@paytm
C04796,Imran Desai,6131455086,imran.desai91@gmail.com,1987-11-05,Mumbai,full,2026-01-28,imran5086@paytm
C04797,Isha Das,6530634445,isha.das79@gmail.com,1987-10-18,Lucknow,min,2021-04-17,
C04798,Ritu Yadav,9526522340,ritu.yadav34@gmail.com,1976-04-22,Mumbai,full,2021-02-11,ritu2340@icici
C04799,Fatima Singh,6027361890,,1964-11-22,Kolkata,full,2021-05-20,fatima1890@sbi
C04800,Suresh Shaikh,6980128245,suresh.shaikh72@gmail.com,1982-10-13,Hyderabad,full,2023-10-07,suresh8245@okbank
C04801,Fatima Verma,6147442215,fatima.verma15@gmail.com,1984-03-24,Ahmedabad,full,2025-06-08,fatima2215@paytm
C04802,Nisha Verma,8808042508,nisha.verma87@gmail.com,1998-01-26,Chennai,min,2023-11-26,nisha2508@paytm
C04803,F. Kulkarni,8024001067,fatima.kulkarni46@gmail.com,1981-03-13,,full,2024-12-01,fatima1067@sbi
C04804,Vijay Joshi,9727750259,,,Chennai,full,2020-06-07,vijay0259@hdfcbank
C04805,Rohan Shaikh,9422499743,rohan.shaikh89@gmail.com,1998-04-05,Delhi,full,2025-12-21,rohan9743@ybl
C04806,Divya Pillai,6906725378,divya.pillai95@gmail.com,1998-04-21,Jaipur,min,2025-03-28,divya5378@okbank
C04807,Isha Shaikh,8546397462,,1991-08-04,Bengaluru,min,2025-03-24,isha7462@icici
C04808,Rohan Das,6469884370,rohan.das29@gmail.com,1974-12-08,Hyderabad,full,2019-11-16,rohan4370@paytm
C04809,R. Das,6085437794,rahul.das68@gmail.com,2004-04-30,Kolkata,full,2024-07-17,rahul7794@sbi
C04810,Amit Joshi,6870248443,,2000-11-19,Delhi,full,2022-01-22,amit8443@paytm
C04811,Isha Iyer,7486750209,,,Chennai,min,2021-10-04,isha0209@icici
C04812,Suresh Gupta,6878883105,suresh.gupta52@gmail.com,2003-05-12,Pune,full,2025-04-03,suresh3105@icici
C04813,Meera Patel,8623532097,meera.patel89@gmail.com,1975-07-14,Mumbai,full,2025-03-22,meera2097@paytm
C04814,Sanjay Nair,7320193299,sanjay.nair79@gmail.com,2002-10-24,Delhi,full,2025-06-29,sanjay3299@sbi
C04815,V. Das,9257774994,vikram.das45@gmail.com,1996-02-29,Delhi,min,2021-04-05,
C04816,Rahul Iyer,9666729630,,2001-02-22,Bengaluru,full,2021-05-15,rahul9630@axl
C04817,Meera Das,7790662007,meera.das2@gmail.com,,Bengaluru,full,2019-11-07,meera2007@axl
C04818,Anjali Bose,6714960152,,1983-09-21,Jaipur,full,2025-08-08,anjali0152@sbi
C04819,D. Shaikh,6144001766,deepak.shaikh40@gmail.com,1966-09-03,Jaipur,min,2020-03-13,deepak1766@sbi
C04820,Swati Nair,7549607983,,1961-01-09,Mumbai,full,2025-09-03,swati7983@hdfcbank
C04821,A. Joshi,6149057569,arjun.joshi52@gmail.com,1965-08-15,Delhi,min,2022-12-24,arjun7569@hdfcbank
C04822,Sanjay Iyer,9533536559,,2001-05-15,Kolkata,min,2026-04-25,sanjay6559@icici
C04823,Suresh Kulkarni,7135246011,,1967-12-28,Pune,min,2024-12-03,suresh6011@icici
C04824,Sunita Bose,9143997080,sunita.bose53@gmail.com,1962-08-15,Jaipur,min,2024-04-22,sunita7080@okbank
C04825,Sneha Kulkarni,9449574022,sneha.kulkarni95@gmail.com,1966-11-05,Mumbai,min,2024-12-11,sneha4022@icici
C04826,Deepak Desai,7247708048,,1972-07-26,Hyderabad,min,2020-05-07,deepak8048@okbank
C04827,Sanjay Joshi,7642311001,sanjay.joshi18@gmail.com,1987-02-08,Ahmedabad,min,2021-06-26,sanjay1001@axl
C04828,Isha Singh,8320878949,isha.singh69@gmail.com,1971-03-07,Ahmedabad,min,2019-09-30,isha8949@hdfcbank
C04829,Imran Kulkarni,9314309270,,1985-07-19,Pune,full,2023-07-28,imran9270@hdfcbank
C04830,Sneha Nair,9497605475,sneha.nair25@gmail.com,1983-05-26,Delhi,min,2021-06-28,sneha5475@hdfcbank
C04831,Karan Iyer,8574068235,karan.iyer76@gmail.com,1990-12-20,Delhi,full,2022-02-05,karan8235@ybl
C04832,Pooja Pillai,6616412566,pooja.pillai52@gmail.com,1977-11-08,Delhi,min,2022-10-25,pooja2566@icici
C04833,Isha Kulkarni,8395547445,,1962-11-18,Lucknow,min,2022-07-25,isha7445@ybl
C04834,Vikram Reddy,7965774272,,1986-02-14,Lucknow,pending,2020-08-17,vikram4272@ybl
C04835,Isha Menon,8661745230,isha.menon30@gmail.com,1986-05-03,Ahmedabad,full,2022-01-30,isha5230@okbank
C04836,Karan Shaikh,9763954467,,1983-01-01,Hyderabad,full,2020-06-15,karan4467@ybl
C04837,Swati Joshi,9721275206,swati.joshi63@gmail.com,1991-04-02,Pune,min,2022-12-25,swati5206@axl
C04838,Manish Pillai,9767259694,manish.pillai63@gmail.com,1978-03-12,Jaipur,full,2021-06-11,manish9694@axl
C04839,Suresh Yadav,8607890848,,1963-12-31,Hyderabad,full,2025-09-09,suresh0848@axl
C04840,Tarun Shaikh,7340581854,tarun.shaikh86@gmail.com,1999-10-22,Hyderabad,full,2022-01-07,tarun1854@icici
C04841,Sanjay Patel,6998555911,sanjay.patel47@gmail.com,2000-07-15,,min,2026-01-13,sanjay5911@icici
C04842,Vikram Sharma,9829898145,,1965-02-13,Pune,full,2022-01-12,vikram8145@hdfcbank
C04843,Pooja Khan,9593465891,pooja.khan81@gmail.com,2002-02-04,Jaipur,full,2024-11-29,pooja5891@ybl
C04844,P. Shaikh,8078302576,priya.shaikh98@gmail.com,1989-02-23,,min,2021-03-06,priya2576@okbank
C04845,Rohan Nair,7299009428,rohan.nair49@gmail.com,1969-12-20,Lucknow,min,2021-06-17,rohan9428@paytm
C04846,Sanjay Chopra,6239554485,sanjay.chopra68@gmail.com,1996-06-12,Chennai,full,2024-12-09,sanjay4485@ybl
C04847,Rahul Bose,8928509451,rahul.bose63@gmail.com,1962-09-12,Pune,full,2024-06-15,rahul9451@hdfcbank
C04848,Vijay Iyer,9808059471,,,Hyderabad,full,2025-12-22,vijay9471@axl
C04849,Suresh Gupta,8339347766,,1962-04-23,Chennai,full,2024-08-29,suresh7766@sbi
C04850,Fatima Kulkarni,8400982237,fatima.kulkarni22@gmail.com,1964-12-08,Mumbai,min,2021-07-20,fatima2237@axl
C04851,Ritu Nair,8092216825,ritu.nair41@gmail.com,1985-01-07,Bengaluru,min,2022-10-12,ritu6825@okbank
C04852,Meera Mehta,9857465398,,1999-12-10,Pune,full,2025-09-27,meera5398@paytm
C04853,Imran Desai,8006516333,imran.desai2@gmail.com,1973-06-28,Bengaluru,min,2021-11-20,imran6333@sbi
C04854,Farhan Mehta,6964198713,,1982-06-21,Chennai,full,2021-01-19,farhan8713@okbank
C04855,S. Chopra,9462521765,,1993-01-03,Kolkata,full,2024-01-18,sunita1765@sbi
C04856,Amit Bose,7889422046,amit.bose7@gmail.com,1976-10-13,Pune,min,2025-09-22,amit2046@okbank
C04857,K. Iyer,9331964712,,1967-05-02,Lucknow,pending,2021-01-24,kavita4712@okbank
C04858,Fatima Sharma,6187376404,,1963-08-07,Delhi,full,2024-09-23,fatima6404@sbi
C04859,Farhan Reddy,7544601807,farhan.reddy4@gmail.com,1983-02-12,Pune,full,2020-03-16,farhan1807@icici
C04860,Imran Bose,7508323118,imran.bose54@gmail.com,1965-11-30,Delhi,pending,2020-12-05,imran3118@paytm
C04861,Kavita Chopra,6080714203,kavita.chopra88@gmail.com,2001-07-09,Chennai,full,2022-08-31,kavita4203@axl
C04862,Meera Kulkarni,9916237817,meera.kulkarni13@gmail.com,1999-03-11,Mumbai,min,2020-12-07,meera7817@icici
C04863,Manish Reddy,7616501145,manish.reddy61@gmail.com,1980-06-12,Ahmedabad,min,2024-09-17,manish1145@icici
C04864,Kavita Chopra,7128292253,kavita.chopra15@gmail.com,1963-05-29,Pune,min,2021-06-20,kavita2253@icici
C04865,Rohan Sharma,9255594172,,2003-08-24,Hyderabad,full,2024-02-27,rohan4172@ybl
C04866,Swati Pillai,8370186304,swati.pillai11@gmail.com,1964-01-31,Hyderabad,full,2024-03-20,swati6304@icici
C04867,Farhan Reddy,6480273204,farhan.reddy33@gmail.com,1977-08-15,Mumbai,min,2021-07-21,farhan3204@icici
C04868,Priya Menon,6212087950,priya.menon49@gmail.com,1997-08-17,Bengaluru,min,2022-03-10,priya7950@axl
C04869,Vijay Reddy,6561433916,vijay.reddy51@gmail.com,1989-11-01,,full,2020-09-21,vijay3916@sbi
C04870,Aarti Kulkarni,7658819724,,1989-03-05,Lucknow,full,2020-04-13,aarti9724@sbi
C04871,Nisha Verma,7883841536,nisha.verma82@gmail.com,1983-08-06,Bengaluru,full,2023-05-21,nisha1536@axl
C04872,Priya Pillai,9858288775,priya.pillai33@gmail.com,1961-12-03,,full,2025-05-01,priya8775@icici
C04873,Isha Nair,6491298250,isha.nair18@gmail.com,2004-11-12,Mumbai,min,2022-05-18,isha8250@axl
C04874,Fatima Gupta,7565420605,fatima.gupta27@gmail.com,1982-11-27,Bengaluru,full,2026-02-04,fatima0605@ybl
C04875,Anjali Verma,6287742860,anjali.verma57@gmail.com,1983-04-24,Kolkata,min,2022-04-30,anjali2860@okbank
C04876,Fatima Desai,6822223652,,1995-11-25,Delhi,pending,2022-12-10,fatima3652@okbank
C04877,Nisha Reddy,9556284894,,1983-04-02,Bengaluru,min,2025-10-15,nisha4894@icici
C04878,Suresh Menon,8855642864,suresh.menon98@gmail.com,1978-02-01,Kolkata,full,2024-10-06,suresh2864@icici
C04879,Arjun Patel,6367319701,,1985-09-24,Bengaluru,min,2024-07-26,arjun9701@sbi
C04880,R. Shaikh,8890734403,,2005-03-09,Jaipur,min,2023-06-14,ritu4403@ybl
C04881,Imran Patel,8601232440,imran.patel86@gmail.com,2004-07-27,Hyderabad,full,2021-11-12,imran2440@icici
C04882,Meera Joshi,6763087591,meera.joshi39@gmail.com,1967-02-04,Pune,full,2023-12-07,meera7591@hdfcbank
C04883,Rahul Singh,9033037972,rahul.singh89@gmail.com,1997-07-06,,full,2021-11-17,rahul7972@hdfcbank
C04884,Divya Yadav,7201477819,,1977-09-23,Chennai,full,2025-12-27,divya7819@hdfcbank
C04885,Fatima Patel,9922749635,fatima.patel15@gmail.com,1990-03-31,Jaipur,full,2020-08-24,fatima9635@okbank
C04886,Fatima Yadav,6631914193,fatima.yadav48@gmail.com,1986-10-25,Bengaluru,min,2022-10-26,fatima4193@hdfcbank
C04887,Pooja Iyer,8062505165,pooja.iyer66@gmail.com,1976-10-01,Jaipur,min,2020-08-29,pooja5165@sbi
C04888,Sneha Patel,7459088072,,1973-04-10,Jaipur,full,2020-06-21,sneha8072@hdfcbank
C04889,Sunita Menon,7657147721,sunita.menon27@gmail.com,1990-01-30,Chennai,full,2021-01-22,sunita7721@sbi
C04890,Tarun Iyer,7256363367,tarun.iyer28@gmail.com,1978-12-09,Pune,full,2022-10-06,tarun3367@ybl
C04891,Manish Menon,7396969103,manish.menon84@gmail.com,1964-09-10,Pune,min,2025-11-02,manish9103@ybl
C04892,Tarun Kulkarni,7321922800,tarun.kulkarni85@gmail.com,1983-11-06,Jaipur,full,2021-12-07,tarun2800@icici
C04893,Aarti Iyer,9558880706,,,Pune,min,2022-02-18,aarti0706@ybl
C04894,Rohan Shaikh,6313815334,,1968-04-21,Kolkata,full,2020-10-21,rohan5334@okbank
C04895,Tarun Singh,6079819175,tarun.singh34@gmail.com,1979-04-22,Kolkata,full,2020-04-22,tarun9175@sbi
C04896,Rohan Bose,6353133246,rohan.bose40@gmail.com,1974-08-03,Kolkata,min,2019-08-28,rohan3246@okbank
C04897,Neha Das,8142907331,neha.das56@gmail.com,1980-06-26,Ahmedabad,full,2021-01-25,neha7331@hdfcbank
C04898,Sanjay Khan,7516301346,sanjay.khan87@gmail.com,1995-04-28,Kolkata,min,2023-02-02,sanjay1346@ybl
C04899,Divya Singh,7543323474,,1981-05-22,Jaipur,full,2022-05-03,divya3474@ybl
C04900,Neha Verma,9189160633,,1985-11-09,Jaipur,min,2025-08-30,neha0633@ybl
C04901,Karan Verma,9781202990,karan.verma53@gmail.com,1983-05-26,Bengaluru,full,2025-12-05,karan2990@ybl
C04902,Rahul Pillai,6841532383,,1982-04-02,Pune,min,2022-04-24,rahul2383@ybl
C04903,Arjun Verma,7606431220,arjun.verma60@gmail.com,1963-02-16,Kolkata,full,2025-09-29,arjun1220@icici
C04904,Karan Mehta,8678047459,karan.mehta48@gmail.com,2000-01-09,Chennai,full,2022-09-07,karan7459@ybl
C04905,Ritu Verma,8229448322,ritu.verma76@gmail.com,1997-07-04,Mumbai,full,2022-11-06,ritu8322@sbi
C04906,Aarti Menon,8114505696,,1991-10-09,Chennai,full,2024-02-24,aarti5696@icici
C04907,Sunita Das,7525813747,,1963-12-24,Pune,full,2022-12-17,sunita3747@ybl
C04908,N. Desai,8578012495,,1984-01-04,Jaipur,full,2021-02-22,nisha2495@axl
C04909,Divya Reddy,6166315861,divya.reddy94@gmail.com,1996-05-24,Bengaluru,full,2020-10-07,divya5861@axl
C04910,Farhan Verma,7796954276,farhan.verma7@gmail.com,2000-06-06,Ahmedabad,min,2023-08-29,farhan4276@hdfcbank
C04911,Suresh Sharma,9394250629,suresh.sharma99@gmail.com,2001-06-14,Pune,pending,2024-02-16,suresh0629@paytm
C04912,D. Khan,8074136390,divya.khan19@gmail.com,1973-10-03,Bengaluru,full,2022-03-01,divya6390@paytm
C04913,Deepak Gupta,6829715736,deepak.gupta85@gmail.com,1966-01-27,Chennai,full,2024-02-14,deepak5736@sbi
C04914,Harsh Iyer,7156234403,harsh.iyer71@gmail.com,1971-03-03,Hyderabad,full,2025-11-22,harsh4403@hdfcbank
C04915,Sanjay Mehta,9028261525,sanjay.mehta85@gmail.com,1972-07-14,Delhi,full,2021-05-14,sanjay1525@axl
C04916,V. Kulkarni,7461281036,,1964-08-10,Ahmedabad,full,2025-06-28,vijay1036@sbi
C04917,Amit Kulkarni,6094855532,,1999-11-09,Delhi,min,2020-08-26,amit5532@okbank
C04918,Vijay Bose,7467110843,,2005-01-30,Mumbai,min,2024-03-31,vijay0843@ybl
C04919,Kavita Patel,8274607806,kavita.patel77@gmail.com,2000-10-03,,pending,2024-05-01,kavita7806@ybl
C04920,Deepak Patel,8350476814,deepak.patel57@gmail.com,2000-11-12,Lucknow,full,2025-04-03,deepak6814@paytm
C04921,S. Nair,7182117702,,1999-11-12,Delhi,pending,2021-06-27,sunita7702@okbank
C04922,Arjun Shaikh,7444023966,arjun.shaikh5@gmail.com,1995-11-23,Lucknow,full,2023-02-24,arjun3966@axl
C04923,Vijay Joshi,6360724930,vijay.joshi31@gmail.com,2001-08-05,Hyderabad,full,2021-01-17,vijay4930@axl
C04924,Swati Singh,8810158432,,1981-06-18,Chennai,min,2026-02-07,swati8432@axl
C04925,Priya Desai,7750305930,priya.desai23@gmail.com,1970-08-02,Kolkata,full,2023-03-26,priya5930@axl
C04926,Divya Sharma,8719311268,divya.sharma69@gmail.com,1999-03-04,Chennai,min,2023-12-15,divya1268@ybl
C04927,Anjali Gupta,9560491312,anjali.gupta28@gmail.com,1982-11-15,Bengaluru,min,2023-04-10,anjali1312@okbank
C04928,Neha Yadav,7540258068,,1961-07-12,Chennai,full,2026-04-25,neha8068@hdfcbank
C04929,Harsh Patel,7073303711,harsh.patel79@gmail.com,1993-03-03,Jaipur,min,2026-04-27,harsh3711@ybl
C04930,Priya Desai,8439536891,priya.desai41@gmail.com,1990-03-28,Ahmedabad,full,2023-09-13,priya6891@axl
C04931,Amit Menon,6066198833,amit.menon1@gmail.com,1969-06-17,Bengaluru,min,2024-11-24,amit8833@okbank
C04932,Nisha Reddy,6666265894,nisha.reddy95@gmail.com,2001-11-17,Chennai,min,2024-08-09,nisha5894@sbi
C04933,Sunita Iyer,7408944735,,1969-08-22,Delhi,full,2025-03-29,sunita4735@ybl
C04934,Kavita Desai,7822361935,,1968-09-21,Jaipur,min,2021-08-01,kavita1935@okbank
C04935,Harsh Kulkarni,9972278391,harsh.kulkarni69@gmail.com,1978-01-07,Chennai,full,2021-12-07,harsh8391@paytm
C04936,Rahul Pillai,8546697722,,1991-05-30,Jaipur,min,2022-05-18,rahul7722@okbank
C04937,Fatima Khan,8085926341,fatima.khan44@gmail.com,1978-03-29,Ahmedabad,full,2024-03-14,fatima6341@okbank
C04938,Arjun Gupta,8081556713,arjun.gupta77@gmail.com,1974-07-08,Kolkata,pending,2022-09-11,arjun6713@okbank
C04939,N. Verma,6459419090,,1977-11-29,Bengaluru,full,2023-12-12,neha9090@okbank
C04940,Swati Reddy,9218779479,swati.reddy86@gmail.com,1987-08-02,Jaipur,min,2025-08-05,swati9479@ybl
C04941,Vijay Sharma,9117240481,vijay.sharma27@gmail.com,1985-10-26,Ahmedabad,full,2024-04-30,vijay0481@ybl
C04942,Sneha Mehta,9516001104,,1969-11-04,Bengaluru,full,2026-01-05,sneha1104@axl
C04943,Sunita Iyer,8340381085,sunita.iyer45@gmail.com,1988-01-14,Bengaluru,full,2021-03-10,sunita1085@hdfcbank
C04944,R. Yadav,9943322301,,1962-05-05,Chennai,min,2022-06-09,rahul2301@axl
C04945,Priya Iyer,8952752904,,1971-08-28,Hyderabad,full,2023-10-28,priya2904@sbi
C04946,Priya Khan,7385801087,priya.khan30@gmail.com,1994-04-21,Lucknow,full,2024-06-03,priya1087@okbank
C04947,Sunita Bose,9463270993,,,Chennai,full,2020-11-19,sunita0993@hdfcbank
C04948,Isha Nair,6979604734,isha.nair80@gmail.com,1999-05-23,Bengaluru,full,2022-05-15,isha4734@paytm
C04949,Neha Shaikh,8570172273,neha.shaikh12@gmail.com,1985-06-26,Delhi,full,2021-01-28,neha2273@axl
C04950,Rohan Verma,6834036198,rohan.verma78@gmail.com,1963-02-05,Delhi,min,2020-05-17,rohan6198@ybl
C04951,Divya Shaikh,7095231627,divya.shaikh53@gmail.com,1992-01-24,Mumbai,full,2023-05-03,divya1627@okbank
C04952,Karan Bose,9713112102,karan.bose63@gmail.com,1963-01-13,Lucknow,full,2022-12-11,karan2102@hdfcbank
C04953,Priya Khan,9800354996,priya.khan9@gmail.com,1998-04-10,Bengaluru,full,2020-02-29,priya4996@ybl
C04954,Deepak Kulkarni,9778091651,,,Delhi,min,2023-09-29,deepak1651@paytm
C04955,S. Patel,7895578422,sanjay.patel23@gmail.com,1993-01-15,Lucknow,full,2021-06-18,sanjay8422@icici
C04956,Divya Pillai,6846104197,divya.pillai46@gmail.com,2005-12-11,Ahmedabad,full,2026-03-21,divya4197@axl
C04957,S. Iyer,9208648165,,1982-05-16,Jaipur,full,2023-01-28,sanjay8165@ybl
C04958,P. Mehta,9954501503,pooja.mehta78@gmail.com,1995-12-24,Hyderabad,full,2020-03-25,pooja1503@sbi
C04959,Farhan Kulkarni,7172147129,farhan.kulkarni7@gmail.com,1977-11-18,Mumbai,min,2026-05-25,farhan7129@okbank
C04960,Sunita Desai,8946306160,sunita.desai66@gmail.com,1992-07-30,Bengaluru,full,2024-01-08,sunita6160@axl
C04961,Meera Patel,7312575962,,1968-06-05,Bengaluru,full,2020-02-10,meera5962@icici
C04962,Pooja Das,7485705090,,1969-10-09,Lucknow,pending,2022-01-12,pooja5090@paytm
C04963,Neha Das,6157714099,neha.das42@gmail.com,1973-09-07,Bengaluru,min,2020-08-27,neha4099@paytm
C04964,Swati Chopra,9629480631,swati.chopra37@gmail.com,1983-09-06,Jaipur,full,2023-05-15,swati0631@paytm
C04965,Rohan Verma,9422035056,rohan.verma89@gmail.com,1988-12-29,Delhi,min,2024-10-29,rohan5056@ybl
C04966,Kavita Chopra,9467175871,kavita.chopra33@gmail.com,1982-10-08,Lucknow,full,2020-10-08,kavita5871@ybl
C04967,Sunita Singh,8779972061,sunita.singh29@gmail.com,1995-08-17,Jaipur,min,2023-12-23,sunita2061@okbank
C04968,Deepak Das,6349227431,deepak.das97@gmail.com,2001-09-14,Bengaluru,full,2025-03-27,deepak7431@axl
C04969,Karan Iyer,8361744092,,1970-06-19,Pune,pending,2019-08-29,karan4092@icici
C04970,Rahul Bose,9029392505,rahul.bose77@gmail.com,1967-05-06,Ahmedabad,full,2019-11-10,rahul2505@sbi
C04971,Divya Reddy,7703577212,,1985-06-13,,full,2020-10-01,divya7212@ybl
C04972,A. Nair,9727156261,aarti.nair20@gmail.com,1973-10-16,Mumbai,min,2020-08-08,aarti6261@sbi
C04973,P. Desai,8139812152,pooja.desai52@gmail.com,1964-07-29,Jaipur,full,2021-06-04,pooja2152@icici
C04974,Manish Bose,8904292119,manish.bose66@gmail.com,2000-03-04,Delhi,full,2022-11-11,manish2119@sbi
C04975,Arjun Desai,8947669182,,1980-09-23,Hyderabad,full,2022-03-20,arjun9182@ybl
C04976,Vikram Nair,9760380922,,1986-12-05,Pune,full,2022-08-21,vikram0922@axl
C04977,Arjun Mehta,7313216969,arjun.mehta77@gmail.com,2002-03-23,Ahmedabad,full,2025-02-21,arjun6969@ybl
C04978,Arjun Nair,7781389474,,1968-01-04,Kolkata,full,2021-11-05,arjun9474@ybl
C04979,Fatima Khan,6846782075,,1967-01-06,Jaipur,full,2026-05-22,fatima2075@okbank
C04980,Kavita Reddy,7434318563,kavita.reddy25@gmail.com,1990-08-05,,pending,2024-03-08,kavita8563@axl
C04981,Neha Reddy,8653945924,neha.reddy49@gmail.com,,Hyderabad,full,2022-06-26,neha5924@icici
C04982,Farhan Singh,7878599021,farhan.singh30@gmail.com,1964-03-29,Ahmedabad,full,2023-06-11,farhan9021@hdfcbank
C04983,Aarti Pillai,9347126352,,,Delhi,min,2021-03-24,aarti6352@paytm
C04984,Sunita Shaikh,7860089138,sunita.shaikh72@gmail.com,1985-11-17,Bengaluru,full,2024-08-14,sunita9138@paytm
C04985,Rohan Yadav,9030117023,,1976-07-21,Hyderabad,full,2020-03-20,rohan7023@icici
C04986,Fatima Khan,7220573120,fatima.khan68@gmail.com,1968-09-17,Bengaluru,pending,2022-11-24,fatima3120@okbank
C04987,Fatima Sharma,9602121852,fatima.sharma39@gmail.com,1996-05-29,Kolkata,full,2024-10-29,fatima1852@paytm
C04988,Amit Nair,9765837991,amit.nair37@gmail.com,1993-02-15,Ahmedabad,full,2020-10-17,amit7991@okbank
C04989,Sunita Nair,7570322156,,1968-04-08,Lucknow,full,2024-04-14,sunita2156@ybl
C04990,A. Pillai,9362376475,aarti.pillai29@gmail.com,1972-11-30,Mumbai,full,2020-11-30,aarti6475@sbi
C04991,Harsh Patel,6101296651,harsh.patel20@gmail.com,2005-05-20,,full,2021-06-10,harsh6651@okbank
C04992,I. Reddy,9543145308,imran.reddy23@gmail.com,1971-05-05,Ahmedabad,full,2021-06-16,imran5308@okbank
C04993,Amit Das,6687904749,amit.das68@gmail.com,2003-07-11,Hyderabad,full,2021-01-07,amit4749@hdfcbank
C04994,Sneha Iyer,7212125690,,1969-03-08,Bengaluru,full,2024-11-30,sneha5690@hdfcbank
C04995,R. Khan,7492871715,rohan.khan36@gmail.com,1977-10-01,Jaipur,full,2022-02-02,rohan1715@sbi
C04996,Vikram Pillai,9681412460,vikram.pillai50@gmail.com,,Bengaluru,full,2021-01-13,vikram2460@paytm
C04997,Pooja Kulkarni,8252601572,,1986-12-20,Kolkata,min,2021-07-24,pooja1572@paytm
C04998,Sanjay Chopra,7906231110,sanjay.chopra80@gmail.com,1991-01-01,Jaipur,min,2025-09-12,sanjay1110@axl
C04999,Meera Singh,9067230964,,1975-01-23,Bengaluru,pending,2021-06-03,meera0964@icici
C05000,Karan Gupta,8879559076,karan.gupta58@gmail.com,1995-02-18,Ahmedabad,min,2025-09-15,karan9076@ybl
C05001,Sanjay Shaikh,7755212848,sanjay.shaikh39@gmail.com,1970-02-17,Jaipur,min,2026-06-13,sanjay2848@paytm
C05002,Anjali Reddy,7489667828,anjali.reddy49@gmail.com,1989-07-26,Chennai,min,2026-06-04,anjali7828@ybl
C05003,Manish Das,7646587422,manish.das79@gmail.com,1982-04-19,Ahmedabad,min,2026-06-01,manish7422@ybl
C05004,Vijay Mehta,9537399975,vijay.mehta94@gmail.com,2004-08-12,Lucknow,min,2026-06-03,vijay9975@okbank
C05005,Suresh Verma,9048991229,,1981-05-03,Lucknow,min,2026-06-24,suresh1229@ybl
C05006,Kavita Khan,6380957875,kavita.khan36@gmail.com,1987-05-21,Mumbai,min,2026-06-09,kavita7875@paytm
C05007,Swati Nair,9898474415,swati.nair62@gmail.com,1999-02-16,Bengaluru,min,2026-06-19,swati4415@paytm
C05008,Arjun Patel,8016144976,,1993-04-14,Hyderabad,min,2026-06-08,arjun4976@icici
C05009,Karan Reddy,7414401746,karan.reddy45@gmail.com,1980-05-29,,min,2026-06-06,karan1746@axl
C05010,Divya Nair,6218537715,divya.nair18@gmail.com,1978-08-27,Lucknow,min,2026-06-16,divya7715@sbi
C05011,Anjali Gupta,8668634409,anjali.gupta73@gmail.com,1987-10-08,Chennai,min,2026-06-23,anjali4409@hdfcbank
C05012,Arjun Das,7696022775,arjun.das47@gmail.com,1995-07-08,Hyderabad,min,2026-06-17,arjun2775@icici
C05013,Rohan Das,6004898810,rohan.das65@gmail.com,1981-12-16,Hyderabad,min,2026-06-10,rohan8810@icici
C05014,Nisha Patel,6361206095,nisha.patel61@gmail.com,2003-05-24,Bengaluru,min,2026-06-19,nisha6095@okbank
C05015,Rahul Mehta,8486842884,rahul.mehta38@gmail.com,1989-01-16,Delhi,min,2026-06-10,rahul2884@ybl
C05016,Manish Menon,9149866155,,,Ahmedabad,min,2026-06-28,manish6155@hdfcbank
C05017,Priya Shaikh,7446041373,priya.shaikh21@gmail.com,1984-11-08,Lucknow,min,2026-06-21,priya1373@okbank
C05018,Farhan Joshi,7348989866,farhan.joshi31@gmail.com,,Bengaluru,min,2026-06-24,farhan9866@icici
C05019,Rahul Joshi,9871534526,rahul.joshi43@gmail.com,1970-07-16,Hyderabad,min,2026-06-10,rahul4526@axl
C05020,Sneha Gupta,8907137794,sneha.gupta66@gmail.com,1983-05-25,Hyderabad,min,2026-06-01,sneha7794@axl
C05021,Ritu Menon,9151618821,ritu.menon53@gmail.com,2002-05-26,Delhi,min,2026-06-26,ritu8821@paytm
C05022,Arjun Das,9528151062,arjun.das12@gmail.com,1962-02-11,,min,2026-06-12,arjun1062@ybl
C05023,Nisha Desai,6221545385,nisha.desai95@gmail.com,1987-08-05,Mumbai,min,2026-06-28,nisha5385@paytm
C05024,Divya Iyer,8942946458,divya.iyer53@gmail.com,1983-05-04,Hyderabad,min,2026-06-06,divya6458@paytm
C05025,Isha Sharma,9740344364,,,Hyderabad,min,2026-06-05,isha4364@sbi
C05026,Manish Singh,7960315518,manish.singh12@gmail.com,1961-05-23,Kolkata,min,2026-06-08,manish5518@axl
C05027,Arjun Das,9438806686,,1994-05-31,Pune,min,2026-06-13,arjun6686@sbi
C05028,Neha Nair,6300176394,,1966-07-13,Chennai,min,2026-06-14,neha6394@icici
C05029,R. Singh,7082950345,rohan.singh65@gmail.com,1990-03-02,Kolkata,min,2026-06-27,rohan0345@paytm
C05030,Vikram Verma,9249015121,vikram.verma76@gmail.com,1963-07-08,Chennai,min,2026-06-03,vikram5121@okbank
C05031,Divya Gupta,7141561927,divya.gupta25@gmail.com,,Hyderabad,min,2026-06-08,divya1927@paytm
C05032,Tarun Singh,8815001957,,1998-09-27,Pune,min,2026-06-07,tarun1957@hdfcbank
C05033,Karan Yadav,9729489790,karan.yadav14@gmail.com,1975-11-05,Chennai,min,2026-06-05,karan9790@ybl
C05034,Sunita Patel,6796387184,sunita.patel41@gmail.com,1985-06-04,Mumbai,min,2026-06-05,sunita7184@axl
C05035,Neha Verma,8133450747,neha.verma42@gmail.com,1963-06-18,Chennai,min,2026-06-22,neha0747@icici
C05036,Swati Verma,6995250475,,1992-01-01,,min,2026-06-04,swati0475@paytm
C05037,Karan Shaikh,9316513228,,2001-04-02,Kolkata,min,2026-06-09,karan3228@icici
C05038,Karan Singh,8723639790,karan.singh33@gmail.com,1976-09-09,Ahmedabad,min,2026-06-27,karan9790@okbank
C05039,S. Joshi,8364495916,,1970-05-26,Bengaluru,min,2026-06-22,sunita5916@hdfcbank
C05040,Harsh Desai,8631558230,harsh.desai23@gmail.com,1986-02-26,,min,2026-06-16,harsh8230@axl
