cust_id,full_name,phone,email,dob,city,kyc_status,account_open_date,upi_vpa
C02074,harsh das,89662 95530,harsh.das95@gmail.com,2005-11-03,Jaipur,pending,25-11-2019,harsh5530@okbank
C03821,Harsh Khan,7289630261,harsh.khan54@gmail.com,"Jun 24, 2005",hyderabad,,04 Jul 2020,harsh0261@sbi
C03197,sanjay reddy,91-6700522579,sanjay.reddy20@gmail.com,19/05/61,Chennai,MIN,17-06-2020,sanjay2579@axl
C01171,"Gupta, Divya",6137314542,divya.gupta21@gmail.com,01-11-1995,ahmedabad,full,16-09-2022,divya4542@hdfcbank
C04948,Isha  Nair ,6979604734,isha.nair80@gmail.com,1999-05-23,bangalore,Full KYC,15 May 2022,isha4734@paytm
C01548,Ritu Verma,9441110667,ritu.verma63@gmail.com,29/09/81,lucknow,min kyc,08-08-2025,ritu0667@axl
C04593,Priya Kulkarni,9336734657,unknown,29/09/62,Lucknow,minimum,08 Oct 2020,priya4657@icici
C02687,rahul chopra,6541991505,N/A,22-03-1993,Madras,Full KYC,17-04-2024,rahul1505@icici
C03315,"Singh, Sneha",+916857219948,sneha.singh11@gmail.com,1994-02-14,chennai,full_kyc,22 Aug 2021,sneha9948@hdfcbank
C02999,"Yadav, Divya",89887 85456,N/A,24-07-2001,New Delhi,FULL,01 Apr 2020,divya5456@sbi
C00643,Isha Reddy,+918089190882,,01/06/65,jaipur,full,10-03-2024,isha0882@ybl
C04962,Pooja Das,7485705090,N/A,09-10-1969,Lucknow,pending,2022-01-12,pooja5090@paytm
C04483,Vikram Patel,+919898306234,,13/09/65,jaipur,full,02-11-2020,vikram6234@hdfcbank
C01540,Suresh Menon,07311752215,suresh.menon81@gmail.com,06-07-1991,Bangalore,PENDING,2022-09-06,suresh2215@axl
C01718,"Reddy, Vijay",+918013778982,,"Nov 12, 1995",kolkata,full,04-08-2020,vijay8982@okbank
C03752,Sanjay Patel,8999452973,sanjay.patel25@gmail.com,18/10/69,ahmedabad,min kyc,12-03-2024,sanjay2973@ybl
C01724,Rohan Reddy,7875984914,rohan.reddy16@gmail.com,1965-04-10,hyderabad,FULL,15-02-2024,rohan4914@icici
C00846,Suresh Sharma,9667368687,NULL,02-01-1996,kolkata,minimum,11-09-2022,suresh8687@axl
C01450,Pooja Singh,06967501331,pooja.singh56@gmail.com,"Jul 31, 1961",Madras,FULL,2021-06-09,pooja1331@sbi
C03935,"Iyer, Rahul",6968708998,rahul.iyer22@gmail.com,31-10-1991,Lucknow,full_kyc,27-04-2022,rahul8998@sbi
C02117,Karan Sharma,9890404294,unknown,NULL,Poona,min,12 Apr 2025,karan4294@axl
C03734,Kavita Reddy,8512899444,,02/09/67,hyderabad,minimum,18 Jan 2021,kavita9444@sbi
C01999,Sneha  Sharma ,9636165894,sneha.sharma98@gmail.com,24-08-1975,BLR,FULL,16 May 2020,sneha5894@ybl
C00986,meera nair,65665 10346,meera.nair30@gmail.com,2003-10-19,Poona,NA,2020-06-09,meera0346@axl
C02193,Anjali Iyer,07523215459,anjali.iyer61@gmail.com,"Feb 25, 2003",Bombay,,25 May 2024,anjali5459@paytm
C01068,Suresh Pillai,06117098376,suresh.pillai63@gmail.com,NULL,,min,2024-02-27,suresh8376@sbi
C03862,Priya Pillai,91-6997502263,,04/10/90,Delhi,FULL,22-11-2019,priya2263@icici
C02957,Imran Chopra,6056641883,imran.chopra21@gmail.com,1980-02-19,Amdavad,full_kyc,2022-12-22,imran1883@ybl
C01508,Nisha Patel,6670300512,nisha.patel19@gmail.com,1983-08-23,lucknow,MIN,2025-07-01,nisha0512@ybl
C01786,Sneha Joshi,9146509089,sneha.joshi61@gmail.com,"Nov 13, 1988",ahmedabad,full_kyc,2020-12-29,sneha9089@okbank
C02238,Anjali Gupta,8605493757,NULL,1976-11-04,delhi,full_kyc,2020-03-07,anjali3757@hdfcbank
C02900,Tarun Sharma,7973750130,tarun.sharma67@gmail.com,1974-10-14,jaipur,Full KYC,16-09-2021,tarun0130@axl
C01722,Sneha Yadav,6319387101,NULL,1999-09-11,Jaipur,full_kyc,19-04-2025,sneha7101@hdfcbank
C03599,R. Kulkarni,08205790469,unknown,1980-03-16,Madras,FULL,22 Feb 2021,rohan0469@icici
C04264,"Bose, Vikram",91-6624509341,vikram.bose39@gmail.com,02-09-1970,pune,full_kyc,10 Aug 2022,vikram9341@okbank
C02843,ISHA YADAV,+919603961886,isha.yadav71@gmail.com,"Jun 26, 1991",Lucknow,PENDING,2019-09-30,isha1886@hdfcbank
C00325,Vijay Sharma,8628979677,vijay.sharma68@gmail.com,2000-08-30,Madras,min,17-01-2021,vijay9677@okbank
C04138,Deepak Bose,+918156198060,deepak.bose25@gmail.com,1974-06-04,Mumbai,Full KYC,2024-07-12,deepak8060@axl
C02474,Neha Joshi,8539415457,neha.joshi11@gmail.com,NULL,Pune,FULL,2021-06-03,neha5457@sbi
C02453,Suresh Kulkarni,06296109565,suresh.kulkarni17@gmail.com,"Oct 28, 1973",Chennai,min kyc,12 May 2020,suresh9565@hdfcbank
C04429,"Verma, Anjali",+919987687904,anjali.verma80@gmail.com,26-05-1993,pune,full,18 Jun 2021,anjali7904@sbi
C01956,ROHAN MENON,8221172532,rohan.menon51@gmail.com,03/12/66,Bengaluru,FULL,2020-03-22,rohan2532@axl
C00943,Tarun Shaikh,6307595219,N/A,06-12-1968,Kolkata,FULL,14-12-2023,tarun5219@hdfcbank
C03036,T. Das,9969042176,tarun.das65@gmail.com,1977-11-29,,min kyc,09-10-2021,tarun2176@paytm
C04140,SANJAY JOSHI,91-6360731970,sanjay.joshi25@gmail.com,06-12-2002,ahmedabad,min,29 Apr 2023,sanjay1970@okbank
C03660,Tarun Verma,9290599221,tarun.verma50@gmail.com,19-01-1973,ahmedabad,min,03 Jan 2021,tarun9221@hdfcbank
C00577,Sanjay Khan,9886602284,sanjay.khan93@gmail.com,30-12-1989,HYD,minimum,2021-10-21,sanjay2284@sbi
C00236,Karan Gupta,8322624835,karan.gupta44@gmail.com,2001-05-26,Kolkata,full_kyc,27 Feb 2026,karan4835@ybl
C03313,"Pillai, Ritu",8689249959,ritu.pillai80@gmail.com,1980-09-12,mumbai,minimum,27 Oct 2022,ritu9959@hdfcbank
C04842,Vikram Sharma,9829898145,,1965-02-13,Poona,Full KYC,2022-01-12,vikram8145@hdfcbank
C00769,Ritu Joshi,7062660660,ritu.joshi59@gmail.com,1991-05-21,Bengaluru,min kyc,05-05-2021,ritu0660@paytm
C03095,Harsh Verma,78691 80669,harsh.verma61@gmail.com,25/12/99,lucknow,MIN,2025-05-10,harsh0669@hdfcbank
C00243,Fatima Iyer,7823097392,,04/01/64,Poona,Full KYC,13 May 2025,fatima7392@icici
C00423,Karan Pillai,09457284772,unknown,17/09/76,Kolkata,FULL,28 Jul 2021,karan4772@sbi
C00417,Farhan Desai,7977902874,farhan.desai13@gmail.com,"May 27, 1997",lucknow,MIN,14-04-2026,farhan2874@sbi
C04183,Meera Sharma,9962745462,,1970-04-22,Chennai,full,06-12-2019,meera5462@paytm
C01557,"Joshi, Neha",07295754194,unknown,26/10/65,Chennai,,2025-05-22,neha4194@okbank
C01461,Isha Menon,+917616999729,,1999-12-17,Jaipur,full_kyc,2023-07-11,isha9729@paytm
C02614,Nisha Chopra,81641 26705,NULL,1992-09-25,Bombay,min,16-03-2022,nisha6705@icici
C03331,Isha Menon,63792 01733,N/A,1985-11-15,Chennai,minimum,2021-06-04,isha1733@axl
C03825,KARAN KHAN,8648024199,,10-06-1970,Mumbai,FULL,2026-05-05,karan4199@hdfcbank
C02345,FARHAN GUPTA,6094198767,farhan.gupta15@gmail.com,"Nov 14, 1974",MUMBAI,PENDING,2024-04-12,farhan8767@okbank
C03423,V. Joshi,9119245223,unknown,07-03-1982,bangalore,MIN,03 Dec 2025,vijay5223@hdfcbank
C00079,Meera  Iyer ,+916539575080,meera.iyer15@gmail.com,"Sep 17, 1995",Chennai,Full KYC,2026-03-27,meera5080@paytm
C04392,Tarun Verma,9314438923,tarun.verma57@gmail.com,1993-07-11,Kolkata,FULL,2024-11-08,tarun8923@hdfcbank
C00927,Amit  Kulkarni ,80079 67013,amit.kulkarni44@gmail.com,1961-02-03,Lucknow,full,2021-03-20,amit7013@hdfcbank
C00531,R. Pillai,8851103747,N/A,02/02/84,jaipur,FULL,09-04-2021,rahul3747@okbank
C00406,Aarti Shaikh,6397431150,NULL,"May 16, 1978",Lucknow,full_kyc,2020-09-16,aarti1150@paytm
C03196,"Shaikh, Farhan",6411586917,N/A,1969-04-15,kolkata,Full KYC,2021-02-27,farhan6917@ybl
C04449,Isha Chopra,7750460284,isha.chopra3@gmail.com,"Jun 30, 1961",Jaipur,MIN,28 Dec 2020,isha0284@okbank
C00954,M. Patel,7940048949,manish.patel29@gmail.com,NULL,jaipur,,17-12-2025,manish8949@sbi
C00045,Arjun Desai,7827495822,arjun.desai68@gmail.com,2004-12-05,bangalore,FULL,26 Dec 2020,arjun5822@paytm
C00023,AARTI PILLAI,8442497105,N/A,27-01-1991,New Delhi,minimum,13 Oct 2023,aarti7105@axl
C00431,Nisha Chopra,6365362592,nisha.chopra95@gmail.com,1972-02-18,Hyderabad,FULL,11 Aug 2021,nisha2592@hdfcbank
C03286,Vikram Reddy,91-8942431894,unknown,"Mar 21, 2001",HYD,,24-04-2021,vikram1894@icici
C02927,Farhan Mehta,6614778241,farhan.mehta21@gmail.com,"Jun 22, 1977",ahmedabad,full,21 Apr 2025,farhan8241@hdfcbank
C04409,MANISH VERMA,+916361346433,manish.verma1@gmail.com,2004-12-14,kolkata,Full KYC,20 Jan 2020,manish6433@sbi
C03072,Manish Verma,8274595265,manish.verma32@gmail.com,1988-04-27,HYD,MIN,24 Dec 2021,manish5265@okbank
C00364,Swati Yadav,6101414184,swati.yadav61@gmail.com,2000-08-11,Madras,PENDING,16-02-2020,swati4184@sbi
C00217,Sneha Iyer,8686431645,sneha.iyer65@gmail.com,12-11-1997,Mumbai,full,25 Dec 2024,sneha1645@icici
C02147,Kavita Singh,9090047390,kavita.singh3@gmail.com,15-04-1976,kolkata,full_kyc,07-04-2020,kavita7390@sbi
C04340,Fatima Kulkarni,91-6651443923,fatima.kulkarni53@gmail.com,14-07-1996,delhi,FULL,23 Jun 2025,fatima3923@okbank
C00164,sunita patel,+917336986730,sunita.patel87@gmail.com,24-10-1979,Poona,min kyc,2022-06-27,sunita6730@paytm
C03810,Neha Bose,7802940442,neha.bose33@gmail.com,11/04/03,Calcutta,FULL,2022-02-18,neha0442@paytm
C02998,SUNITA KHAN,8677606985,sunita.khan8@gmail.com,17/09/79,bangalore,FULL,2026-03-05,sunita6985@ybl
C01440,Manish Joshi,6196003526,manish.joshi5@gmail.com,"Oct 11, 1989",Pune,full,05 Feb 2022,manish3526@icici
C04417,Aarti Singh,65741 42867,aarti.singh85@gmail.com,"May 03, 1969",Calcutta,minimum,2020-12-31,aarti2867@hdfcbank
C02898,Rohan  Iyer ,8601613724,rohan.iyer45@gmail.com,22/10/72,Mumbai,full,18 Jun 2024,rohan3724@icici
C02940,Deepak Yadav,+918248943563,N/A,"Jun 10, 1991",Amdavad,min kyc,11 Apr 2024,deepak3563@paytm
C01399,"Nair, Sanjay",7093841545,sanjay.nair65@gmail.com,"Sep 22, 2000",Calcutta,FULL,02-10-2023,sanjay1545@okbank
C04241,F. Das,+917446343876,,NULL,Jaipur,full,09 Dec 2022,farhan3876@ybl
C04164,Anjali  Patel ,09628338614,anjali.patel99@gmail.com,1993-12-23,HYD,pending,25 Mar 2022,anjali8614@sbi
C03532,Vijay Gupta,66437 32946,vijay.gupta41@gmail.com,N/A,Bengaluru,full_kyc,11-10-2021,vijay2946@ybl
C01224,Tarun Reddy,+919958460440,tarun.reddy20@gmail.com,08-06-1974,hyderabad,Full KYC,21-11-2021,tarun0440@okbank
C03552,Kavita Pillai,+919994464501,kavita.pillai9@gmail.com,03-06-1983,Bengaluru,min kyc,21 Feb 2025,kavita4501@hdfcbank
C03990,Priya Desai,+919879658086,,31/12/78,HYD,minimum,20 Oct 2025,priya8086@paytm
C00529,Aarti Reddy,8672019678,,1982-05-30,bangalore,FULL,2025-08-21,aarti9678@ybl
C04454,Suresh Menon,9450117454,suresh.menon95@gmail.com,10-04-1965,Jaipur,Full KYC,2021-06-07,suresh7454@sbi
C04151,"Singh, Manish",6107476758,manish.singh30@gmail.com,"Apr 11, 1985",HYD,minimum,24-05-2026,manish6758@okbank
C00618,P. Mehta,9247291840,priya.mehta17@gmail.com,21/12/90,Jaipur,min kyc,25-04-2025,priya1840@sbi
C02654,Isha Desai,+919012258635,,2002-08-08,Bangalore,pending,2024-09-08,isha8635@sbi
C03889,Tarun Desai,9020397510,tarun.desai93@gmail.com,13/06/83,HYD,pending,22 Oct 2019,tarun7510@paytm
C00548,"Patel, Swati",08179648543,NULL,1973-05-15,DELHI,FULL,2022-03-14,swati8543@hdfcbank
C00115,Arjun Das,91-8452129541,arjun.das29@gmail.com,"Aug 06, 1990",pune,full,30 Aug 2023,arjun9541@sbi
C03079,Amit Nair,83010 29548,,22-05-1999,jaipur,full,12-02-2022,
C03629,Fatima Das,91-9099759410,fatima.das96@gmail.com,NULL,Kolkata,full,20-09-2021,fatima9410@okbank
C02213,manish desai,09652401692,NULL,20-12-2004,Ahmedabad,Full KYC,26-02-2021,manish1692@sbi
C03639,VIKRAM IYER,6814139466,vikram.iyer89@gmail.com,"Dec 23, 1980",ahmedabad,Full KYC,14 May 2021,vikram9466@ybl
C03126,Rahul Pillai,6098762787,rahul.pillai40@gmail.com,30/06/02,Ahmedabad,min,28-09-2024,rahul2787@paytm
C00797,Amit Singh,9722300512,,"May 11, 2001",Poona,full,2023-10-06,amit0512@icici
C03583,SWATI DESAI,6585417353,swati.desai60@gmail.com,"Mar 03, 1998",bangalore,Full KYC,27-08-2023,swati7353@paytm
C02112,Sunita Yadav,+918219296999,,26/03/90,Calcutta,full_kyc,2023-04-09,sunita6999@okbank
C02555,Tarun Verma,+918741764295,tarun.verma71@gmail.com,"Nov 15, 1981",kolkata,FULL,06-08-2024,tarun4295@okbank
C03743,kavita bose,8132927983,kavita.bose30@gmail.com,28-03-1977,Pune,minimum,23 Jun 2022,kavita7983@paytm
C02310,Divya Verma,95283 10076,divya.verma4@gmail.com,08/10/79,bangalore,min,19 Aug 2024,divya0076@sbi
C03483,Farhan Joshi,+919273332001,unknown,NULL,kolkata,pending,11-06-2021,farhan2001@paytm
C03683,Divya Shaikh,71237 72035,divya.shaikh31@gmail.com,"Oct 15, 1989",HYD,min,03-09-2019,divya2035@icici
C04266,Deepak  Pillai ,8493957465,deepak.pillai25@gmail.com,23/08/81,,full,16-04-2021,deepak7465@axl
C00952,Arjun Sharma,6372843905,arjun.sharma47@gmail.com,"Nov 05, 1972",DELHI,MIN,2024-08-07,arjun3905@icici
C04540,Arjun Patel,6481851722,,18/09/94,Pune,MIN,08 Sep 2022,arjun1722@hdfcbank
C01097,ANJALI SHAIKH,8744134028,,"Aug 13, 2002",delhi,FULL,18 Jun 2023,anjali4028@hdfcbank
C04349,A. Menon,97252 79604,arjun.menon67@gmail.com,1992-03-19,Ahmedabad,minimum,2023-05-08,arjun9604@icici
C02814,DEEPAK BOSE,+916997958378,deepak.bose43@gmail.com,N/A,lucknow,MIN,2025-10-19,deepak8378@icici
C03465,Aarti Nair,7989643431,N/A,"Nov 18, 1998",Ahmedabad,Full KYC,06 May 2023,aarti3431@hdfcbank
C04805,rohan shaikh,+919422499743,rohan.shaikh89@gmail.com,05-04-1998,delhi,full_kyc,2025-12-21,rohan9743@ybl
C90202,Nisha Khan,66029 03311,nisha.khan37@gmail.com,03/03/96,Lucknow,PENDING,27 Apr 2025,nisha3311@axl
C04504,Nisha Menon,+917893853014,nisha.menon35@gmail.com,"Jan 27, 1986",jaipur,minimum,2023-05-06,nisha3014@axl
C00361,"Khan, Fatima",8932345050,unknown,26-01-1982,jaipur,NA,16 Sep 2019,fatima5050@axl
C01387,SWATI CHOPRA,91-9329906033,swati.chopra50@gmail.com,1985-01-01,kolkata,MIN,03-06-2020,swati6033@hdfcbank
C02792,Farhan  Bose ,8009062941,unknown,,Jaipur,min kyc,2026-03-23,farhan2941@hdfcbank
C90199,Deepak Das,7004018018,unknown,18/12/02,Poona,full_kyc,2022-03-14,N/A
C01799,Rahul  Nair ,+916482976070,,19/12/80,BLR,MIN,01-08-2023,rahul6070@sbi
C04636,sneha nair,7811785393,NULL,"Aug 31, 1987",DELHI,full,2024-06-08,sneha5393@paytm
C04629,"Pillai, Ritu",9371392575,NULL,"Feb 18, 2003",Kolkata,Full KYC,13 Mar 2026,ritu2575@hdfcbank
C04428,Kavita Iyer,08248904719,kavita.iyer36@gmail.com,03-09-1976,Madras,full_kyc,30 Sep 2023,kavita4719@sbi
C90276,Rohan  Mehta ,91-8701051315,rohan.mehta91@gmail.com,14/06/01,BLR,min,10 Dec 2024,rohan1315@sbi
C04986,FATIMA KHAN,7220573120,fatima.khan68@gmail.com,17-09-1968,bangalore,,24-11-2022,fatima3120@okbank
C04503,Suresh Desai,94661 46877,suresh.desai74@gmail.com,20-08-1973,Ahmedabad,full_kyc,27 Sep 2020,suresh6877@sbi
C04431,Kavita Singh,67107 71296,kavita.singh49@gmail.com,,mumbai,,15 May 2024,kavita1296@hdfcbank
C02875,AMIT NAIR,7131701742,amit.nair21@gmail.com,"Aug 27, 1968",hyderabad,FULL,01 Jun 2020,amit1742@ybl
C04754,Vikram Bose,9544471955,,"May 05, 1971",Bengaluru,Full KYC,07 Dec 2021,vikram1955@axl
C02027,VIKRAM SHARMA,91-6997059443,vikram.sharma11@gmail.com,1992-06-16,mumbai,min,2022-08-15,vikram9443@icici
C03861,VIJAY GUPTA,73752 90592,vijay.gupta43@gmail.com,"Aug 16, 1974",Jaipur,FULL,10-03-2026,vijay0592@hdfcbank
C02762,PRIYA YADAV,8519273412,priya.yadav94@gmail.com,23/11/03,Kolkata,min kyc,03-02-2026,priya3412@axl
C04883,Rahul Singh,+919033037972,rahul.singh89@gmail.com,1997-07-06,,full_kyc,17-11-2021,rahul7972@hdfcbank
C05031,divya gupta,91-7141561927,divya.gupta25@gmail.com,N/A,HYD,minimum,08 Jun 2026,divya1927@paytm
C01681,"Iyer, Aarti",7442137541,N/A,NULL,Madras,MIN,2021-02-27,aarti7541@okbank
C01181,Rahul Singh,7164218664,rahul.singh7@gmail.com,15/12/72,Poona,Full KYC,16-11-2021,rahul8664@paytm
C01675,Swati Kulkarni,7464737972,swati.kulkarni81@gmail.com,05-07-1969,delhi,MIN,17-08-2022,swati7972@icici
C02877,swati reddy,6994086243,swati.reddy47@gmail.com,25-07-1965,jaipur,full,15 Jan 2024,swati6243@icici
C02403,Farhan Gupta,07703501240,farhan.gupta81@gmail.com,1995-10-03,bangalore,full,2021-05-31,farhan1240@hdfcbank
C90110,imran khan,6608262910,imran.khan14@gmail.com,09/01/62,Lucknow,MIN,22 Dec 2021,imran2910@hdfcbank
C01333,K. Joshi,06761082246,NULL,10-03-1981,New Delhi,min kyc,2024-08-28,karan2246@axl
C03073,Isha Verma,+918506195610,isha.verma7@gmail.com,N/A,jaipur,full,04 Nov 2025,isha5610@icici
C02608,I. Joshi,8327910166,isha.joshi77@gmail.com,1971-08-18,New Delhi,min,2021-02-09,isha0166@sbi
C02466,"Joshi, Anjali",7026580839,NULL,23/05/73,bangalore,minimum,2021-02-05,anjali0839@okbank
C04797,isha das,+916530634445,isha.das79@gmail.com,18-10-1987,Lucknow,min kyc,17 Apr 2021,N/A
C04931,AMIT MENON,6066198833,amit.menon1@gmail.com,17-06-1969,BLR,min,24-11-2024,amit8833@okbank
C00399,Aarti  Patel ,91-6884193638,NULL,1961-10-04,Delhi,full_kyc,02 Apr 2024,aarti3638@sbi
C00481,Rohan Reddy,+919127390118,rohan.reddy1@gmail.com,1977-12-11,lucknow,Full KYC,2024-05-24,rohan0118@axl
C00247,Farhan Chopra,7553485815,,"Apr 26, 2001",hyderabad,MIN,05-05-2020,farhan5815@paytm
C02788,farhan das,91-9905040480,farhan.das62@gmail.com,08/04/69,HYD,full,2020-05-26,farhan0480@ybl
C02050,Nisha Gupta,92221 13790,nisha.gupta91@gmail.com,11-06-1964,Amdavad,MIN,2023-10-10,nisha3790@paytm
C04654,fatima menon,91-6882966367,fatima.menon45@gmail.com,1984-03-21,jaipur,full,03-07-2022,fatima6367@okbank
C00938,Ritu Reddy,8706503984,ritu.reddy31@gmail.com,,Delhi,FULL,20 Jan 2023,ritu3984@axl
C03964,Priya  Patel ,6792346886,,13/02/81,ahmedabad,full,02-10-2024,priya6886@paytm
C00859,Amit Khan,7686660785,amit.khan83@gmail.com,"Apr 07, 1998",hyderabad,full,17-02-2024,amit0785@axl
C03410,Meera Shaikh,9345017900,meera.shaikh38@gmail.com,13/09/00,Hyderabad,FULL,2021-05-10,meera7900@ybl
C01649,Sunita  Khan ,+917866203577,sunita.khan82@gmail.com,"Mar 04, 1973",Bombay,FULL,22 Sep 2024,sunita3577@ybl
C04604,DIVYA YADAV,7405373732,divya.yadav51@gmail.com,26-07-1981,HYD,min kyc,2020-05-14,divya3732@paytm
C00015,Deepak Joshi,91-9370499022,deepak.joshi59@gmail.com,"Apr 24, 1992",DELHI,min,10 Apr 2022,deepak9022@paytm
C02970,Sunita  Sharma ,76170 84234,sunita.sharma84@gmail.com,27/07/73,DELHI,NA,22-09-2023,sunita4234@hdfcbank
C02116,Sunita Patel,06916183635,N/A,18-07-1971,Madras,full,02-09-2019,sunita3635@okbank
C02541,Fatima Kulkarni,7378245406,fatima.kulkarni37@gmail.com,NULL,lucknow,pending,2023-04-29,fatima5406@paytm
C00131,Sanjay Iyer,7640615372,sanjay.iyer36@gmail.com,"Aug 13, 1966",Lucknow,full_kyc,24 May 2020,sanjay5372@ybl
C01531,Fatima Desai,6114550334,fatima.desai69@gmail.com,"Oct 24, 1973",jaipur,min,2022-10-09,fatima0334@hdfcbank
C00150,isha mehta,8851602504,,23-09-2002,Hyderabad,min kyc,07-12-2022,isha2504@paytm
C01281,DIVYA GUPTA,74863 76924,divya.gupta96@gmail.com,02-05-1987,Lucknow,full,27-07-2024,divya6924@paytm
C90218,MEERA KULKARNI,+917786643317,meera.kulkarni2@gmail.com,18-01-1968,Jaipur,full,17 May 2025,meera3317@hdfcbank
C90281,Farhan Joshi,6844864897,NULL,18-08-1975,MUMBAI,full,29 Mar 2020,N/A
C03716,Amit Bose,09072612434,amit.bose73@gmail.com,13-01-1983,Mumbai,full_kyc,2022-06-20,amit2434@icici
C03135,Rohan Reddy,7225316576,unknown,27/07/05,jaipur,Full KYC,2024-08-24,rohan6576@hdfcbank
C04177,sneha kulkarni,6363045883,,21/07/94,Lucknow,Full KYC,2020-06-22,sneha5883@ybl
C02388,MEERA IYER,91-8916485798,,1965-06-06,Chennai,Full KYC,11-01-2023,meera5798@sbi
C03403,Deepak Pillai,+918518261096,NULL,1968-01-14,Jaipur,Full KYC,16 Jul 2025,deepak1096@ybl
C00635,F. Nair,8804357764,farhan.nair11@gmail.com,"Jul 31, 1985",,full_kyc,2024-08-13,farhan7764@paytm
C01712,Deepak Pillai,95258 76986,NULL,"Sep 14, 1998",mumbai,Full KYC,11 Aug 2020,deepak6986@icici
C02459,Sanjay Shaikh,8598001290,N/A,29/08/98,Jaipur,FULL,20 Feb 2022,sanjay1290@paytm
C04256,RITU DAS,09420329247,ritu.das88@gmail.com,1986-03-06,lucknow,full,27-12-2022,ritu9247@hdfcbank
C02982,Tarun Mehta,+916878233654,N/A,"Jan 14, 1978",Jaipur,min kyc,24-11-2019,tarun3654@paytm
C00208,Aarti Joshi,62938 01277,unknown,,bangalore,Full KYC,26 Mar 2022,aarti1277@okbank
C03366,Divya Shaikh,7913121992,N/A,10/09/73,New Delhi,FULL,14 Sep 2020,divya1992@hdfcbank
C90205,FARHAN GUPTA,9956521837,,1966-12-04,Delhi,minimum,2021-05-08,farhan1837@axl
C02893,Meera Mehta,7724395824,meera.mehta46@gmail.com,1994-11-27,hyderabad,FULL,27 Aug 2025,meera5824@axl
C01818,Vikram Chopra,+916134108053,vikram.chopra49@gmail.com,1992-04-21,lucknow,Full KYC,2023-10-17,vikram8053@ybl
C02536,Manish Iyer,91-8808580232,manish.iyer35@gmail.com,NULL,Calcutta,MIN,08-05-2021,manish0232@hdfcbank
C03216,Isha Mehta,6427541265,isha.mehta94@gmail.com,31/08/95,Poona,FULL,2021-11-20,isha1265@sbi
C03873,"Reddy, Divya",+918198951865,divya.reddy35@gmail.com,11-01-1979,jaipur,full,2023-08-14,divya1865@axl
C03835,"Khan, Rahul",91-7929158378,rahul.khan86@gmail.com,23/08/03,HYD,MIN,29-06-2024,rahul8378@hdfcbank
C90251,sunita chopra,94476 50329,sunita.chopra53@gmail.com,02/08/81,delhi,min kyc,03-12-2021,NULL
C02884,Nisha Desai,8571231132,nisha.desai45@gmail.com,1978-10-24,,MIN,2022-01-21,nisha1132@sbi
C03074,P. Sharma,91-7922394355,unknown,N/A,pune,full,13 Apr 2025,pooja4355@axl
C03949,Kavita Iyer,6241878405,,23-10-1979,Ahmedabad,full_kyc,05-01-2025,kavita8405@okbank
C03007,Isha Verma,6942718894,unknown,16-06-2000,ahmedabad,Full KYC,11 Jan 2026,isha8894@okbank
C01853,Meera  Bose ,91-7879035361,meera.bose2@gmail.com,NULL,bangalore,Full KYC,2020-01-28,meera5361@hdfcbank
C02728,Arjun Verma,7271256069,,07/08/05,Jaipur,pending,08-09-2023,arjun6069@icici
C03495,"Singh, Suresh",9590100240,suresh.singh60@gmail.com,1997-04-30,jaipur,min kyc,06 Dec 2019,suresh0240@sbi
C03796,sneha shaikh,8844949931,sneha.shaikh62@gmail.com,19-03-1985,DELHI,min kyc,2020-05-15,sneha9931@ybl
C04370,Sunita Sharma,9164375690,NULL,10-10-1999,Delhi,FULL,10 Sep 2022,sunita5690@hdfcbank
C04554,ANJALI GUPTA,+918311712502,,27-07-1980,Pune,Full KYC,2023-10-01,anjali2502@ybl
C02671,MEERA KULKARNI,+918840939688,meera.kulkarni61@gmail.com,06/06/94,jaipur,Full KYC,24 Dec 2020,meera9688@icici
C00817,Sanjay Singh,91-9987750920,sanjay.singh38@gmail.com,1963-08-22,lucknow,Full KYC,06-10-2021,sanjay0920@okbank
C02417,Vikram Yadav,08471761502,vikram.yadav74@gmail.com,21-11-1975,Jaipur,full_kyc,2022-08-01,vikram1502@ybl
C01303,Imran Mehta,9892357386,imran.mehta81@gmail.com,03/09/70,Hyderabad,full_kyc,14 Feb 2021,imran7386@icici
C01938,"Kulkarni, Rahul",09445625613,rahul.kulkarni74@gmail.com,2002-10-01,DELHI,full_kyc,2021-11-16,
C00209,Rahul Pillai,+919593793465,rahul.pillai7@gmail.com,11/06/75,BLR,full,2023-08-01,rahul3465@ybl
C02606,Sanjay Nair,+919821787804,,20-01-1973,Amdavad,minimum,28-11-2022,sanjay7804@paytm
C00085,SNEHA CHOPRA,91-9917726692,sneha.chopra73@gmail.com,06-03-1973,delhi,full,04-06-2021,sneha6692@okbank
C04042,ritu nair,62231 67866,ritu.nair61@gmail.com,20-08-1963,Madras,MIN,2022-09-18,ritu7866@ybl
C04033,Sneha Sharma,+917078811472,sneha.sharma80@gmail.com,23-11-1986,Amdavad,Full KYC,19 Feb 2020,sneha1472@hdfcbank
C90093,tarun shaikh,7276964077,tarun.shaikh40@gmail.com,2000-11-02,Ahmedabad,FULL,2022-12-10,N/A
C01795,K. Singh,8858307133,kavita.singh46@gmail.com,"Aug 20, 1981",Madras,full,08 Feb 2024,kavita7133@axl
C01176,Priya Chopra,9063281415,priya.chopra30@gmail.com,26/09/63,Jaipur,FULL,2021-05-20,priya1415@hdfcbank
C04845,Rohan Nair,7299009428,rohan.nair49@gmail.com,"Dec 20, 1969",lucknow,minimum,2021-06-17,rohan9428@paytm
C04015,KARAN GUPTA,8807031356,,23/05/91,New Delhi,Full KYC,14 Oct 2023,karan1356@hdfcbank
C01864,D. Desai,+917165173733,divya.desai75@gmail.com,07/11/64,bangalore,full_kyc,2025-03-01,divya3733@okbank
C03394,Manish Bose,91-6728227630,manish.bose45@gmail.com,02/04/91,BLR,full_kyc,2024-08-18,manish7630@sbi
C00450,Farhan Singh,8974847393,N/A,24/11/79,Pune,min,2025-10-29,farhan7393@hdfcbank
C02953,Vijay Patel,6162546086,vijay.patel22@gmail.com,28-12-1962,HYD,pending,2025-09-01,vijay6086@ybl
C04252,Fatima Chopra,8911603544,,"Jan 12, 1967",lucknow,full,25-01-2021,fatima3544@paytm
C01214,Deepak Patel,9667572035,,"Oct 10, 1979",New Delhi,NA,2022-12-04,deepak2035@okbank
C01474,Sunita Das,06377399968,,1970-11-16,Madras,min,23 Nov 2022,sunita9968@paytm
C03147,Vikram Kulkarni,91-9063970996,vikram.kulkarni10@gmail.com,1995-02-23,New Delhi,minimum,25-03-2022,vikram0996@icici
C03039,vikram menon,9220469446,vikram.menon95@gmail.com,14/12/78,Calcutta,full_kyc,11 Nov 2023,vikram9446@paytm
C04110,Divya Shaikh,9213097478,divya.shaikh83@gmail.com,NULL,Calcutta,MIN,07 Dec 2020,divya7478@ybl
C04917,amit kulkarni,+916094855532,NULL,"Nov 09, 1999",New Delhi,min kyc,26-08-2020,amit5532@okbank
C00132,Imran Singh,8649333134,imran.singh49@gmail.com,,HYD,PENDING,19 Oct 2019,imran3134@okbank
C03906,P. Reddy,7037681927,N/A,18-06-1977,Bangalore,FULL,09 Mar 2021,pooja1927@icici
C03527,FATIMA JOSHI,+919344535861,fatima.joshi4@gmail.com,17/10/96,pune,full,20-11-2019,fatima5861@axl
C02209,Swati  Kulkarni ,87875 49000,,08/02/90,Lucknow,Full KYC,17-09-2024,swati9000@ybl
C03847,MANISH DESAI,8140876806,manish.desai50@gmail.com,1987-05-13,Bengaluru,full_kyc,21 Jun 2024,manish6806@hdfcbank
C04699,IMRAN JOSHI,+917369372018,NULL,1986-04-30,Madras,MIN,25 Jan 2020,imran2018@axl
C00919,Swati Patel,+916789904338,swati.patel51@gmail.com,14/02/85,Lucknow,Full KYC,21-07-2020,swati4338@icici
C00468,"Bose, Suresh",7490724338,N/A,06-03-1985,New Delhi,pending,28-06-2021,suresh4338@ybl
C90033,PRIYA NAIR,+917581874041,unknown,29-04-1989,Jaipur,minimum,11-02-2020,
C02019,Isha Yadav,83228 03683,isha.yadav49@gmail.com,19/12/96,pune,PENDING,2025-09-22,isha3683@axl
C04773,I. Iyer,07511176114,N/A,23-11-1982,Kolkata,minimum,05-12-2025,imran6114@paytm
C03701,"Desai, Manish",+919593308035,NULL,11-10-1996,Chennai,FULL,14-07-2022,manish8035@okbank
C04893,Aarti  Iyer ,95588 80706,N/A,NULL,pune,MIN,2022-02-18,aarti0706@ybl
C03138,RAHUL MENON,6068411510,rahul.menon87@gmail.com,1975-10-02,Bombay,min kyc,2022-06-13,rahul1510@sbi
C04784,Rahul  Reddy ,7987941704,rahul.reddy67@gmail.com,"Jan 18, 1985",lucknow,full,2023-09-08,
C04121,Amit  Kulkarni ,+918386630545,N/A,1994-04-20,,full_kyc,30-01-2026,amit0545@okbank
C03208,Farhan Desai,91-8176063399,farhan.desai43@gmail.com,09-12-1969,Bengaluru,minimum,01 May 2025,
C02733,SURESH NAIR,8717032641,unknown,23-03-1966,ahmedabad,MIN,17-09-2022,suresh2641@hdfcbank
C02339,Imran Bose,8152144716,imran.bose97@gmail.com,31/10/76,Bengaluru,PENDING,09 May 2022,imran4716@ybl
C90095,Sunita Pillai,9980363193,sunita.pillai67@gmail.com,"Feb 18, 2006",Jaipur,Full KYC,23-07-2024,NULL
C00604,"Reddy, Swati",91-9026834346,N/A,1980-01-24,jaipur,min,2021-03-21,swati4346@axl
C02501,MEERA REDDY,9565979474,NULL,1993-05-11,Chennai,min kyc,28 Nov 2019,meera9474@okbank
C03381,Suresh Gupta,97530 81569,suresh.gupta3@gmail.com,08/03/97,pune,min,2020-09-08,suresh1569@axl
C02882,Tarun Desai,+917056297617,,"Oct 19, 1975",hyderabad,min,23 Oct 2020,tarun7617@sbi
C02703,Tarun Mehta,+919041712349,N/A,07-02-2003,Kolkata,min kyc,08 Aug 2024,tarun2349@axl
C00752,"Iyer, Isha",66525 21148,isha.iyer90@gmail.com,NULL,pune,FULL,19 Jul 2024,isha1148@icici
C04438,SUNITA GUPTA,7458451566,unknown,1969-12-09,HYD,full_kyc,2022-02-28,sunita1566@hdfcbank
C03895,P. Bose,+917788675760,,"Oct 23, 1964",Jaipur,Full KYC,02 Apr 2022,priya5760@axl
C01141,Arjun Pillai,07907939602,,20/07/98,,full_kyc,24 Feb 2022,arjun9602@icici
C04627,FARHAN MEHTA,+917961796790,NULL,30-09-1974,Madras,Full KYC,22-02-2023,farhan6790@ybl
C90137,Isha Gupta,8132655493,,"May 01, 1992",,min kyc,29 Dec 2021,unknown
C02832,SNEHA SHAIKH,91-7487371229,sneha.shaikh1@gmail.com,11/07/04,Amdavad,FULL,2022-07-10,sneha1229@icici
C00098,Farhan Chopra,8459725583,farhan.chopra85@gmail.com,19-12-1991,BLR,FULL,2023-03-11,farhan5583@axl
C00232,Karan Das,8122931447,karan.das15@gmail.com,02-10-1993,Calcutta,full_kyc,26 May 2024,karan1447@icici
C04577,NISHA KHAN,91-6329342373,NULL,"Jul 11, 2000",Delhi,full,23 Nov 2024,nisha2373@axl
C03071,Rohan Iyer,07566263823,rohan.iyer55@gmail.com,20-12-2005,chennai,FULL,09-05-2020,rohan3823@icici
C03915,Pooja Pillai,63032 63508,NULL,31/03/92,Bangalore,PENDING,07-07-2022,pooja3508@okbank
C03407,Manish Sharma,7855720475,,29/03/96,Madras,MIN,20-10-2023,manish0475@sbi
C01442,Pooja Iyer,+918548737499,pooja.iyer28@gmail.com,,DELHI,minimum,11-01-2023,pooja7499@icici
C01543,Isha Das,8771152606,NULL,"Nov 07, 2003",Bombay,min kyc,10 Oct 2022,N/A
C01600,Rohan Das,+918916154023,rohan.das71@gmail.com,NULL,Poona,full,01 May 2020,rohan4023@icici
C01594,Swati Reddy,6687408022,swati.reddy23@gmail.com,04/04/75,mumbai,minimum,17 Aug 2023,swati8022@paytm
C04053,Tarun Singh,+917471490185,tarun.singh45@gmail.com,09/04/03,Jaipur,MIN,2023-05-27,tarun0185@ybl
C03611,Arjun Chopra,6821072313,arjun.chopra19@gmail.com,1968-01-25,DELHI,Full KYC,02 Jan 2025,arjun2313@sbi
C01262,A. Patel,+918817706257,anjali.patel85@gmail.com,1986-10-28,Bangalore,full,2024-06-14,anjali6257@okbank
C04214,Rahul Mehta,7155119587,NULL,"Mar 28, 1963",Kolkata,full,20-11-2023,rahul9587@okbank
C04023,K. Nair,+918269150738,,17/12/70,Jaipur,FULL,2019-11-13,kavita0738@paytm
C04481,Deepak Singh,08023878352,,1968-10-20,,FULL,2021-04-17,deepak8352@paytm
C00057,A. Mehta,79728 55827,NULL,03-04-1961,HYD,MIN,17 Oct 2024,aarti5827@ybl
C04923,VIJAY JOSHI,+916360724930,vijay.joshi31@gmail.com,"Aug 05, 2001",HYD,full,17-01-2021,vijay4930@axl
C01754,POOJA MEHTA,8766122487,pooja.mehta59@gmail.com,30-01-1983,Hyderabad,FULL,06-02-2022,pooja2487@sbi
C02092,NISHA CHOPRA,+918097209133,NULL,"Mar 01, 2001",HYD,min,25-05-2022,nisha9133@ybl
C00882,IMRAN PILLAI,9612065590,imran.pillai57@gmail.com,N/A,lucknow,Full KYC,2023-08-15,imran5590@axl
C90158,Aarti Iyer,9013682479,aarti.iyer65@gmail.com,1970-02-10,BLR,FULL,08 Feb 2020,aarti2479@okbank
C03053,Vijay Verma,91-7483319452,NULL,2003-04-15,delhi,full,18 Jul 2025,vijay9452@axl
C02392,Neha Patel,6128273621,NULL,03/02/71,ahmedabad,full_kyc,2019-11-04,neha3621@axl
C04312,Sneha Chopra,91-9856003184,sneha.chopra82@gmail.com,24/02/70,kolkata,min,2021-04-10,sneha3184@okbank
C02226,Vikram Reddy,9248819222,vikram.reddy45@gmail.com,27-12-1973,New Delhi,minimum,14 Jan 2020,vikram9222@paytm
C04395,Tarun Reddy,7898753802,tarun.reddy24@gmail.com,"Aug 18, 1972",Hyderabad,,2025-06-18,tarun3802@hdfcbank
C02346,Swati Menon,6847927493,swati.menon57@gmail.com,15/02/71,,FULL,2022-07-05,swati7493@hdfcbank
C90089,Rohan Reddy,6848634139,rohan.reddy19@gmail.com,27-07-1973,chennai,FULL,11-04-2026,rohan4139@icici
C04413,Swati Khan,6117829563,,1973-10-06,Bombay,full_kyc,09-08-2022,swati9563@sbi
C04679,"Chopra, Vijay",+919613702048,vijay.chopra41@gmail.com,10-11-1990,Chennai,MIN,26-02-2023,vijay2048@icici
C04721,Arjun Menon,7955397697,NULL,1989-02-15,Kolkata,minimum,26 Dec 2024,arjun7697@okbank
C00743,Vikram Joshi,+917635375178,vikram.joshi39@gmail.com,01/03/83,,full,20-08-2022,vikram5178@ybl
C03038,Harsh Gupta,9273941224,harsh.gupta32@gmail.com,NULL,Lucknow,PENDING,20-06-2020,harsh1224@ybl
C04584,Arjun Verma,+919259101421,arjun.verma53@gmail.com,1968-11-23,Jaipur,FULL,14-05-2024,arjun1421@axl
C01267,Fatima Iyer,+918885621225,fatima.iyer28@gmail.com,"Nov 12, 1963",HYD,FULL,2025-01-01,fatima1225@paytm
C04685,vikram das,8582123472,vikram.das97@gmail.com,26/05/83,hyderabad,FULL,25 Apr 2025,vikram3472@axl
C00971,Swati Reddy,+919001338858,NULL,1977-05-29,DELHI,,2020-11-20,swati8858@axl
C02529,K. Sharma,6601671866,karan.sharma80@gmail.com,18/02/82,Lucknow,,30 May 2025,karan1866@okbank
C00256,kavita pillai,73616 99750,kavita.pillai37@gmail.com,02-10-1999,hyderabad,MIN,03 Oct 2024,kavita9750@ybl
C02465,priya gupta,6298130018,priya.gupta28@gmail.com,"Sep 14, 1980",,full,23 Feb 2025,priya0018@ybl
C02578,Vikram Bose,9921038286,vikram.bose1@gmail.com,"Aug 11, 1977",Delhi,full,2022-11-07,vikram8286@paytm
C04261,Divya Kulkarni,99606 01203,divya.kulkarni70@gmail.com,1976-07-01,ahmedabad,Full KYC,2024-03-02,divya1203@icici
C02585,Rahul Kulkarni,7177550948,NULL,15/01/64,Poona,pending,25 Dec 2020,rahul0948@okbank
C00699,Amit Patel,6773905996,amit.patel43@gmail.com,"Sep 08, 1990",delhi,minimum,14 Oct 2025,amit5996@axl
C03653,Nisha Das,9277026659,N/A,18/05/04,Amdavad,MIN,08 Jan 2023,nisha6659@okbank
C02056,HARSH NAIR,9040273423,harsh.nair46@gmail.com,"Nov 17, 2005",BLR,Full KYC,09 Oct 2021,harsh3423@axl
C02017,Isha Pillai,8783473274,isha.pillai2@gmail.com,26/05/69,MUMBAI,min kyc,11-06-2024,isha3274@icici
C00498,S. Joshi,6441205307,swati.joshi73@gmail.com,2002-05-03,Hyderabad,pending,19-07-2023,swati5307@hdfcbank
C00772,AMIT VERMA,6883849784,amit.verma54@gmail.com,01/05/90,kolkata,min,24 Jan 2020,amit9784@hdfcbank
C02700,Karan  Das ,+916184511322,unknown,10/05/72,BLR,full_kyc,31-10-2023,karan1322@axl
C02582,S. Sharma,+919957821889,,30/03/75,hyderabad,full,2025-08-15,suresh1889@axl
C03314,AARTI JOSHI,+919567045859,NULL,1962-03-15,Chennai,minimum,05-02-2020,aarti5859@hdfcbank
C01468,Deepak Verma,91-9340831527,deepak.verma21@gmail.com,1990-02-23,chennai,full,29-10-2025,deepak1527@axl
C01060,fatima singh,7590843491,NULL,28/03/81,hyderabad,FULL,2024-12-09,fatima3491@ybl
C02295,kavita shaikh,91-6034652030,kavita.shaikh31@gmail.com,16/01/83,lucknow,full,2023-08-02,kavita2030@sbi
C02191,R. Joshi,08279536599,NULL,02-05-1986,mumbai,full_kyc,12-02-2021,NULL
C04482,Divya Menon,+919564408828,divya.menon90@gmail.com,09-12-1984,,full,16-03-2020,divya8828@sbi
C03161,Suresh Joshi,7894052564,N/A,29/04/87,lucknow,MIN,16-03-2025,suresh2564@hdfcbank
C03986,Farhan  Kulkarni ,08834497162,farhan.kulkarni98@gmail.com,1999-08-14,Kolkata,MIN,02 Apr 2023,farhan7162@sbi
C04884,Divya Yadav,+917201477819,,23-09-1977,Madras,Full KYC,27 Dec 2025,divya7819@hdfcbank
C02873,Sneha Menon,+916220873245,unknown,27-11-1966,New Delhi,full_kyc,14 Sep 2020,sneha3245@paytm
C90016,NISHA IYER,+917984174593,nisha.iyer70@gmail.com,24/11/87,Mumbai,minimum,2023-08-03,nisha4593@icici
C03903,Suresh Singh,91-6374950184,suresh.singh15@gmail.com,1991-08-26,Pune,min kyc,2021-06-15,suresh0184@icici
C01991,FATIMA DESAI,70083 55836,fatima.desai70@gmail.com,01/10/64,ahmedabad,FULL,28-03-2026,fatima5836@ybl
C04278,Ritu Joshi,7065448238,N/A,"Nov 05, 1995",New Delhi,min kyc,06 Sep 2024,ritu8238@axl
C04463,ritu verma,6536988200,unknown,"Mar 23, 1986",Mumbai,full,26 Dec 2023,ritu8200@okbank
C01565,Rohan  Menon ,+916801641696,rohan.menon95@gmail.com,17/01/73,Mumbai,FULL,11-09-2022,rohan1696@paytm
C01317,Vijay Pillai,7018306364,N/A,02/05/76,Lucknow,minimum,2026-02-27,vijay6364@sbi
C04485,Sunita Verma,9381848066,N/A,31/10/69,Madras,MIN,2023-08-22,sunita8066@okbank
C00731,Vikram Singh,+919663940049,vikram.singh17@gmail.com,2003-08-09,hyderabad,full_kyc,27-06-2025,vikram0049@ybl
C01196,meera nair,6034588820,unknown,26-05-1967,kolkata,full_kyc,22-07-2023,meera8820@paytm
C01885,D. Verma,93482 05193,deepak.verma33@gmail.com,"Jun 14, 1973",Pune,full,2025-12-03,deepak5193@okbank
C02007,S. Desai,8448598613,,26-09-1972,,full,10 Nov 2022,suresh8613@paytm
C02853,DIVYA SHAIKH,9738924577,N/A,"Oct 24, 1997",ahmedabad,Full KYC,2025-01-09,divya4577@okbank
C90270,AMIT DAS,9553244494,amit.das98@gmail.com,"May 28, 1998",BLR,Full KYC,28-12-2024,amit4494@sbi
C00676,DIVYA KHAN,79470 09486,N/A,11/11/69,Ahmedabad,full,28 Oct 2022,divya9486@icici
C04822,Sanjay Iyer,+919533536559,,15-05-2001,kolkata,min kyc,2026-04-25,sanjay6559@icici
C00252,I. Shaikh,6114319433,imran.shaikh94@gmail.com,"Feb 16, 1990",,FULL,03-08-2021,imran9433@hdfcbank
C04998,Sanjay Chopra,7906231110,sanjay.chopra80@gmail.com,01/01/91,jaipur,min,12 Sep 2025,sanjay1110@axl
C90203,VIJAY SINGH,8224303835,vijay.singh49@gmail.com,12/07/00,jaipur,minimum,20 Jan 2026,vijay3835@hdfcbank
C03397,Nisha Kulkarni,91-6390508133,nisha.kulkarni27@gmail.com,"Jan 13, 1975",Amdavad,FULL,21 Sep 2019,nisha8133@sbi
C01518,Manish Khan,8720069942,manish.khan37@gmail.com,"Mar 12, 1999",bangalore,NA,2022-01-04,manish9942@axl
C03854,ISHA PILLAI,92565 51737,isha.pillai33@gmail.com,14-04-1978,Bombay,FULL,2022-12-04,isha1737@sbi
C03542,DEEPAK DESAI,07204915004,unknown,2003-12-28,DELHI,minimum,2022-06-03,deepak5004@paytm
C02784,Rohan Shaikh,08320051365,rohan.shaikh80@gmail.com,"Sep 23, 2003",Bengaluru,full_kyc,25-04-2024,rohan1365@axl
C01954,MEERA KULKARNI,+919529828940,meera.kulkarni91@gmail.com,10-12-1976,hyderabad,Full KYC,17 Jan 2024,meera8940@hdfcbank
C03069,Sanjay Singh,7509483378,sanjay.singh46@gmail.com,"Jun 17, 1970",MUMBAI,MIN,22-09-2019,sanjay3378@hdfcbank
C00056,Farhan Das,7498065933,NULL,1978-01-11,delhi,,2021-04-26,farhan5933@okbank
C00989,Vikram Singh,77488 55156,unknown,16/04/03,MUMBAI,FULL,2021-08-04,vikram5156@hdfcbank
C03270,Ritu Verma,91-7712871901,ritu.verma55@gmail.com,26/04/70,ahmedabad,full_kyc,31-12-2019,ritu1901@icici
C01789,Aarti Gupta,91-6845795281,aarti.gupta10@gmail.com,28-11-2002,Mumbai,full,02 Jul 2020,aarti5281@okbank
C04488,ritu sharma,+918414403933,ritu.sharma25@gmail.com,26-03-1981,Lucknow,MIN,2023-06-02,ritu3933@okbank
C00467,Isha Bose,6988004213,isha.bose3@gmail.com,"Sep 14, 1977",Calcutta,FULL,12 Apr 2025,isha4213@sbi
C04420,Divya Verma,90199 37106,divya.verma6@gmail.com,13/05/64,delhi,Full KYC,2023-03-11,divya7106@hdfcbank
C01037,Rahul Menon,7863005622,rahul.menon29@gmail.com,,Calcutta,FULL,24-08-2020,rahul5622@hdfcbank
C02457,harsh das,9029676754,harsh.das94@gmail.com,16-08-1966,mumbai,MIN,19-12-2024,harsh6754@okbank
C01343,SANJAY SINGH,+917442461754,,07/09/73,Kolkata,FULL,11 Jun 2022,sanjay1754@sbi
C02010,Isha  Pillai ,9837564404,isha.pillai63@gmail.com,"Oct 16, 1974",BLR,full,31-03-2020,isha4404@axl
C03063,Swati Iyer,6026338270,swati.iyer89@gmail.com,17-06-1983,DELHI,full,16-09-2021,swati8270@okbank
C01967,deepak menon,+918165427006,deepak.menon22@gmail.com,2004-11-09,Hyderabad,Full KYC,23 Sep 2022,deepak7006@paytm
C03948,Rohan Desai,+918758698470,rohan.desai65@gmail.com,"Sep 29, 1964",,min kyc,2023-01-08,rohan8470@axl
C03234,Kavita Menon,78483 45275,kavita.menon84@gmail.com,24-02-1984,Madras,full,10 Mar 2026,kavita5275@icici
C04185,Meera Reddy,07013620691,meera.reddy79@gmail.com,,Poona,minimum,13-07-2021,meera0691@hdfcbank
C04612,Suresh Bose,09833676827,suresh.bose35@gmail.com,1991-11-06,Bengaluru,Full KYC,20-01-2020,suresh6827@sbi
C00909,"Iyer, Anjali",9118568830,anjali.iyer19@gmail.com,,delhi,min,28-01-2022,anjali8830@ybl
C00422,Arjun Khan,73861 53274,arjun.khan32@gmail.com,"Feb 05, 1979",MUMBAI,NA,2021-06-02,arjun3274@okbank
C02812,DEEPAK GUPTA,9295276974,deepak.gupta95@gmail.com,13-11-2005,Kolkata,minimum,20-05-2021,deepak6974@okbank
C04851,Ritu Nair,8092216825,ritu.nair41@gmail.com,"Jan 07, 1985",bangalore,minimum,12-10-2022,ritu6825@okbank
C03677,Farhan Singh,6684764679,N/A,"Nov 07, 1982",Chennai,Full KYC,28 Aug 2023,farhan4679@icici
C01985,Harsh Das,74300 76909,harsh.das16@gmail.com,14/01/75,lucknow,NA,2026-01-05,harsh6909@icici
C00257,Manish Verma,9234674135,manish.verma9@gmail.com,03-02-1983,Poona,FULL,05 Aug 2021,
C01173,Aarti Gupta,+916116367434,,23-11-1993,pune,min,22 Dec 2019,aarti7434@axl
C90179,Rahul Sharma,91-6986105712,rahul.sharma7@gmail.com,"Sep 27, 1981",Jaipur,minimum,05-02-2023,rahul5712@paytm
C90201,Nisha Yadav,65819 24873,NULL,1968-12-17,MUMBAI,min,2023-07-21,unknown
C03320,FARHAN GUPTA,+919700454363,farhan.gupta47@gmail.com,15-05-1986,Madras,Full KYC,2022-09-26,farhan4363@icici
C00022,Tarun Joshi,08636516371,N/A,"Jan 01, 1988",Calcutta,full,31-05-2026,tarun6371@paytm
C02221,Rahul Mehta,+918526264693,N/A,09/06/04,BLR,full,05 May 2026,rahul4693@okbank
C90027,T. Bose,9286604616,tarun.bose27@gmail.com,10-04-1963,Ahmedabad,minimum,03-08-2022,tarun4616@axl
C04637,Sunita Kulkarni,+916643291067,,1997-10-15,Pune,full_kyc,11 Feb 2023,sunita1067@okbank
C90268,ritu bose,+916931833239,NULL,10-11-1968,Poona,min kyc,2021-06-08,ritu3239@axl
C00645,A. Shaikh,09913309627,aarti.shaikh20@gmail.com,1995-12-18,Jaipur,Full KYC,2023-05-03,aarti9627@axl
C03926,Manish Bose,91-7020992158,manish.bose9@gmail.com,04/07/70,chennai,pending,18 Aug 2023,manish2158@okbank
C03897,Harsh Bose,9127716050,harsh.bose51@gmail.com,27-02-1962,Poona,FULL,2026-01-12,harsh6050@hdfcbank
C04766,divya chopra,8133619675,divya.chopra59@gmail.com,1996-08-14,Kolkata,MIN,28 Feb 2020,divya9675@okbank
C03780,Pooja Singh,+917587934704,pooja.singh35@gmail.com,1968-12-17,New Delhi,Full KYC,2021-10-15,pooja4704@sbi
C00693,Kavita  Iyer ,+917119456628,kavita.iyer16@gmail.com,18/05/83,DELHI,MIN,2024-10-09,kavita6628@sbi
C01184,R. Pillai,7806330861,ritu.pillai40@gmail.com,"Nov 25, 1995",mumbai,,2021-06-15,ritu0861@paytm
C00573,S. Khan,87130 77352,NULL,NULL,Chennai,min kyc,26-12-2025,swati7352@sbi
C03762,"Das, Swati",7267094986,swati.das22@gmail.com,26-05-1993,,MIN,30 Sep 2021,swati4986@okbank
C02095,Vikram Singh,7984568181,vikram.singh6@gmail.com,1982-08-29,DELHI,FULL,15 Jan 2022,vikram8181@sbi
C03976,Swati Bose,+918275156940,swati.bose87@gmail.com,21-02-1991,Jaipur,full,09-04-2020,swati6940@ybl
C01471,Deepak Reddy,6123817905,deepak.reddy46@gmail.com,"Aug 01, 1994",Poona,minimum,10 Apr 2021,deepak7905@ybl
C04819,D. Shaikh,06144001766,deepak.shaikh40@gmail.com,1966-09-03,Jaipur,min,13 Mar 2020,deepak1766@sbi
C02699,rohan chopra,6943800902,rohan.chopra22@gmail.com,"Oct 26, 1962",Bangalore,full_kyc,2025-04-07,rohan0902@axl
C04753,Aarti Nair,+919940629170,aarti.nair29@gmail.com,29-11-2002,Bangalore,FULL,2023-08-14,aarti9170@paytm
C03972,Sneha Chopra,8165173285,unknown,"Apr 11, 2004",Pune,full_kyc,2024-05-07,sneha3285@okbank
C01403,Suresh Bose,09857836183,NULL,"Aug 25, 1977",Bangalore,full_kyc,27-07-2024,suresh6183@axl
C01457,Rohan Mehta,9911426376,rohan.mehta47@gmail.com,19/04/02,Bombay,Full KYC,02 Dec 2025,rohan6376@axl
C02195,Neha Yadav,+916508292362,neha.yadav67@gmail.com,2001-05-10,Amdavad,MIN,2023-05-25,neha2362@hdfcbank
C01812,Divya Bose,93639 55032,unknown,09-04-2000,Bangalore,PENDING,2022-01-13,divya5032@sbi
C00985,Karan Nair,+918732086395,N/A,1982-10-02,HYD,full_kyc,2021-05-12,karan6395@paytm
C01542,Anjali Shaikh,88573 34991,NULL,"Sep 03, 1964",Kolkata,full_kyc,06-08-2023,anjali4991@okbank
C01578,Aarti Yadav,+919670333529,,"Jun 23, 2002",Poona,min kyc,30 Dec 2024,aarti3529@ybl
C01069,RITU VERMA,+919073580894,,1984-02-24,kolkata,full_kyc,2025-11-06,ritu0894@okbank
C00891,Anjali  Menon ,7331958661,anjali.menon30@gmail.com,20/01/65,lucknow,NA,30-03-2023,anjali8661@hdfcbank
C04752,P. Sharma,6980362866,pooja.sharma31@gmail.com,22-09-1983,lucknow,full,2021-12-12,pooja2866@okbank
C90026,"Das, Arjun",+919314616353,,24/03/85,Bangalore,min kyc,28 Jun 2024,
C01686,IMRAN CHOPRA,+917607676326,,1990-11-09,Mumbai,Full KYC,2022-07-01,imran6326@paytm
C02992,nisha nair,7959038920,nisha.nair41@gmail.com,"Oct 25, 1971",BLR,FULL,2022-05-24,nisha8920@paytm
C02732,A. Sharma,8997290228,arjun.sharma47@gmail.com,26-07-2000,Delhi,minimum,2019-10-17,arjun0228@ybl
C00504,Sunita  Pillai ,7399773141,N/A,22/05/89,Delhi,MIN,10-11-2021,sunita3141@paytm
C02526,Aarti  Kulkarni ,91-6865909465,unknown,15/08/68,MUMBAI,Full KYC,26 Sep 2025,aarti9465@ybl
C03974,RAHUL BOSE,07592905423,rahul.bose7@gmail.com,1976-12-27,chennai,full,2024-10-27,rahul5423@axl
C04909,Divya Reddy,6166315861,divya.reddy94@gmail.com,"May 24, 1996",Bangalore,full_kyc,07 Oct 2020,divya5861@axl
C04404,Deepak Pillai,91-9868666632,NULL,15-09-1992,Chennai,MIN,2024-07-17,deepak6632@hdfcbank
C03337,Sanjay Sharma,9607686210,,1996-10-20,jaipur,full,07-10-2020,sanjay6210@paytm
C04663,"Khan, Sanjay",6202555292,sanjay.khan50@gmail.com,17-04-1972,Delhi,,21-02-2025,sanjay5292@axl
C03098,Ritu Kulkarni,91-8635847709,ritu.kulkarni51@gmail.com,20-02-1975,Lucknow,Full KYC,05 May 2025,ritu7709@hdfcbank
C01462,deepak mehta,8644683197,,"Jul 30, 1988",Poona,min kyc,07 Dec 2025,deepak3197@hdfcbank
C90256,Imran Chopra,6378490428,imran.chopra80@gmail.com,17-03-1968,Ahmedabad,NA,25-05-2020,imran0428@icici
C04887,Pooja Iyer,08062505165,pooja.iyer66@gmail.com,01/10/76,Jaipur,min,2020-08-29,pooja5165@sbi
C03108,Rahul Shaikh,9313203468,NULL,09/02/91,Lucknow,Full KYC,2024-09-19,rahul3468@hdfcbank
C04200,Deepak  Desai ,9726693841,,07-09-1997,Kolkata,full,25-05-2022,deepak3841@sbi
C01005,Divya Pillai,+917120997213,N/A,1997-02-01,Poona,Full KYC,22 Mar 2021,divya7213@axl
C03101,Harsh Joshi,+918459987718,,NULL,kolkata,min kyc,08-12-2019,harsh7718@icici
C00442,Amit Kulkarni,6235461070,amit.kulkarni22@gmail.com,03/10/64,delhi,Full KYC,03-05-2026,amit1070@sbi
C03076,VIJAY SINGH,7617793265,vijay.singh78@gmail.com,"Jun 12, 1992",Mumbai,FULL,25-01-2023,vijay3265@hdfcbank
C00756,Imran Bose,9635459936,NULL,"May 09, 1997",Hyderabad,full,05-11-2021,imran9936@ybl
C00067,sneha desai,9890825533,NULL,18-06-1991,Poona,full_kyc,2024-07-13,sneha5533@okbank
C03370,KARAN DAS,7199480471,karan.das37@gmail.com,10-11-1987,lucknow,MIN,2025-02-06,karan0471@paytm
C04632,Tarun Desai,9213734404,unknown,"Oct 07, 1971",Pune,minimum,10 Jan 2025,tarun4404@axl
C03529,Rohan Bose,7381149892,rohan.bose98@gmail.com,1966-08-09,lucknow,min,04-10-2024,rohan9892@axl
C04455,Arjun Patel,91-7559142665,arjun.patel38@gmail.com,12-08-1997,Delhi,min,2025-02-20,arjun2665@ybl
C00350,anjali iyer,08622107349,anjali.iyer85@gmail.com,"Nov 11, 1998",Mumbai,FULL,11-05-2023,anjali7349@ybl
C03258,Vijay Verma,9307944184,N/A,16/02/96,,Full KYC,19 Nov 2022,vijay4184@hdfcbank
C02515,Imran Shaikh,91-7553851762,imran.shaikh32@gmail.com,04/10/04,Calcutta,full_kyc,15-11-2021,imran1762@ybl
C03150,Rahul Chopra,9172011115,,1980-12-17,hyderabad,Full KYC,21-02-2026,rahul1115@icici
C00254,Harsh Nair,07041282235,harsh.nair38@gmail.com,04/07/80,Delhi,min kyc,02-01-2021,harsh2235@ybl
C00268,Manish Desai,+916548095375,manish.desai63@gmail.com,1965-06-04,Pune,full,14-12-2021,manish5375@paytm
C01107,Manish Gupta,6845742559,manish.gupta36@gmail.com,"Dec 02, 1963",Calcutta,MIN,09 Oct 2022,manish2559@paytm
C03375,Amit  Sharma ,8755250676,amit.sharma24@gmail.com,21/04/63,Chennai,full,2022-09-27,amit0676@hdfcbank
C01223,ritu kulkarni,9490979289,ritu.kulkarni45@gmail.com,"Jan 22, 1973",Bangalore,full,13-12-2023,ritu9289@paytm
C00793,Fatima  Gupta ,9902429591,fatima.gupta48@gmail.com,09/04/94,Amdavad,full,23 Apr 2025,fatima9591@paytm
C04682,isha nair,68851 86202,,1984-03-04,delhi,pending,28 Apr 2025,isha6202@okbank
C00197,RAHUL BOSE,6545979618,,17-04-1970,Calcutta,min,22 Oct 2022,rahul9618@icici
C03870,DEEPAK KULKARNI,07935732233,deepak.kulkarni78@gmail.com,26-03-1975,HYD,full,02 Mar 2020,deepak2233@ybl
C03006,Farhan Desai,08619719067,farhan.desai27@gmail.com,1991-10-08,Amdavad,NA,22 Jan 2024,farhan9067@axl
C01621,Karan Khan,70416 90176,karan.khan49@gmail.com,10/12/83,Madras,Full KYC,03-04-2022,karan0176@sbi
C01641,Tarun Joshi,06244475684,tarun.joshi1@gmail.com,17/09/77,Bangalore,Full KYC,17 Aug 2022,tarun5684@okbank
C02215,Karan Nair,09853198824,karan.nair93@gmail.com,NULL,Delhi,full,29-09-2022,karan8824@sbi
C01206,Harsh Mehta,8458992416,NULL,NULL,jaipur,minimum,2019-12-03,harsh2416@okbank
C01574,Vijay Patel,79554 09863,vijay.patel24@gmail.com,29-10-1988,BLR,full_kyc,30 Aug 2024,vijay9863@axl
C03050,Meera Nair,6850851913,meera.nair4@gmail.com,21-10-1995,Kolkata,Full KYC,2021-10-13,meera1913@paytm
C02519,nisha chopra,9972243880,nisha.chopra77@gmail.com,15/08/01,Jaipur,full,09 Dec 2020,nisha3880@paytm
C00993,P. Menon,91-8918623177,pooja.menon87@gmail.com,1975-04-23,Poona,Full KYC,31-07-2020,pooja3177@ybl
C00445,Fatima  Kulkarni ,6399466136,N/A,1973-11-05,Ahmedabad,MIN,04-10-2020,fatima6136@okbank
C00556,Arjun Khan,7351770247,arjun.khan97@gmail.com,02-04-1971,Bombay,FULL,14-01-2026,arjun0247@paytm
C03217,Isha Reddy,97632 53410,isha.reddy32@gmail.com,"Jun 29, 1968",HYD,Full KYC,25 May 2022,isha3410@icici
C03321,A. Das,91-8686663533,,27-04-2005,kolkata,FULL,20-07-2020,aarti3533@axl
C01851,Deepak Das,06096958508,deepak.das1@gmail.com,19/06/90,Poona,MIN,18-04-2020,deepak8508@sbi
C03876,vikram nair,9373040870,vikram.nair75@gmail.com,10/09/93,Jaipur,min kyc,21-04-2023,vikram0870@hdfcbank
C04225,RAHUL YADAV,7844618587,,06/06/87,lucknow,full_kyc,2025-12-11,rahul8587@okbank
C03392,Suresh Patel,86950 48831,suresh.patel53@gmail.com,24-06-1999,lucknow,FULL,2020-07-30,suresh8831@paytm
C02729,kavita yadav,9998205217,N/A,1997-08-12,chennai,full_kyc,2023-07-20,kavita5217@axl
C00024,A. Khan,6096748573,N/A,08/11/96,Pune,full_kyc,10 May 2026,arjun8573@hdfcbank
C02523,Vijay Kulkarni,7182865374,vijay.kulkarni52@gmail.com,"Dec 10, 1966",Lucknow,,2024-02-04,vijay5374@axl
C02430,Deepak Iyer,+917682022838,NULL,09-01-1979,lucknow,min,17 Apr 2026,deepak2838@okbank
C01825,Harsh Nair,6746324520,,"Nov 10, 1969",Calcutta,min,09-12-2022,harsh4520@paytm
C00144,SWATI JOSHI,+917557208941,swati.joshi66@gmail.com,2005-10-27,lucknow,full,2026-04-13,swati8941@paytm
C01916,amit sharma,88872 74073,NULL,15/08/76,jaipur,full_kyc,22 Feb 2022,amit4073@ybl
C03365,Vijay Yadav,91-8149194918,vijay.yadav67@gmail.com,05-09-1985,jaipur,FULL,17-05-2025,
C03379,Vijay Menon,+919740654171,,25-05-2000,Chennai,min kyc,11-07-2022,vijay4171@hdfcbank
C00854,Sneha Khan,8597498547,sneha.khan67@gmail.com,03-09-2000,hyderabad,full,2024-07-15,sneha8547@ybl
C04462,S. Chopra,61690 10843,sunita.chopra57@gmail.com,15/12/71,Calcutta,min,30 Jan 2023,sunita0843@ybl
C00447,Rohan  Chopra ,66964 73259,N/A,21-10-1966,chennai,full,2022-02-19,rohan3259@axl
C04244,Deepak Das,8500782501,,09/02/73,Hyderabad,minimum,02 Mar 2023,deepak2501@sbi
C04500,M. Mehta,7457228844,NULL,22-01-1966,Hyderabad,minimum,29-08-2023,manish8844@icici
C00511,Kavita Iyer,8204650790,kavita.iyer3@gmail.com,23-04-1995,Mumbai,MIN,14-12-2024,kavita0790@sbi
C04566,FARHAN VERMA,64097 17883,farhan.verma17@gmail.com,2001-01-18,bangalore,min kyc,2024-08-28,farhan7883@icici
C01103,Arjun Kulkarni,74201 91178,N/A,14-04-1994,jaipur,full,23 Jan 2025,arjun1178@sbi
C03751,Tarun Menon,6080907626,,"Feb 20, 1988",Ahmedabad,FULL,12 Mar 2020,tarun7626@paytm
C00956,anjali desai,9118348092,anjali.desai34@gmail.com,13/11/97,bangalore,,25 Jul 2022,anjali8092@axl
C04855,S. Chopra,09462521765,N/A,03/01/93,Kolkata,Full KYC,18-01-2024,sunita1765@sbi
C00494,Priya Singh,6373211209,priya.singh97@gmail.com,04/11/77,ahmedabad,full_kyc,20-01-2026,priya1209@ybl
C02545,S. Reddy,08993710205,suresh.reddy73@gmail.com,1987-06-01,DELHI,minimum,27 Apr 2024,suresh0205@icici
C04086,KAVITA YADAV,91-6379106950,,06-02-1993,Poona,full_kyc,2022-11-12,kavita6950@ybl
C04068,Swati Joshi,7749013013,swati.joshi37@gmail.com,"Nov 28, 2002",Ahmedabad,minimum,02-01-2024,swati3013@sbi
C03427,"Joshi, Rohan",+917766944172,rohan.joshi53@gmail.com,"Oct 07, 1983",Ahmedabad,full,22-12-2020,rohan4172@axl
C04756,Vijay Chopra,8728433952,,1995-02-15,Bangalore,PENDING,12 Jun 2020,vijay3952@okbank
C01388,ritu bose,8664636685,,N/A,Bangalore,NA,2020-03-15,ritu6685@sbi
C00335,meera singh,+916044106549,meera.singh24@gmail.com,"Nov 19, 1964",Delhi,Full KYC,20 Apr 2026,meera6549@hdfcbank
C03182,"Das, Suresh",9680892669,suresh.das86@gmail.com,1996-10-17,Ahmedabad,minimum,01-03-2020,suresh2669@paytm
C04324,Arjun Das,7171945974,,12-04-1981,jaipur,minimum,13-08-2025,arjun5974@ybl
C01116,FATIMA DAS,+917714941863,fatima.das94@gmail.com,16/05/95,delhi,min,28-10-2024,fatima1863@axl
C02325,SWATI KHAN,7083149996,unknown,"Aug 15, 1963",Amdavad,minimum,28 Oct 2025,swati9996@hdfcbank
C00105,Divya Shaikh,+919788765755,NULL,16/06/93,Delhi,NA,27 Feb 2025,divya5755@okbank
C03340,"Chopra, Sanjay",9931297209,sanjay.chopra11@gmail.com,22/08/01,jaipur,full,26-07-2021,sanjay7209@hdfcbank
C03530,vikram patel,91-6413192779,vikram.patel54@gmail.com,03-12-1966,Delhi,full,09-04-2025,vikram2779@hdfcbank
C02854,nisha gupta,70508 06544,nisha.gupta75@gmail.com,1983-05-24,,full,2020-06-17,nisha6544@icici
C00638,Arjun Iyer,84436 72701,arjun.iyer26@gmail.com,"Nov 08, 1997",Calcutta,Full KYC,17 Dec 2020,arjun2701@hdfcbank
C00751,IMRAN SHAIKH,6432921255,,1978-07-24,,NA,2022-04-30,imran1255@okbank
C03129,Karan Gupta,6387852865,karan.gupta79@gmail.com,"Mar 30, 2001",Bangalore,minimum,14 Aug 2022,karan2865@paytm
C00801,DIVYA VERMA,91-7681721128,divya.verma77@gmail.com,1984-11-16,Ahmedabad,min kyc,2020-06-18,divya1128@icici
C04993,Amit  Das ,+916687904749,amit.das68@gmail.com,11/07/03,Hyderabad,FULL,07-01-2021,amit4749@hdfcbank
C03062,Vijay Reddy,7909853519,vijay.reddy3@gmail.com,,Poona,full_kyc,2020-12-19,vijay3519@icici
C00837,V. Kulkarni,8590292221,N/A,"Mar 16, 2003",Amdavad,full,29-10-2024,vijay2221@sbi
C02645,Amit Pillai,7866037089,amit.pillai25@gmail.com,06/01/62,MUMBAI,full_kyc,2021-07-01,amit7089@icici
C04422,"Yadav, Rohan",61684 18297,NULL,20-04-1999,Lucknow,full,10-05-2021,rohan8297@icici
C00434,NEHA KHAN,7115725441,,21-09-1978,Pune,Full KYC,17 Aug 2023,neha5441@paytm
C00017,isha verma,6680319147,,,New Delhi,full,2024-09-29,isha9147@icici
C01051,Fatima Singh,9216455113,fatima.singh55@gmail.com,24-04-1985,MUMBAI,full_kyc,30-01-2024,fatima5113@icici
C90136,Neha Verma,91-9293007116,neha.verma85@gmail.com,11-07-2003,jaipur,NA,05-01-2021,neha7116@paytm
C01671,Priya Joshi,91-7753482423,NULL,10-09-1992,kolkata,Full KYC,2021-05-18,priya2423@sbi
C02531,divya menon,91-8770099699,divya.menon92@gmail.com,02/09/93,HYD,full_kyc,17-12-2022,divya9699@icici
C04843,Pooja Khan,9593465891,pooja.khan81@gmail.com,"Feb 04, 2002",Jaipur,full,2024-11-29,pooja5891@ybl
C03800,VIKRAM KULKARNI,+917441910416,vikram.kulkarni40@gmail.com,1981-01-08,Kolkata,full,18 Jul 2022,vikram0416@ybl
C02743,Farhan  Menon ,7799513580,,1970-06-23,ahmedabad,FULL,03 Jan 2022,farhan3580@icici
C01720,Nisha Patel,+917543853502,nisha.patel55@gmail.com,1990-07-31,Madras,FULL,07 Oct 2022,nisha3502@axl
C04142,Tarun Reddy,8906187129,unknown,21/05/78,pune,min,2021-03-14,tarun7129@paytm
C00297,Sunita Das,06671133775,sunita.das10@gmail.com,28-01-1995,Kolkata,FULL,15-10-2024,sunita3775@icici
C03612,"Desai, Kavita",76026 94202,kavita.desai98@gmail.com,16-05-1990,Jaipur,full,01-07-2020,kavita4202@icici
C04743,farhan khan,+916088800135,,N/A,ahmedabad,min,23-01-2020,farhan0135@paytm
C04649,Sunita Sharma,09027552018,sunita.sharma24@gmail.com,24/05/90,Chennai,full_kyc,02-12-2019,sunita2018@paytm
C03922,HARSH KULKARNI,66482 63844,harsh.kulkarni92@gmail.com,04-09-2003,HYD,Full KYC,25-07-2023,harsh3844@axl
C01623,Farhan Menon,7465073827,NULL,15/08/97,Lucknow,PENDING,2024-03-28,farhan3827@ybl
C03477,harsh chopra,+917494368869,,23/09/90,jaipur,Full KYC,08 Dec 2025,harsh8869@ybl
C04235,Pooja Yadav,6955419021,pooja.yadav40@gmail.com,1994-10-17,,FULL,20-07-2022,pooja9021@icici
C00499,Manish Chopra,91-6324664563,manish.chopra31@gmail.com,"Jun 28, 1968",kolkata,full_kyc,21-06-2023,manish4563@axl
C01734,Sanjay Nair,+917446170920,sanjay.nair22@gmail.com,NULL,Chennai,minimum,2024-07-07,sanjay0920@icici
C04461,AMIT DESAI,91-9668195580,amit.desai79@gmail.com,03/04/70,Amdavad,full_kyc,25-12-2022,amit5580@axl
C02769,Vikram Singh,8212087166,,2004-06-13,lucknow,FULL,05 Aug 2021,vikram7166@axl
C03018,Sunita Gupta,7908286875,sunita.gupta86@gmail.com,NULL,Amdavad,full,2020-08-28,sunita6875@paytm
C04148,Ritu Patel,+916307369571,ritu.patel80@gmail.com,,Mumbai,min,04 Dec 2019,ritu9571@okbank
C03615,I. Verma,+919198615353,isha.verma6@gmail.com,1970-02-02,,full_kyc,10 Apr 2022,isha5353@ybl
C02355,Harsh  Joshi ,+919442806246,NULL,29/08/63,Lucknow,full,12-10-2025,harsh6246@okbank
C04592,Priya Desai,+919351112076,priya.desai56@gmail.com,16/03/84,HYD,FULL,11-04-2021,priya2076@axl
C00835,isha khan,8392944942,isha.khan86@gmail.com,27/09/75,delhi,full_kyc,2024-08-01,isha4942@okbank
C01329,Karan  Chopra ,91-8977772170,karan.chopra79@gmail.com,"Feb 09, 1984",Ahmedabad,FULL,2021-06-17,karan2170@sbi
C02633,Vikram Bose,7469469892,vikram.bose91@gmail.com,N/A,kolkata,full_kyc,06-04-2023,vikram9892@sbi
C90024,Karan  Khan ,6275042568,N/A,22/07/83,Jaipur,,14 Apr 2024,karan2568@icici
C01814,TARUN KULKARNI,8696252489,unknown,1994-11-19,Jaipur,full_kyc,15 Jan 2026,tarun2489@sbi
C00299,Sunita Gupta,75693 00045,,N/A,Chennai,full_kyc,29 Mar 2023,sunita0045@paytm
C02024,Rohan Iyer,+918057746936,rohan.iyer55@gmail.com,"Dec 02, 1974",Pune,min,13 May 2022,rohan6936@ybl
C02090,FATIMA MENON,9563705720,,1970-07-22,Chennai,min kyc,2023-04-19,fatima5720@axl
C03776,IMRAN MEHTA,7181696737,imran.mehta49@gmail.com,03/08/63,jaipur,Full KYC,2022-10-17,imran6737@paytm
C02755,Imran Chopra,6378490428,imran.chopra41@gmail.com,17/03/68,Ahmedabad,min kyc,25-05-2020,imran0428@icici
C01286,Amit Kulkarni,9470166878,amit.kulkarni37@gmail.com,1999-04-02,pune,FULL,30 Aug 2025,amit6878@ybl
C04533,Sanjay Chopra,7498481611,sanjay.chopra5@gmail.com,16/10/90,HYD,min kyc,28-12-2022,sanjay1611@ybl
C04108,FARHAN IYER,91-6283948447,farhan.iyer74@gmail.com,"Sep 25, 1982",Lucknow,NA,06-06-2025,farhan8447@okbank
C04452,neha menon,07389670323,neha.menon90@gmail.com,30-11-2000,Bombay,full,14 Jun 2023,neha0323@hdfcbank
C02483,A. Iyer,09053027210,,10-03-1965,HYD,Full KYC,28 Nov 2025,aarti7210@sbi
C03202,Sneha Nair,6267873392,N/A,"Feb 29, 2004",DELHI,min,11-12-2025,sneha3392@hdfcbank
C01142,Karan Menon,9139592557,,"Jan 05, 1983",MUMBAI,min,28-07-2025,karan2557@sbi
C00140,Tarun  Verma ,91-6074184092,tarun.verma7@gmail.com,01-11-1972,hyderabad,full_kyc,06 May 2023,tarun4092@okbank
C01547,nisha sharma,91706 90796,NULL,1976-06-28,Mumbai,full,2019-11-13,nisha0796@hdfcbank
C02731,Manish Bose,6000292120,,05/06/71,DELHI,min kyc,2021-07-03,manish2120@icici
C03206,Suresh Singh,74025 36524,suresh.singh91@gmail.com,08/05/79,lucknow,Full KYC,17 Jan 2026,suresh6524@okbank
C00126,P. Mehta,9273919170,pooja.mehta99@gmail.com,"Jun 01, 2002",Pune,full_kyc,2023-02-24,pooja9170@hdfcbank
C04300,F. Das,7266189658,farhan.das56@gmail.com,12-03-1974,chennai,NA,2024-04-13,farhan9658@axl
C04217,"Bose, Divya",74236 83759,N/A,18/12/76,MUMBAI,full_kyc,2020-07-15,divya3759@hdfcbank
C00117,Deepak  Gupta ,6705366644,deepak.gupta85@gmail.com,1961-08-05,Amdavad,Full KYC,14-04-2026,deepak6644@okbank
C00508,anjali shaikh,91-7243141994,anjali.shaikh40@gmail.com,"Jul 05, 1996",mumbai,PENDING,27-11-2023,anjali1994@icici
C02432,manish desai,98232 88069,manish.desai20@gmail.com,1984-04-14,Ahmedabad,min kyc,2023-01-13,manish8069@axl
C02111,F. Mehta,+916955778589,farhan.mehta53@gmail.com,,HYD,FULL,03-10-2022,farhan8589@axl
C90145,RITU YADAV,95265 22340,ritu.yadav34@gmail.com,"Apr 22, 1976",Bombay,minimum,11 Feb 2021,NULL
C03438,Neha Patel,+916664786971,neha.patel49@gmail.com,05-05-1972,New Delhi,full,11 May 2022,neha6971@hdfcbank
C03994,Amit Gupta,+917008915994,amit.gupta84@gmail.com,2004-09-08,Bangalore,PENDING,03-09-2023,amit5994@ybl
C00651,Aarti Reddy,+917068230481,aarti.reddy19@gmail.com,24/05/97,Jaipur,PENDING,02 May 2021,aarti0481@icici
C02419,S. Joshi,7783155379,sneha.joshi57@gmail.com,19/12/87,hyderabad,MIN,2026-03-21,sneha5379@axl
C01537,"Khan, Meera",9692278913,meera.khan10@gmail.com,31/03/84,pune,full,20 Aug 2020,N/A
C01260,priya gupta,8811268933,unknown,29/09/00,BLR,Full KYC,2020-06-19,priya8933@icici
C00229,ISHA IYER,+919325179172,N/A,"Sep 19, 1982",HYD,full,2024-02-22,isha9172@hdfcbank
C00214,RAHUL GUPTA,07711558179,NULL,"Aug 17, 1964",,min,26 Oct 2023,rahul8179@okbank
C00050,"Yadav, Aarti",8614356428,aarti.yadav23@gmail.com,15/11/78,kolkata,min kyc,22-03-2025,aarti6428@ybl
C00803,Swati Pillai,+916710758536,,17/02/73,Mumbai,Full KYC,16-05-2020,swati8536@ybl
C01023,Fatima Joshi,7672895480,fatima.joshi96@gmail.com,"Feb 09, 2001",,PENDING,20-11-2025,fatima5480@okbank
C00820,Pooja Yadav,+918340968254,,05/11/64,Madras,MIN,19-08-2022,pooja8254@ybl
C02455,Aarti Reddy,8973690001,aarti.reddy9@gmail.com,28-08-1995,New Delhi,FULL,15 Jan 2026,aarti0001@okbank
C03919,"Khan, Suresh",08407438694,suresh.khan20@gmail.com,1969-05-28,,full_kyc,2025-02-09,suresh8694@okbank
C02320,Harsh Nair,+918400349295,harsh.nair4@gmail.com,1975-10-06,,FULL,2020-04-28,harsh9295@okbank
C04841,Sanjay Patel,06998555911,sanjay.patel47@gmail.com,"Jul 15, 2000",,min kyc,13 Jan 2026,sanjay5911@icici
C01838,Rohan Nair,+916370904616,N/A,NULL,Bangalore,min kyc,2020-12-07,rohan4616@sbi
C01808,harsh gupta,09482969820,harsh.gupta65@gmail.com,07/12/88,,full,16 Aug 2024,harsh9820@axl
C00748,Rahul Gupta,84884 28441,rahul.gupta3@gmail.com,30/06/95,lucknow,min kyc,27-02-2026,rahul8441@icici
C01749,isha patel,06640584020,NULL,"Nov 16, 1977",kolkata,FULL,26-03-2022,isha4020@sbi
C00059,R. Verma,+918490446490,unknown,"Apr 01, 1968",chennai,minimum,05 Sep 2025,ritu6490@ybl
C04980,Kavita  Reddy ,74343 18563,kavita.reddy25@gmail.com,1990-08-05,,,08-03-2024,kavita8563@axl
C00539,Vikram Kulkarni,+917408840086,NULL,02-12-1990,lucknow,full,2023-02-27,vikram0086@icici
C90238,Manish Pillai,8768637644,,27-07-1984,delhi,MIN,2025-11-29,manish7644@okbank
C03742,Vikram Mehta,9486205103,,NULL,Ahmedabad,FULL,09 Jul 2022,vikram5103@sbi
C03318,Rahul Kulkarni,7235110545,rahul.kulkarni43@gmail.com,N/A,Lucknow,minimum,2024-05-10,rahul0545@paytm
C03090,A. Sharma,9820933186,amit.sharma58@gmail.com,N/A,Madras,full,2024-05-16,amit3186@okbank
C90112,Rohan Shaikh,8264395803,rohan.shaikh14@gmail.com,1993-06-30,MUMBAI,Full KYC,14 Jan 2024,NULL
C01792,Amit Mehta,8105901342,,N/A,Lucknow,Full KYC,17-01-2026,amit1342@paytm
C02408,Manish Singh,+916796545628,manish.singh27@gmail.com,1969-05-28,jaipur,Full KYC,05 Feb 2020,manish5628@hdfcbank
C03428,Imran  Gupta ,9509191932,N/A,1974-01-07,Kolkata,FULL,2022-02-21,imran1932@axl
C00025,Aarti Bose,91-9028486959,aarti.bose8@gmail.com,2000-09-15,lucknow,min,03 Oct 2020,aarti6959@sbi
C01114,Harsh Nair,8080773966,unknown,24-01-1966,delhi,full_kyc,06 Nov 2020,harsh3966@sbi
C01738,MANISH NAIR,91056 46745,NULL,14-05-1975,kolkata,full_kyc,21-12-2024,manish6745@hdfcbank
C02078,"Verma, Rohan",8766355708,rohan.verma60@gmail.com,"Nov 07, 1990",kolkata,minimum,22 Oct 2023,rohan5708@axl
C04489,Aarti  Joshi ,+916026427219,aarti.joshi87@gmail.com,1985-02-09,Delhi,FULL,2022-08-03,aarti7219@okbank
C03285,Priya Pillai,8575142254,,"Apr 19, 1994",jaipur,min kyc,13 Jun 2020,priya2254@hdfcbank
C00389,D. Joshi,08471508828,NULL,07-11-2004,Mumbai,Full KYC,2022-07-04,NULL
C01678,M. Chopra,91-7160881800,meera.chopra92@gmail.com,03/02/81,Lucknow,FULL,2022-12-18,meera1800@icici
C03470,Harsh Gupta,8837153698,harsh.gupta48@gmail.com,03/10/79,ahmedabad,full,25 Jul 2020,harsh3698@icici
C02364,Rahul Das,08640995996,NULL,"Aug 21, 2000",Kolkata,full,2022-03-21,rahul5996@icici
C00284,MEERA KULKARNI,07786643317,,"Jan 18, 1968",jaipur,full_kyc,2025-05-17,meera3317@hdfcbank
C01191,Swati Singh,91-8653200646,swati.singh23@gmail.com,28-08-1975,Bangalore,pending,13-10-2019,swati0646@icici
C01745,P. Pillai,+916595220625,priya.pillai38@gmail.com,"Jun 12, 1980",MUMBAI,full,02 Jan 2022,priya0625@icici
C03432,Kavita Shaikh,7975495015,kavita.shaikh5@gmail.com,15-10-1990,lucknow,minimum,05-07-2025,kavita5015@okbank
C02053,Sanjay Shaikh,6208531100,sanjay.shaikh49@gmail.com,09-03-1995,Hyderabad,full_kyc,31 Oct 2021,sanjay1100@sbi
C01261,isha shaikh,+918176950750,isha.shaikh2@gmail.com,18/07/62,Delhi,full,19 Jan 2023,isha0750@okbank
C02128,KAVITA PILLAI,88876 44298,NULL,17/10/63,Bangalore,MIN,15 Jul 2021,kavita4298@axl
C00583,Kavita Singh,09293235638,kavita.singh34@gmail.com,1968-07-03,delhi,FULL,02 Feb 2024,kavita5638@hdfcbank
C01758,M. Verma,+918185188612,manish.verma32@gmail.com,03/04/85,Amdavad,Full KYC,07 Mar 2025,manish8612@paytm
C01566,M. Bose,9951698846,,15-02-1986,Jaipur,full,2026-05-12,manish8846@paytm
C01356,Aarti Verma,91-6635228753,aarti.verma8@gmail.com,"Jun 02, 1969",chennai,Full KYC,29 Oct 2025,aarti8753@icici
C03650,HARSH SHARMA,8699830087,N/A,24/08/91,Mumbai,full_kyc,29 Feb 2020,harsh0087@axl
C90142,Harsh Verma,8523295274,unknown,30-06-2001,lucknow,MIN,14-09-2020,harsh5274@ybl
C00712,A. Khan,91-8067049165,,05-11-2000,Madras,full,08 May 2023,arjun9165@sbi
C04245,S. Pillai,9255561439,NULL,26-05-1981,lucknow,full,09-08-2025,sneha1439@ybl
C02259,D. Iyer,7878830420,divya.iyer92@gmail.com,09-03-1981,Mumbai,Full KYC,03 Jul 2020,divya0420@paytm
C02307,Imran Mehta,91-6277420833,imran.mehta38@gmail.com,07-06-1973,Hyderabad,Full KYC,16 Jul 2022,imran0833@axl
C01901,Anjali  Mehta ,6285686277,anjali.mehta27@gmail.com,1970-09-05,Mumbai,Full KYC,2024-02-16,anjali6277@icici
C03998,Sunita  Iyer ,95709 93210,N/A,"Oct 07, 1990",lucknow,,16-11-2023,sunita3210@okbank
C03104,Manish Desai,9781839822,manish.desai51@gmail.com,1998-01-02,Mumbai,full,10-01-2026,manish9822@icici
C01702,H. Mehta,+918283011678,harsh.mehta32@gmail.com,03-03-2000,Hyderabad,MIN,2019-11-02,harsh1678@paytm
C01622,"Verma, Ritu",91-9787033436,N/A,20/05/85,Jaipur,full,18-01-2021,ritu3436@paytm
C01964,Meera Bose,7518159602,meera.bose74@gmail.com,02-03-1983,Chennai,full_kyc,2026-03-19,meera9602@ybl
C04617,harsh desai,8618805002,unknown,1970-11-06,MUMBAI,minimum,2021-05-05,harsh5002@paytm
C00347,AARTI PATEL,+917209427080,aarti.patel8@gmail.com,1991-03-22,Hyderabad,FULL,17-06-2020,aarti7080@sbi
C02712,ROHAN GUPTA,7229381094,,"Oct 20, 1985",bangalore,FULL,04-10-2023,rohan1094@icici
C01923,Manish Mehta,8758895527,,08-01-1978,hyderabad,minimum,30 Oct 2022,manish5527@sbi
C04433,Vikram Reddy,91-6853944661,vikram.reddy24@gmail.com,13/07/69,Bengaluru,min kyc,01-11-2021,vikram4661@icici
C03962,PRIYA YADAV,7055127313,,14-08-1963,,Full KYC,03 Aug 2023,priya7313@sbi
C04803,F. Kulkarni,8024001067,fatima.kulkarni46@gmail.com,"Mar 13, 1981",,FULL,01-12-2024,fatima1067@sbi
C02913,Priya Menon,9813369160,unknown,14/08/81,Ahmedabad,pending,22-04-2026,priya9160@ybl
C01272,Manish Gupta,7264460615,manish.gupta71@gmail.com,1991-08-25,kolkata,full_kyc,2024-10-11,manish0615@ybl
C02856,Swati Khan,91-8683032339,N/A,1992-08-28,New Delhi,full,13-09-2025,swati2339@paytm
C00462,Vijay Nair,+916676152963,vijay.nair44@gmail.com,08/05/83,lucknow,Full KYC,13-04-2021,vijay2963@ybl
C90181,A. Reddy,7295542823,,05-04-1980,,FULL,2022-04-18,anjali2823@axl
C04178,MANISH NAIR,9777173290,manish.nair81@gmail.com,18/06/92,delhi,Full KYC,14-11-2020,manish3290@sbi
C00742,Rohan Nair,08529321913,rohan.nair23@gmail.com,1997-12-03,hyderabad,FULL,30-08-2021,rohan1913@axl
C01376,KAVITA PATEL,7136077088,kavita.patel28@gmail.com,21-01-2001,hyderabad,full,30 May 2022,kavita7088@sbi
C03363,R. Reddy,95060 30898,ritu.reddy84@gmail.com,1970-07-11,mumbai,pending,2026-03-17,ritu0898@paytm
C00244,Anjali Mehta,7609526188,N/A,16-07-1980,DELHI,Full KYC,19-07-2021,anjali6188@paytm
C01889,FATIMA SHAIKH,+917887612345,fatima.shaikh63@gmail.com,"Oct 01, 1979",kolkata,Full KYC,2026-03-29,fatima2345@sbi
C03902,A. Sharma,7525023371,amit.sharma16@gmail.com,08/09/03,hyderabad,min kyc,18 Oct 2024,amit3371@okbank
C04441,Aarti Menon,91-8532650344,,20-08-1967,Madras,FULL,17 Oct 2025,aarti0344@paytm
C04321,Fatima Bose,9771436627,fatima.bose81@gmail.com,10/03/91,Bengaluru,full,2022-04-20,fatima6627@hdfcbank
C03450,Fatima Khan,8179439304,N/A,18/07/66,Chennai,min,01-02-2021,fatima9304@ybl
C00636,Nisha Kulkarni,9295003542,unknown,02-05-2003,BLR,MIN,02 Aug 2025,nisha3542@paytm
C04215,S. Mehta,91-6281307843,suresh.mehta16@gmail.com,1989-08-20,,min,02 Apr 2020,suresh7843@axl
C03411,meera chopra,91-6101674633,meera.chopra90@gmail.com,18/07/03,Bangalore,FULL,21-08-2023,meera4633@okbank
C90120,Sanjay  Khan ,7993324699,sanjay.khan9@gmail.com,1999-09-26,Pune,min kyc,18-07-2021,unknown
C04812,Suresh  Gupta ,6878883105,suresh.gupta52@gmail.com,"May 12, 2003",Poona,full,03-04-2025,suresh3105@icici
C02405,Deepak  Chopra ,09824748285,deepak.chopra97@gmail.com,31/01/92,Mumbai,full_kyc,2021-11-18,deepak8285@axl
C02929,Priya  Chopra ,7526293248,priya.chopra17@gmail.com,"Feb 19, 1984",Amdavad,Full KYC,11-04-2025,priya3248@axl
C02314,Karan Kulkarni,+919021056458,karan.kulkarni71@gmail.com,"Oct 18, 1965",Lucknow,full_kyc,22-01-2026,karan6458@axl
C02774,Manish Bose,6535725785,NULL,"Jan 18, 1991",Calcutta,full,20-03-2025,manish5785@axl
C00565,PRIYA BOSE,66653 15937,NULL,"Jun 22, 1993",Pune,full,14 Feb 2025,priya5937@axl
C04408,Divya Pillai,91-7962494394,unknown,04/08/62,kolkata,full,24 Mar 2022,divya4394@paytm
C02599,Sanjay Shaikh,91-8785395592,sanjay.shaikh92@gmail.com,29-04-1983,HYD,MIN,2022-09-07,sanjay5592@axl
C02206,ISHA KHAN,91-9468496436,isha.khan53@gmail.com,11-04-1966,,min,05 May 2020,isha6436@ybl
C03676,Deepak Desai,7245352205,deepak.desai51@gmail.com,"Oct 16, 2004",ahmedabad,full,2020-10-08,deepak2205@axl
C02764,H. Iyer,8175165550,,31/08/04,Jaipur,FULL,19 Mar 2023,harsh5550@sbi
C04594,"Verma, Karan",+919702686649,karan.verma72@gmail.com,1986-04-12,Bombay,full,12 Jan 2020,karan6649@paytm
C90229,Nisha Chopra,9972243880,,15-08-2001,Jaipur,minimum,2020-12-09,nisha3880@paytm
C03012,F. Menon,91-6009300719,farhan.menon30@gmail.com,22/01/77,Pune,full_kyc,21-07-2022,farhan0719@okbank
C04337,"Shaikh, Imran",8198873011,imran.shaikh14@gmail.com,13-09-1989,Bombay,FULL,2019-09-14,imran3011@icici
C02227,Sneha Menon,64830 78335,sneha.menon74@gmail.com,1988-05-07,Ahmedabad,full_kyc,19-02-2023,sneha8335@okbank
C01982,PRIYA MEHTA,8083027840,priya.mehta49@gmail.com,12-02-1973,bangalore,minimum,2025-10-17,priya7840@hdfcbank
C04928,Neha Yadav,7540258068,,"Jul 12, 1961",chennai,full,2026-04-25,neha8068@hdfcbank
C03198,M. Kulkarni,6747779142,manish.kulkarni37@gmail.com,2005-01-12,Mumbai,full,19-11-2025,manish9142@paytm
C04792,Fatima Kulkarni,+916159594997,fatima.kulkarni30@gmail.com,"Jan 16, 1994",DELHI,full_kyc,14 Apr 2025,fatima4997@icici
C90045,Ritu Verma,9441110667,,"Sep 29, 1981",Lucknow,MIN,08 Aug 2025,ritu0667@axl
C02946,R. Pillai,63996 73177,ritu.pillai47@gmail.com,09-07-1975,Chennai,full,18 Jun 2025,ritu3177@ybl
C02695,Tarun Menon,+917104835643,tarun.menon75@gmail.com,26-03-1989,delhi,full,2020-08-30,tarun5643@axl
C01998,Karan Bose,7539536986,karan.bose67@gmail.com,06/07/03,ahmedabad,Full KYC,01 Feb 2020,karan6986@icici
C02562,arjun chopra,+919497979212,arjun.chopra8@gmail.com,24-09-1975,,PENDING,26 May 2026,arjun9212@axl
C04770,IMRAN KHAN,76668 45190,imran.khan79@gmail.com,27/01/71,chennai,min kyc,2025-01-10,imran5190@paytm
C00947,"Shaikh, Priya",6752350537,priya.shaikh28@gmail.com,17/03/03,Bengaluru,min kyc,12 May 2025,priya0537@sbi
C02489,Imran Iyer,8323932788,imran.iyer97@gmail.com,18-08-1968,Lucknow,Full KYC,17 Nov 2021,imran2788@paytm
C90296,ROHAN MEHTA,8647457417,rohan.mehta48@gmail.com,,lucknow,min,08-10-2025,rohan7417@axl
C03696,Suresh Desai,6208434379,suresh.desai43@gmail.com,"Mar 10, 1983",lucknow,min kyc,2026-03-21,suresh4379@icici
C03275,"Desai, Nisha",6363545927,nisha.desai82@gmail.com,"Apr 30, 1985",Amdavad,MIN,07 Aug 2022,nisha5927@paytm
C01672,KAVITA KHAN,6816518284,NULL,22/10/75,jaipur,full,2023-06-26,kavita8284@hdfcbank
C02622,Rahul Patel,7051655575,unknown,"Jan 07, 1974",Jaipur,FULL,2025-05-08,rahul5575@icici
C04474,RITU VERMA,83452 59370,,,ahmedabad,FULL,28-06-2020,ritu9370@axl
C90124,Nisha Nair,7959038920,,25-10-1971,BLR,PENDING,24 May 2022,nisha8920@paytm
C00454,Imran Kulkarni,+918640116925,NULL,08/01/04,HYD,minimum,10-05-2025,NULL
C02184,"Kulkarni, Deepak",6008423854,deepak.kulkarni6@gmail.com,19/07/86,Lucknow,minimum,2020-01-24,deepak3854@hdfcbank
C90239,SURESH DAS,6599835230,N/A,1967-10-12,lucknow,pending,27 Feb 2020,N/A
C01378,"Joshi, Pooja",81317 78897,pooja.joshi81@gmail.com,2003-09-22,Calcutta,Full KYC,01 Mar 2020,pooja8897@sbi
C01870,Vikram Iyer,68241 30853,,14-01-1977,hyderabad,full_kyc,20 Nov 2022,vikram0853@okbank
C01592,amit joshi,8515656756,amit.joshi59@gmail.com,05/02/88,Chennai,Full KYC,2025-02-07,amit6756@hdfcbank
C05032,tarun singh,91-8815001957,,1998-09-27,pune,minimum,07 Jun 2026,tarun1957@hdfcbank
C04665,Vikram Khan,8182733335,vikram.khan81@gmail.com,1998-10-21,Delhi,Full KYC,16 Apr 2021,vikram3335@paytm
C03814,Isha Patel,99621 11731,,26-02-1990,Jaipur,full,2025-02-02,isha1731@hdfcbank
C03308,Karan Menon,8560036614,karan.menon5@gmail.com,31-10-1966,Hyderabad,NA,2026-01-07,karan6614@paytm
C02088,Isha Shaikh,9307221904,,1985-04-03,Lucknow,min,23-04-2026,isha1904@sbi
C03114,Aarti Singh,9838093019,aarti.singh68@gmail.com,"Mar 15, 1977",Lucknow,full,17 Feb 2025,aarti3019@axl
C03017,Sanjay Singh,+918282751775,sanjay.singh3@gmail.com,30-07-1988,Madras,minimum,05 May 2021,sanjay1775@axl
C04273,N. Khan,+917515271289,nisha.khan81@gmail.com,"Oct 30, 1975",Madras,FULL,15-09-2022,nisha1289@axl
C90194,Harsh Mehta,8458992416,harsh.mehta9@gmail.com,1971-09-06,,NA,03 Dec 2019,harsh2416@okbank
C03704,nisha desai,+919648003667,nisha.desai60@gmail.com,1970-11-18,Calcutta,full_kyc,19 Sep 2021,nisha3667@icici
C02083,Tarun Nair,91-6596439303,tarun.nair13@gmail.com,11-06-1961,Poona,Full KYC,17-01-2025,tarun9303@axl
C03061,Manish Yadav,9290092916,manish.yadav20@gmail.com,"Jun 27, 1998",Lucknow,min,2023-01-16,manish2916@okbank
C04399,Anjali Chopra,+919433568331,anjali.chopra47@gmail.com,11/03/67,,minimum,27 Apr 2025,anjali8331@axl
C03180,Manish Patel,7154965504,N/A,29/05/84,Lucknow,PENDING,24-01-2025,manish5504@sbi
C04074,Isha Kulkarni,91-9785351562,isha.kulkarni27@gmail.com,01-08-1998,Bengaluru,Full KYC,26 Dec 2022,isha1562@hdfcbank
C01908,Aarti Joshi,6490627461,,1969-10-08,Pune,min,11 Apr 2026,aarti7461@axl
C03211,Amit  Singh ,91-8844114413,unknown,1984-02-05,chennai,Full KYC,2024-02-16,amit4413@paytm
C00121,Vikram  Khan ,6590483793,vikram.khan42@gmail.com,13/04/90,MUMBAI,MIN,13-05-2021,vikram3793@sbi
C03913,Neha  Kulkarni ,9867230205,neha.kulkarni60@gmail.com,07/10/69,Hyderabad,minimum,20-12-2024,neha0205@axl
C01959,Farhan Iyer,91-8074687229,unknown,13-07-1987,mumbai,MIN,2023-10-25,
C04626,Aarti Pillai,+916233639611,aarti.pillai58@gmail.com,31-01-1985,Kolkata,Full KYC,07-09-2024,aarti9611@icici
C90057,Suresh Kulkarni,9706173246,suresh.kulkarni28@gmail.com,"Dec 31, 1970",Madras,full_kyc,04-11-2020,suresh3246@sbi
C01018,F. Kulkarni,91-9763814355,farhan.kulkarni25@gmail.com,01-08-1975,chennai,full,2019-08-30,farhan4355@paytm
C90188,SWATI MEHTA,8491323507,swati.mehta31@gmail.com,09/10/80,jaipur,min,25-06-2023,
C00384,NEHA MENON,83785 52533,unknown,11/05/75,mumbai,full,12-05-2020,neha2533@icici
C00872,rahul menon,09613069121,rahul.menon75@gmail.com,17/05/78,Madras,PENDING,29-06-2022,rahul9121@axl
C01083,S. Nair,9594808891,suresh.nair85@gmail.com,12/06/75,chennai,full_kyc,2023-04-16,suresh8891@okbank
C02874,Sneha Khan,7276672763,unknown,02/04/88,Amdavad,full,2021-12-26,sneha2763@hdfcbank
C00978,Manish Gupta,9964540940,N/A,03/04/99,jaipur,minimum,28 Oct 2023,manish0940@okbank
C01013,Farhan Sharma,08514817704,farhan.sharma35@gmail.com,11/10/99,Bangalore,min kyc,11 Jul 2021,farhan7704@ybl
C04360,Divya Das,6421269151,divya.das36@gmail.com,"Sep 01, 1997",Chennai,FULL,29 Jul 2021,divya9151@sbi
C04697,priya khan,8747677627,NULL,23-07-2002,Bombay,FULL,03 Jan 2023,priya7627@axl
C02275,VIKRAM SHAIKH,7291468480,vikram.shaikh99@gmail.com,"Sep 28, 1999",Bengaluru,full_kyc,01 Nov 2025,vikram8480@hdfcbank
C04600,Kavita  Menon ,09118953968,,1963-05-21,Mumbai,FULL,2021-02-28,kavita3968@paytm
C00599,Nisha Iyer,91-6951594662,nisha.iyer21@gmail.com,NULL,ahmedabad,full,27 May 2023,nisha4662@okbank
C02026,Sunita Reddy,+918854415372,sunita.reddy64@gmail.com,07-11-1985,Chennai,full_kyc,25 Apr 2021,sunita5372@axl
C03439,Meera  Verma ,9834096656,,2002-01-29,Kolkata,min,19-08-2021,meera6656@axl
C03781,pooja bose,91-9312003000,pooja.bose31@gmail.com,22-04-1980,Ahmedabad,full_kyc,27-11-2019,pooja3000@hdfcbank
C01244,Harsh Joshi,+918728547586,N/A,"Dec 20, 1987",Mumbai,full,2019-12-30,harsh7586@paytm
C04477,Rohan Khan,82699 61630,rohan.khan19@gmail.com,1987-04-17,Madras,FULL,18 Apr 2020,rohan1630@paytm
C03429,HARSH YADAV,63180 60597,,28-04-1981,,Full KYC,18-07-2024,harsh0597@hdfcbank
C03837,Isha Desai,+919316814466,isha.desai33@gmail.com,"Mar 28, 1976",ahmedabad,full,16-12-2020,isha4466@icici
C01249,I. Menon,67060 21825,,12-07-1990,Hyderabad,full_kyc,01 Sep 2024,isha1825@okbank
C02436,anjali yadav,7146854943,anjali.yadav62@gmail.com,03-10-2000,New Delhi,MIN,06 Aug 2020,anjali4943@axl
C02283,swati chopra,7620131432,swati.chopra74@gmail.com,1993-03-16,Bombay,Full KYC,2021-11-22,swati1432@paytm
C04570,Farhan Verma,6202581147,unknown,1980-05-01,Chennai,full,07-02-2025,farhan1147@paytm
C01483,SURESH DAS,9372447023,,,delhi,full,12-08-2024,suresh7023@hdfcbank
C03103,HARSH PILLAI,93463 92817,harsh.pillai63@gmail.com,NULL,jaipur,full_kyc,15 Nov 2023,harsh2817@paytm
C00617,Ritu Singh,6321287995,ritu.singh99@gmail.com,NULL,Poona,Full KYC,12 Sep 2019,ritu7995@paytm
C03222,ritu joshi,6816292884,unknown,1972-03-17,Lucknow,MIN,09 Jul 2022,ritu2884@icici
C00856,Swati Sharma,6083262918,swati.sharma41@gmail.com,21-05-1971,chennai,minimum,2025-08-22,unknown
C04126,R. Bose,91-8431975930,rohan.bose13@gmail.com,"Sep 13, 1978",Bombay,full,22-04-2020,rohan5930@ybl
C04257,Kavita Bose,+919799452767,kavita.bose26@gmail.com,1985-04-08,Lucknow,full_kyc,26-11-2019,kavita2767@sbi
C04063,sanjay singh,7913351151,sanjay.singh87@gmail.com,"Aug 24, 1961",ahmedabad,full_kyc,23-02-2022,sanjay1151@ybl
C01146,"Patel, Amit",+919545158814,amit.patel91@gmail.com,1996-02-29,bangalore,FULL,17 Jan 2026,amit8814@icici
C01862,A. Bose,09193736190,NULL,2001-07-27,Bombay,full_kyc,02-11-2024,aarti6190@icici
C90007,RITU GUPTA,7735721997,unknown,1997-10-25,Bombay,,13-04-2023,
C04495,Rohan Chopra,+919950974823,rohan.chopra10@gmail.com,"Jun 03, 1978",Amdavad,FULL,25-08-2025,rohan4823@sbi
C00439,Vikram Patel,9359514823,unknown,06/05/95,lucknow,Full KYC,20-10-2021,vikram4823@hdfcbank
C01737,Ritu Nair,8037698893,ritu.nair96@gmail.com,07-03-1979,Chennai,FULL,2020-11-02,ritu8893@hdfcbank
C03102,AMIT DAS,09061721492,,1969-02-06,Kolkata,min,26 Mar 2023,amit1492@hdfcbank
C01787,Vijay Shaikh,7739465408,vijay.shaikh75@gmail.com,"Jul 17, 1971",Ahmedabad,full_kyc,2026-04-06,vijay5408@ybl
C04496,A. Khan,+918093915647,aarti.khan61@gmail.com,1990-04-19,Calcutta,Full KYC,22-02-2022,aarti5647@ybl
C03106,Manish Shaikh,07345010456,NULL,04/03/75,kolkata,Full KYC,06 Apr 2022,manish0456@sbi
C03970,ISHA REDDY,8349034645,isha.reddy75@gmail.com,1980-05-15,Chennai,FULL,24-07-2020,isha4645@ybl
C00005,R. Patel,7957248611,,28/07/84,lucknow,Full KYC,15 Nov 2019,rohan8611@sbi
C01719,Vijay Pillai,7276813410,vijay.pillai70@gmail.com,,Pune,FULL,28 Feb 2020,vijay3410@hdfcbank
C01748,Vikram Verma,8346775429,vikram.verma90@gmail.com,11-01-1988,Pune,Full KYC,2022-11-02,vikram5429@ybl
C02207,isha singh,69054 94528,isha.singh97@gmail.com,"Jun 28, 1994",Calcutta,Full KYC,20 Jul 2025,isha4528@icici
C03576,vikram menon,06542972505,,"Nov 16, 2004",Calcutta,Full KYC,12 Jul 2025,vikram2505@ybl
C03419,"Sharma, Swati",9150133333,NULL,25/04/90,Lucknow,full_kyc,2025-02-28,swati3333@sbi
C04727,Arjun Menon,9436825704,N/A,30-11-1982,Amdavad,full,2022-01-02,arjun5704@icici
C00068,S. Reddy,08396112117,N/A,1967-10-06,Bengaluru,PENDING,2020-11-16,suresh2117@sbi
C03927,DIVYA NAIR,7865411230,divya.nair87@gmail.com,1999-03-27,Lucknow,full,26 Sep 2022,divya1230@axl
C03546,Vijay Verma,6824951113,vijay.verma19@gmail.com,"Oct 13, 1989",lucknow,min kyc,15-09-2025,vijay1113@sbi
C02951,Ritu Shaikh,78336 01665,ritu.shaikh66@gmail.com,,HYD,pending,11-10-2019,ritu1665@axl
C02271,"Shaikh, Farhan",+916227681465,farhan.shaikh87@gmail.com,1967-09-30,,full,02-02-2024,farhan1465@axl
C03020,HARSH DESAI,7638345801,harsh.desai75@gmail.com,09-04-1973,mumbai,min,20-03-2026,harsh5801@paytm
C01857,Karan  Shaikh ,06220556212,karan.shaikh57@gmail.com,26-06-1963,New Delhi,Full KYC,12 Apr 2024,karan6212@paytm
C03770,Neha Desai,7197700457,N/A,14-03-1962,Madras,full,11 Sep 2020,neha0457@paytm
C02643,Pooja Khan,+918667230969,pooja.khan6@gmail.com,1989-08-14,Delhi,min,07-01-2022,pooja0969@ybl
C05003,MANISH DAS,7646587422,manish.das79@gmail.com,"Apr 19, 1982",Amdavad,min kyc,01 Jun 2026,manish7422@ybl
C02406,Farhan Mehta,+918066396024,NULL,05-10-1977,chennai,full_kyc,18-10-2019,farhan6024@hdfcbank
C00579,"Kulkarni, Rahul",6733700259,rahul.kulkarni76@gmail.com,26-06-1996,Pune,FULL,09 Aug 2024,rahul0259@paytm
C00303,SANJAY NAIR,7795594487,sanjay.nair82@gmail.com,17/04/67,Ahmedabad,full_kyc,08-02-2022,sanjay4487@axl
C03654,vikram gupta,91-8158565801,,02-06-1964,Bangalore,full_kyc,21 Dec 2025,vikram5801@okbank
C00866,"Singh, Rahul",7737851825,rahul.singh93@gmail.com,09/10/02,Amdavad,full_kyc,2020-01-14,rahul1825@sbi
C03537,Nisha Gupta,6961745111,nisha.gupta22@gmail.com,25-08-1988,chennai,min,06 Dec 2023,nisha5111@icici
C00827,Kavita Verma,9605164486,,"Aug 08, 1976",pune,full,2023-11-10,kavita4486@icici
C04821,A. Joshi,6149057569,arjun.joshi52@gmail.com,"Aug 15, 1965",Delhi,MIN,2022-12-24,arjun7569@hdfcbank
C00982,harsh reddy,9849230232,harsh.reddy8@gmail.com,"Nov 14, 1978",Mumbai,Full KYC,01-02-2022,harsh0232@paytm
C00581,Sunita Nair,06057707590,sunita.nair13@gmail.com,03/02/96,Poona,MIN,01 Dec 2022,sunita7590@hdfcbank
C00785,Priya  Singh ,+918731550037,priya.singh81@gmail.com,"Feb 24, 1968",Ahmedabad,PENDING,17-04-2020,priya0037@paytm
C02265,Imran Nair,07450952218,N/A,"Mar 15, 2004",DELHI,min kyc,2020-02-13,imran2218@ybl
C01704,Suresh Yadav,09170725517,,10-03-1990,mumbai,full,21-11-2024,suresh5517@axl
C01583,Priya Gupta,9071235085,,1967-10-17,mumbai,FULL,24 Mar 2026,priya5085@okbank
C03080,"Reddy, Pooja",+917027481886,pooja.reddy70@gmail.com,"Feb 25, 1961",Ahmedabad,Full KYC,16-01-2026,pooja1886@okbank
C01332,Vijay  Das ,7438117124,vijay.das85@gmail.com,17-04-1994,jaipur,FULL,2024-05-06,vijay7124@icici
C00376,Amit Nair,+919816644174,,2000-04-22,Pune,full_kyc,29 Oct 2019,amit4174@axl
C01165,Amit  Menon ,06653197238,NULL,1996-10-29,hyderabad,minimum,07-03-2026,amit7238@axl
C02496,Nisha Chopra,+917757635669,,18/12/05,Bombay,full,2020-09-27,nisha5669@hdfcbank
C03646,Isha Pillai,6682506030,isha.pillai64@gmail.com,25-01-1971,,MIN,14-02-2021,isha6030@ybl
C00928,Sneha Shaikh,+916703984810,sneha.shaikh10@gmail.com,26-06-2002,New Delhi,min kyc,05 Oct 2019,sneha4810@paytm
C01435,V. Mehta,6756108503,vijay.mehta75@gmail.com,,Lucknow,full_kyc,18-04-2026,vijay8503@sbi
C01809,deepak sharma,7470010648,N/A,1971-11-17,Amdavad,Full KYC,15 Apr 2023,deepak0648@paytm
C01106,T. Sharma,7809478692,unknown,16/10/78,Pune,full_kyc,2021-04-09,tarun8692@ybl
C03602,Priya Iyer,6059597403,priya.iyer36@gmail.com,02-06-1997,Madras,pending,10-09-2022,priya7403@paytm
C00624,Rohan Desai,6712233291,N/A,NULL,Jaipur,min,10 Feb 2023,rohan3291@ybl
C03834,K. Menon,6926034938,karan.menon89@gmail.com,23-12-1966,Madras,full,21 Dec 2020,karan4938@axl
C00101,Isha Iyer,9819934999,NULL,N/A,MUMBAI,full,29 Aug 2019,isha4999@okbank
C01035,Suresh  Pillai ,+916361230479,suresh.pillai52@gmail.com,1996-08-29,lucknow,,08 Dec 2022,suresh0479@ybl
C03567,Arjun Mehta,+916613731568,arjun.mehta53@gmail.com,N/A,New Delhi,full,09 Apr 2025,arjun1568@sbi
C01806,meera pillai,7091034701,meera.pillai34@gmail.com,22/07/83,Amdavad,Full KYC,2020-01-13,meera4701@axl
C01648,Vijay Verma,7995894401,unknown,1999-09-22,Mumbai,min,15-09-2025,vijay4401@icici
C00240,Vikram Shaikh,8575184276,vikram.shaikh5@gmail.com,12/12/94,pune,full,06-09-2021,vikram4276@axl
C03888,Isha Singh,06429553864,isha.singh18@gmail.com,29-01-1961,Jaipur,min kyc,06 Sep 2025,isha3864@icici
C04342,"Joshi, Vijay",6251998523,vijay.joshi14@gmail.com,26/12/67,delhi,full,2024-07-01,NULL
C02012,"Sharma, Farhan",06029541118,,"Apr 15, 1987",,,2021-09-01,farhan1118@paytm
C00204,Pooja Reddy,8329645761,,1992-01-16,jaipur,full_kyc,07 Sep 2023,pooja5761@okbank
C02916,Rohan Shaikh,9599758597,rohan.shaikh37@gmail.com,"Apr 02, 1996",jaipur,full_kyc,27-02-2022,rohan8597@axl
C00363,Karan  Verma ,7492349289,N/A,1989-01-30,Calcutta,MIN,2022-11-17,karan9289@axl
C01708,meera khan,+917634813530,meera.khan83@gmail.com,21-02-1976,jaipur,Full KYC,18 Jun 2023,meera3530@icici
C02550,Arjun Menon,08962455750,,"Jun 27, 2003",Amdavad,full_kyc,21-05-2026,arjun5750@okbank
C01830,Rahul Kulkarni,+918253436351,rahul.kulkarni76@gmail.com,"Sep 18, 1967",Hyderabad,full,15-04-2021,rahul6351@paytm
C00222,sunita sharma,06532841452,,01-01-1999,Lucknow,Full KYC,30 Apr 2023,sunita1452@axl
C00959,Farhan Gupta,6088543734,farhan.gupta89@gmail.com,"Jan 10, 1996",lucknow,MIN,25-10-2020,farhan3734@paytm
C03571,KAVITA SINGH,89545 19632,kavita.singh89@gmail.com,"Sep 01, 1965",lucknow,full_kyc,25-08-2024,kavita9632@okbank
C03273,manish shaikh,+916455122113,manish.shaikh40@gmail.com,27-03-1995,hyderabad,FULL,2026-02-06,manish2113@axl
C02384,Imran Nair,+916313879274,unknown,1993-10-07,lucknow,Full KYC,05 Mar 2026,imran9274@paytm
C01863,rohan verma,6667585727,,26-03-1971,bangalore,MIN,14-07-2024,rohan5727@okbank
C00660,Rahul Singh,+919245617758,N/A,,lucknow,Full KYC,2022-02-15,rahul7758@okbank
C00173,Tarun Mehta,7042337388,tarun.mehta21@gmail.com,,Pune,FULL,13 Jun 2021,tarun7388@hdfcbank
C01484,Anjali Menon,+919601209923,anjali.menon71@gmail.com,10/03/66,Chennai,full_kyc,2026-01-24,anjali9923@icici
C01802,Tarun Singh,+917411727617,tarun.singh26@gmail.com,"Jul 05, 1981",bangalore,min kyc,2023-04-12,tarun7617@okbank
C03750,Anjali Bose,+917486407790,anjali.bose47@gmail.com,"Jul 12, 1980",Ahmedabad,full,25 Jan 2023,anjali7790@axl
C00544,Suresh Bose,+917373063737,,"Jul 25, 1973",hyderabad,min,08-01-2023,suresh3737@sbi
C04396,"Pillai, Anjali",8935293854,anjali.pillai7@gmail.com,NULL,mumbai,full,02 Apr 2020,anjali3854@ybl
C00957,VIJAY SINGH,06549967912,,30-11-1988,New Delhi,MIN,2020-01-06,vijay7912@axl
C03836,kavita sharma,77962 90094,unknown,2004-05-23,Jaipur,full_kyc,26 Nov 2023,kavita0094@axl
C01769,Rahul Menon,8566737457,rahul.menon53@gmail.com,1998-03-13,bangalore,min kyc,2023-10-02,rahul7457@icici
C03453,"Verma, Kavita",91-9383746796,kavita.verma36@gmail.com,1998-11-05,chennai,FULL,07 Jul 2022,kavita6796@okbank
C01564,Farhan Patel,8445593212,NULL,20/12/97,delhi,full,25 Jan 2024,farhan3212@okbank
C90125,S. Verma,7038214642,suresh.verma32@gmail.com,1974-12-09,Ahmedabad,FULL,28 May 2021,suresh4642@axl
C03581,Anjali Nair,07215040250,unknown,18/12/71,ahmedabad,FULL,2019-10-29,anjali0250@hdfcbank
C01630,Manish Shaikh,8776710487,N/A,26/04/97,mumbai,full_kyc,14 Apr 2021,manish0487@ybl
C02735,Karan Khan,8972382407,karan.khan61@gmail.com,1997-11-27,Hyderabad,minimum,2023-04-20,karan2407@axl
C04546,suresh chopra,6695596135,suresh.chopra23@gmail.com,07/10/62,Lucknow,Full KYC,2022-01-23,suresh6135@okbank
C00106,Kavita Khan,7351250584,unknown,"Apr 09, 1998",Jaipur,full_kyc,25 Feb 2020,kavita0584@sbi
C04191,Priya Patel,+917665687329,priya.patel42@gmail.com,"Dec 17, 2003",BLR,,20 Mar 2026,priya7329@paytm
C01904,vijay yadav,9212434110,,1981-07-15,Madras,full_kyc,08 Feb 2024,vijay4110@sbi
C04557,Rahul Yadav,80770 79558,rahul.yadav38@gmail.com,2005-11-25,Jaipur,full_kyc,11-11-2021,rahul9558@ybl
C03746,Ritu Iyer,91-6012761330,N/A,26-01-1986,jaipur,minimum,29 Jul 2020,ritu1330@hdfcbank
C02249,IMRAN MEHTA,6979394304,imran.mehta36@gmail.com,"Feb 14, 1996",Bangalore,MIN,2020-08-21,imran4304@axl
C01872,SUNITA DESAI,+916326956101,,1985-08-13,Chennai,min,23-10-2020,sunita6101@hdfcbank
C04896,Rohan Bose,6353133246,rohan.bose40@gmail.com,1974-08-03,Calcutta,min kyc,2019-08-28,rohan3246@okbank
C01647,Nisha  Verma ,+917469435372,,1961-08-15,Calcutta,Full KYC,26-08-2025,nisha5372@axl
C03434,Nisha Khan,6602903311,NULL,"Mar 03, 1996",Lucknow,full,2025-04-27,nisha3311@axl
C03177,sanjay das,08697152020,sanjay.das97@gmail.com,1971-03-16,jaipur,min,2023-01-03,sanjay2020@sbi
C03123,Farhan Shaikh,+916309480120,farhan.shaikh14@gmail.com,11/11/75,kolkata,full,2026-03-26,farhan0120@icici
C02724,Manish Kulkarni,6266833441,manish.kulkarni10@gmail.com,22/04/98,MUMBAI,min kyc,2020-04-22,manish3441@paytm
C01392,Imran Yadav,66009 73563,N/A,"Dec 19, 2001",Calcutta,min,2021-07-27,imran3563@ybl
C04415,Manish Patel,06412741967,manish.patel64@gmail.com,2001-05-29,MUMBAI,minimum,2023-07-24,manish1967@icici
C01572,meera iyer,8283108105,,15-04-1962,Jaipur,FULL,01 May 2024,meera8105@icici
C02796,Suresh Verma,+916537406192,suresh.verma31@gmail.com,"Mar 09, 1973",pune,full,2020-05-22,suresh6192@paytm
C04969,karan iyer,8361744092,N/A,19-06-1970,pune,NA,29-08-2019,karan4092@icici
C00707,AMIT MEHTA,9615424963,amit.mehta43@gmail.com,13-11-1988,lucknow,full,18-01-2025,amit4963@icici
C01717,Swati Joshi,86134 09282,swati.joshi59@gmail.com,19-01-1991,Poona,full,01-10-2022,swati9282@paytm
C01755,Isha Nair,91-9670079590,isha.nair58@gmail.com,"Jan 26, 1993",Delhi,FULL,2022-08-20,isha9590@ybl
C00849,isha chopra,07931545825,isha.chopra47@gmail.com,1994-03-14,DELHI,FULL,04-10-2020,isha5825@okbank
C00261,SWATI DAS,6086239038,swati.das64@gmail.com,24/11/68,Bangalore,full,13 Apr 2021,swati9038@icici
C00658,Priya Menon,+919187789082,priya.menon91@gmail.com,"Nov 09, 2002",Calcutta,full,14 Dec 2020,priya9082@hdfcbank
C02624,Meera Khan,+918501525994,meera.khan83@gmail.com,2000-02-28,Madras,min,07 Jul 2025,meera5994@sbi
C03540,ISHA NAIR,+918757937781,isha.nair27@gmail.com,22/04/67,pune,minimum,2020-06-10,isha7781@hdfcbank
C00710,Imran Kulkarni,91-7721802638,,2004-04-17,ahmedabad,full,2023-05-11,imran2638@paytm
C00177,vikram sharma,9966028396,,N/A,Kolkata,MIN,08 Apr 2021,vikram8396@paytm
C02742,Neha Nair,+916600624334,unknown,1995-09-24,delhi,full,28-11-2021,neha4334@icici
C03372,Imran Reddy,9298682135,imran.reddy7@gmail.com,25-09-2003,New Delhi,full,19-08-2024,imran2135@sbi
C00884,Meera Kulkarni,8199149452,,"Aug 18, 1976",chennai,FULL,20 Jan 2024,meera9452@axl
C00773,AARTI IYER,8449182699,aarti.iyer87@gmail.com,,Kolkata,FULL,2026-04-25,aarti2699@axl
C00845,Kavita  Chopra ,09585448815,kavita.chopra72@gmail.com,"Aug 07, 1978",Jaipur,,2025-12-27,kavita8815@hdfcbank
C90075,Manish Joshi,06434358140,manish.joshi23@gmail.com,29-05-1998,DELHI,,09-01-2023,manish8140@sbi
C00657,rohan khan,9179146701,rohan.khan17@gmail.com,1988-12-01,,full,15-09-2019,rohan6701@sbi
C02133,Neha  Gupta ,6955992950,neha.gupta97@gmail.com,1968-05-14,Bangalore,full,20-04-2024,neha2950@hdfcbank
C01535,Harsh Khan,87956 36577,harsh.khan58@gmail.com,"Dec 08, 2002",kolkata,MIN,04 Nov 2025,harsh6577@axl
C02685,amit shaikh,+916608629339,unknown,01/03/05,Madras,MIN,11 Mar 2026,amit9339@okbank
C01963,Isha Chopra,7475494230,isha.chopra77@gmail.com,20-03-1987,Jaipur,Full KYC,03 Oct 2024,isha4230@okbank
C04520,Harsh Desai,09846985012,harsh.desai48@gmail.com,NULL,Ahmedabad,FULL,2022-10-09,harsh5012@hdfcbank
C03305,Imran Desai,6849094883,imran.desai40@gmail.com,1985-04-26,mumbai,full,04 Mar 2026,imran4883@paytm
C90260,VIKRAM PATEL,6713596556,,"Oct 23, 1972",jaipur,full,15 May 2022,vikram6556@ybl
C01665,Meera Kulkarni,91-9755927847,meera.kulkarni50@gmail.com,1972-08-10,mumbai,MIN,2022-11-26,meera7847@ybl
C01344,Sanjay Kulkarni,9593441857,sanjay.kulkarni23@gmail.com,05-03-1965,Bangalore,minimum,24 Dec 2023,sanjay1857@axl
C02485,Suresh Bose,6102619122,,1975-10-02,bangalore,full,17-11-2020,suresh9122@paytm
C00080,S. Singh,08133686941,sunita.singh16@gmail.com,05/02/73,delhi,min,2021-04-14,sunita6941@okbank
C00656,Sunita Desai,06041878927,sunita.desai20@gmail.com,05-08-1998,Kolkata,full,2023-08-18,sunita8927@hdfcbank
C05008,"Patel, Arjun",8016144976,unknown,14/04/93,hyderabad,min,2026-06-08,arjun4976@icici
C05039,S. Joshi,83644 95916,N/A,26-05-1970,bangalore,min,2026-06-22,sunita5916@hdfcbank
C03055,Vijay Reddy,7131031237,NULL,06/09/77,New Delhi,FULL,2026-02-27,vijay1237@ybl
C00512,deepak gupta,81878 32001,deepak.gupta2@gmail.com,29-01-1963,lucknow,min,2025-03-04,deepak2001@sbi
C03632,K. Chopra,9783523126,karan.chopra5@gmail.com,N/A,jaipur,NA,11 Mar 2020,karan3126@sbi
C00306,Karan Verma,9186468159,karan.verma5@gmail.com,23-04-1964,BLR,FULL,15 Mar 2026,karan8159@sbi
C04870,Aarti Kulkarni,91-7658819724,N/A,05-03-1989,Lucknow,FULL,2020-04-13,aarti9724@sbi
C02014,F. Yadav,7278383832,fatima.yadav36@gmail.com,1967-03-31,Bombay,full_kyc,19 Oct 2019,fatima3832@sbi
C00255,Deepak Joshi,6750073848,deepak.joshi71@gmail.com,05-05-1981,Lucknow,NA,2022-02-16,deepak3848@okbank
C01919,POOJA IYER,9935319401,pooja.iyer36@gmail.com,"Dec 13, 1985",MUMBAI,minimum,2020-11-30,pooja9401@paytm
C00393,Sneha Shaikh,6832101120,sneha.shaikh33@gmail.com,11-07-1988,Calcutta,MIN,03-10-2025,sneha1120@icici
C03444,Nisha Reddy,+917688951286,,06-06-1981,hyderabad,pending,11 Dec 2024,nisha1286@ybl
C03291,RAHUL CHOPRA,+917965817410,rahul.chopra62@gmail.com,17-02-1978,Delhi,MIN,26 Sep 2024,rahul7410@axl
C01245,Priya Iyer,+919732464648,priya.iyer62@gmail.com,11-02-1981,Pune,full,09-09-2019,priya4648@okbank
C02257,"Kulkarni, Divya",7302370883,,05-12-1974,Madras,full,30 Mar 2026,divya0883@icici
C90042,pooja menon,8919360699,pooja.menon8@gmail.com,"Aug 30, 1978",Madras,PENDING,2021-08-27,
C90130,deepak desai,8179318589,N/A,01-07-1968,,minimum,01 May 2026,unknown
C02122,Karan Gupta,8835844853,N/A,"Jan 18, 2000",Jaipur,full_kyc,05 Dec 2021,karan4853@hdfcbank
C01133,"Shaikh, Fatima",6249524335,fatima.shaikh54@gmail.com,2001-06-30,chennai,minimum,17 Jul 2023,fatima4335@sbi
C02554,Aarti Iyer,8120018692,aarti.iyer86@gmail.com,02/08/69,Poona,FULL,2023-04-29,aarti8692@ybl
C90299,MEERA BOSE,06394587911,meera.bose90@gmail.com,15/11/64,Lucknow,NA,15 May 2025,
C04022,Rahul Joshi,+918719513865,rahul.joshi15@gmail.com,"Aug 28, 1981",Delhi,full,10-10-2019,rahul3865@sbi
C02077,VIKRAM KULKARNI,9821005110,vikram.kulkarni56@gmail.com,09-09-1968,jaipur,Full KYC,21-11-2019,vikram5110@paytm
C01009,suresh chopra,7857962877,suresh.chopra77@gmail.com,28/08/71,Lucknow,full_kyc,19 Dec 2024,suresh2877@ybl
C03721,ISHA CHOPRA,61895 06775,isha.chopra15@gmail.com,N/A,Bangalore,min kyc,2022-05-08,isha6775@icici
C00032,Meera  Das ,65388 19687,meera.das59@gmail.com,27-01-2000,bangalore,minimum,2023-05-22,meera9687@icici
C04940,SWATI REDDY,9218779479,swati.reddy86@gmail.com,1987-08-02,jaipur,MIN,05-08-2025,swati9479@ybl
C00754,AARTI IYER,67531 51731,N/A,"Jun 07, 1985",Ahmedabad,min,19-10-2020,aarti1731@icici
C01147,RITU SINGH,9071919223,,"Mar 24, 1995",Bangalore,min kyc,02 Sep 2022,ritu9223@icici
C04083,Karan Yadav,+916521154858,N/A,15/11/90,Pune,full_kyc,22 Jul 2025,karan4858@okbank
C04650,ISHA KHAN,7649365167,,20-10-1965,Chennai,full,2023-02-09,isha5167@icici
C00545,ritu iyer,+918139364081,ritu.iyer5@gmail.com,30-08-1969,Delhi,FULL,27-01-2021,ritu4081@paytm
C03538,MEERA NAIR,8181374216,meera.nair61@gmail.com,30-08-2000,DELHI,Full KYC,07 Apr 2020,meera4216@paytm
C01066,Rohan  Menon ,+918529012942,rohan.menon7@gmail.com,27-10-1977,BLR,MIN,2026-04-23,rohan2942@ybl
C04265,Manish Yadav,+918654468198,manish.yadav25@gmail.com,24-12-1994,ahmedabad,Full KYC,30-05-2021,manish8198@icici
C90064,Deepak Reddy,9555159998,N/A,"Dec 09, 1967",Calcutta,,10 Jun 2021,deepak9998@okbank
C03694,Imran Sharma,91-7889465292,imran.sharma43@gmail.com,10/09/00,chennai,minimum,2022-07-28,imran5292@ybl
C03462,"Yadav, Divya",6316792584,divya.yadav21@gmail.com,N/A,jaipur,Full KYC,27 Oct 2021,divya2584@sbi
C02243,Amit Gupta,90414 07365,,"Aug 24, 1961",Calcutta,min,14-02-2024,amit7365@axl
C03022,Sunita Yadav,91-7208786600,,N/A,,min,2021-06-20,sunita6600@hdfcbank
C00435,Rohan  Chopra ,6933446419,rohan.chopra96@gmail.com,30/03/04,mumbai,min kyc,16 Aug 2021,rohan6419@hdfcbank
C04372,Farhan  Das ,9816665933,farhan.das6@gmail.com,,Ahmedabad,MIN,30-07-2020,farhan5933@icici
C04344,Manish Kulkarni,7897506186,NULL,06-02-2002,Calcutta,Full KYC,25-11-2020,manish6186@icici
C02952,Arjun Mehta,08207327076,arjun.mehta85@gmail.com,"Jan 06, 1987",hyderabad,Full KYC,30-10-2019,arjun7076@icici
C02298,Sanjay Iyer,9447509773,sanjay.iyer22@gmail.com,17-09-1971,Pune,Full KYC,13-03-2024,sanjay9773@ybl
C04885,fatima patel,9922749635,fatima.patel15@gmail.com,31-03-1990,jaipur,full,2020-08-24,fatima9635@okbank
C03686,Manish  Kulkarni ,6402985243,manish.kulkarni81@gmail.com,13/11/74,Bombay,minimum,11-07-2022,manish5243@sbi
C01507,Vijay  Chopra ,6793793186,unknown,17/07/90,MUMBAI,min,2024-06-20,vijay3186@sbi
C03035,Amit Joshi,9022174173,amit.joshi87@gmail.com,1996-01-21,Pune,Full KYC,03 Apr 2020,amit4173@okbank
C02667,ROHAN MEHTA,7588578359,N/A,17/01/82,MUMBAI,min,26-04-2024,rohan8359@icici
C04552,sunita gupta,6875524408,sunita.gupta59@gmail.com,1992-05-23,New Delhi,FULL,2022-07-31,sunita4408@ybl
C04877,Nisha Reddy,9556284894,,"Apr 02, 1983",BLR,minimum,2025-10-15,nisha4894@icici
C90161,MANISH IYER,+919247919133,manish.iyer64@gmail.com,1983-02-16,lucknow,min,23-03-2024,manish9133@hdfcbank
C00251,amit joshi,6990751526,N/A,"Jan 19, 1977",Ahmedabad,minimum,2021-10-05,amit1526@axl
C03787,Rohan Mehta,8701051315,rohan.mehta26@gmail.com,14-06-2001,bangalore,Full KYC,10 Dec 2024,rohan1315@sbi
C01130,P. Yadav,8227124318,pooja.yadav61@gmail.com,"Dec 05, 1983",Jaipur,FULL,2026-04-18,pooja4318@ybl
C00206,Amit Reddy,07841579769,amit.reddy93@gmail.com,NULL,Bombay,full_kyc,12 Sep 2022,amit9769@okbank
C00270,Farhan Reddy,09036717076,farhan.reddy85@gmail.com,27/08/68,Ahmedabad,min,05-09-2020,farhan7076@icici
C01122,Isha Reddy,8705111375,isha.reddy15@gmail.com,"Aug 22, 1992",kolkata,Full KYC,20-01-2023,isha1375@sbi
C04703,Deepak Das,7223862056,,06-07-1977,pune,full,17 Jan 2020,deepak2056@axl
C00264,"Joshi, Vijay",7497651057,vijay.joshi74@gmail.com,1977-07-09,Madras,min kyc,13 Oct 2024,
C00409,Anjali Shaikh,8147020226,anjali.shaikh98@gmail.com,12-06-1982,Jaipur,MIN,2022-09-13,anjali0226@hdfcbank
C04210,Manish Verma,6591448420,manish.verma75@gmail.com,19/11/96,Mumbai,full_kyc,2025-04-11,manish8420@icici
C02973,T. Yadav,6954213803,,26/07/61,jaipur,min kyc,19-10-2021,tarun3803@paytm
C02274,D. Pillai,91-7997897765,deepak.pillai33@gmail.com,,Kolkata,full,13 Aug 2023,deepak7765@icici
C03995,pooja verma,6125312081,pooja.verma20@gmail.com,1969-06-02,jaipur,pending,30 Jun 2020,pooja2081@sbi
C02447,Sneha Singh,+916192366657,sneha.singh44@gmail.com,11-07-2003,lucknow,minimum,17 Mar 2025,sneha6657@icici
C04661,Suresh  Das ,91-6256022856,suresh.das56@gmail.com,1970-07-08,Mumbai,full,11 Feb 2024,suresh2856@ybl
C90115,Fatima Chopra,+916661594995,fatima.chopra88@gmail.com,09/03/04,HYD,min kyc,04 Jan 2022,unknown
C00925,S. Pillai,7184059062,swati.pillai80@gmail.com,13-09-1991,kolkata,Full KYC,28-10-2025,swati9062@sbi
C04568,ISHA IYER,6494649399,,"Dec 08, 1963",Bombay,Full KYC,22-04-2021,isha9399@sbi
C05024,Divya  Iyer ,+918942946458,divya.iyer53@gmail.com,"May 04, 1983",hyderabad,MIN,2026-06-06,divya6458@paytm
C04421,Farhan Patel,73551 05556,NULL,09-01-1969,pune,full,2024-11-06,farhan5556@hdfcbank
C01266,Nisha Menon,+916280365176,NULL,"Jun 03, 1975",Lucknow,min kyc,06 Feb 2023,nisha5176@paytm
C03884,Anjali  Shaikh ,9157891300,anjali.shaikh56@gmail.com,N/A,Poona,full,05 Mar 2024,anjali1300@hdfcbank
C04473,anjali mehta,6038253950,anjali.mehta54@gmail.com,23/08/94,,full,14 Aug 2025,anjali3950@icici
C03322,"Shaikh, Anjali",6238681741,anjali.shaikh14@gmail.com,02/11/69,Lucknow,PENDING,29 Oct 2024,anjali1741@okbank
C03256,S. Kulkarni,8840240982,sunita.kulkarni64@gmail.com,20-03-1972,DELHI,full,2025-12-23,sunita0982@sbi
C90283,Divya Singh,7090978169,divya.singh57@gmail.com,29-05-1990,jaipur,,2021-01-03,NULL
C00611,Sunita Khan,09429628875,sunita.khan64@gmail.com,16-02-2002,MUMBAI,full_kyc,28 Mar 2022,sunita8875@okbank
C04785,FARHAN NAIR,9275284920,farhan.nair40@gmail.com,"Jul 31, 1987",hyderabad,FULL,25 May 2026,farhan4920@axl
C01571,MEERA MEHTA,08589107492,meera.mehta89@gmail.com,1965-09-29,pune,minimum,10-06-2024,meera7492@hdfcbank
C03699,Aarti Yadav,9032515227,NULL,24/03/84,Madras,FULL,2024-08-06,aarti5227@axl
C00673,IMRAN SINGH,8069031950,unknown,"Jul 09, 1995",Hyderabad,full,18 Jan 2020,imran1950@icici
C03172,Neha Joshi,91-9623388822,neha.joshi4@gmail.com,1984-02-07,lucknow,FULL,16-08-2022,neha8822@icici
C04996,Vikram Pillai,91-9681412460,vikram.pillai50@gmail.com,N/A,BLR,Full KYC,2021-01-13,vikram2460@paytm
C04170,Ritu Bose,9627982408,ritu.bose92@gmail.com,15/06/93,BLR,Full KYC,2021-10-24,ritu2408@axl
C04506,R. Das,6883928389,rohan.das2@gmail.com,21/12/93,Chennai,PENDING,01-03-2022,rohan8389@axl
C03553,Sanjay Reddy,6181858429,sanjay.reddy20@gmail.com,04/07/95,Bombay,Full KYC,18-06-2020,sanjay8429@icici
C00292,Imran Bose,95431 65825,,"Nov 10, 1997",Amdavad,Full KYC,2026-01-15,imran5825@okbank
C90258,RAHUL IYER,+916968708998,rahul.iyer38@gmail.com,1991-10-31,lucknow,FULL,27 Apr 2022,rahul8998@sbi
C90018,FATIMA VERMA,6060436831,fatima.verma11@gmail.com,12-01-1990,mumbai,FULL,03-11-2019,N/A
C04465,Pooja Patel,08316149614,pooja.patel62@gmail.com,1995-11-09,Chennai,full_kyc,2020-09-19,pooja9614@paytm
C04260,N. Patel,9198390048,neha.patel31@gmail.com,"Mar 16, 1988",Jaipur,full,24 Sep 2024,neha0048@hdfcbank
C01962,ROHAN JOSHI,8465644270,,27-12-1983,Chennai,full_kyc,06-10-2020,rohan4270@axl
C00841,DEEPAK DAS,+918603837541,unknown,1984-10-07,Kolkata,Full KYC,2025-08-07,deepak7541@icici
C02124,Priya Sharma,8847776840,priya.sharma31@gmail.com,09/03/88,hyderabad,minimum,2021-01-23,priya6840@sbi
C01121,SURESH BOSE,78593 47170,N/A,"Nov 16, 1984",Kolkata,FULL,11-11-2019,suresh7170@hdfcbank
C90292,S. Nair,91-7320193299,sanjay.nair79@gmail.com,2002-10-24,New Delhi,Full KYC,2025-06-29,sanjay3299@sbi
C02850,SURESH VERMA,6005456719,suresh.verma72@gmail.com,08-02-1978,Delhi,Full KYC,24 Oct 2019,suresh6719@hdfcbank
C04116,Kavita  Joshi ,7793335486,,"Jun 15, 1983",DELHI,,21 Feb 2026,kavita5486@okbank
C00640,Suresh Patel,9697742487,suresh.patel89@gmail.com,24-08-1990,Delhi,FULL,2019-12-19,suresh2487@paytm
C02336,Arjun Gupta,6815178934,unknown,10/11/84,Bombay,FULL,31-03-2025,arjun8934@icici
C02423,Aarti Joshi,7518580705,unknown,15/02/01,jaipur,min,02-09-2022,aarti0705@okbank
C04437,Divya Verma,+919945286507,,17-12-1984,BLR,FULL,23-07-2020,unknown
C00614,Rohan Nair,+919593203027,,2002-04-30,Lucknow,Full KYC,28-09-2019,rohan3027@paytm
C04876,Fatima Desai,91-6822223652,,1995-11-25,DELHI,pending,10 Dec 2022,fatima3652@okbank
C00310,Deepak Nair,+919496014967,,1992-03-17,kolkata,full,2023-10-10,deepak4967@ybl
C01441,Kavita Yadav,9484032398,unknown,2001-10-28,,MIN,12-02-2021,kavita2398@hdfcbank
C00839,"Gupta, Meera",+917881630279,unknown,1963-01-21,jaipur,MIN,2019-10-26,meera0279@icici
C04182,"Sharma, Neha",6756635784,,09/01/86,chennai,full,2024-04-27,neha5784@ybl
C00792,Meera Singh,8124075536,,25/04/01,pune,min kyc,30-04-2023,meera5536@hdfcbank
C01560,NISHA DESAI,91-8612417229,,14-11-1993,Delhi,PENDING,24 Apr 2024,nisha7229@ybl
C90164,FARHAN PATEL,8894750098,N/A,26/01/86,Madras,,2021-03-27,farhan0098@paytm
C01595,Rahul  Chopra ,91-6257384373,rahul.chopra90@gmail.com,2002-03-15,BLR,FULL,09 Mar 2022,rahul4373@hdfcbank
C02205,SUNITA SINGH,88262 71732,sunita.singh56@gmail.com,1995-06-26,Bangalore,minimum,2024-02-23,sunita1732@icici
C03281,Aarti Sharma,6661197897,aarti.sharma24@gmail.com,28-02-2003,bangalore,NA,15 Dec 2020,aarti7897@axl
C01079,VIJAY NAIR,6964984826,vijay.nair41@gmail.com,"Jun 19, 2003",Jaipur,minimum,2024-08-17,vijay4826@icici
C02091,fatima gupta,7229884460,,09/04/99,,minimum,31 Aug 2024,fatima4460@hdfcbank
C02989,Amit Singh,9621517490,,"Nov 22, 2002",MUMBAI,MIN,2022-07-28,amit7490@ybl
C03833,Kavita Iyer,8925162339,,1994-02-24,Calcutta,FULL,2026-02-26,kavita2339@icici
C02991,"Khan, Vijay",9320116885,,1980-08-14,Jaipur,full,2025-02-14,vijay6885@okbank
C03405,DIVYA MEHTA,68321 16918,divya.mehta69@gmail.com,"Aug 05, 1998",HYD,pending,13 Apr 2020,divya6918@ybl
C02881,Sunita Reddy,7532706199,,2006-02-09,Hyderabad,Full KYC,15-02-2024,sunita6199@okbank
C00324,Karan  Pillai ,7432769149,karan.pillai38@gmail.com,"Jan 21, 1988",Delhi,NA,2021-11-17,karan9149@sbi
C04169,Rahul Kulkarni,8523193415,NULL,25-09-1990,Kolkata,min kyc,08-10-2022,rahul3415@paytm
C02984,DIVYA NAIR,+916066894693,divya.nair17@gmail.com,31-07-1969,,,30 Aug 2021,divya4693@sbi
C04777,VIKRAM SHARMA,+916116352984,vikram.sharma34@gmail.com,25/08/73,kolkata,pending,2023-12-28,vikram2984@ybl
C01490,KAVITA JOSHI,+918301961581,,1967-04-30,Poona,MIN,2023-10-14,kavita1581@sbi
C04000,Amit Shaikh,7810685546,amit.shaikh90@gmail.com,1978-04-05,hyderabad,minimum,06 Sep 2022,amit5546@ybl
C03393,Imran Mehta,80490 23724,imran.mehta5@gmail.com,01/02/76,Calcutta,full_kyc,2021-10-09,imran3724@hdfcbank
C04323,TARUN YADAV,9781431386,tarun.yadav99@gmail.com,"Sep 03, 2004",ahmedabad,full,31 Oct 2023,tarun1386@icici
C02005,Imran Nair,8431185309,imran.nair89@gmail.com,19-04-1986,Ahmedabad,full,2026-01-10,imran5309@ybl
C04997,POOJA KULKARNI,91-8252601572,,20-12-1986,Kolkata,minimum,24 Jul 2021,pooja1572@paytm
C03229,SNEHA DAS,91-8389818375,,26/07/01,BLR,MIN,09 Dec 2019,sneha8375@okbank
C04398,Vijay Joshi,9457467713,vijay.joshi21@gmail.com,"Oct 04, 2003",Delhi,PENDING,06 Feb 2023,vijay7713@okbank
C02706,VIJAY JOSHI,6318379892,vijay.joshi43@gmail.com,03-05-1979,Pune,full_kyc,08-02-2021,vijay9892@okbank
C02561,Karan Sharma,07829451252,unknown,2000-03-12,lucknow,min,2020-10-26,karan1252@paytm
C00329,V. Khan,+917135088354,unknown,"May 30, 1963",MUMBAI,Full KYC,19 Jan 2023,vikram8354@axl
C01405,AARTI MENON,7422353032,aarti.menon17@gmail.com,N/A,Madras,minimum,2022-09-20,aarti3032@icici
C05025,ISHA SHARMA,+919740344364,unknown,N/A,hyderabad,min,05-06-2026,isha4364@sbi
C01633,deepak das,+917004018018,N/A,18/12/02,Poona,Full KYC,2022-03-14,deepak8018@ybl
C02357,suresh chopra,09347334335,suresh.chopra11@gmail.com,13/03/63,kolkata,min,02-06-2023,suresh4335@icici
C03756,DIVYA KHAN,6604302768,divya.khan74@gmail.com,2002-05-29,mumbai,MIN,02-01-2023,divya2768@paytm
C00737,A. Khan,90071 65081,,1982-11-11,Jaipur,MIN,20 Apr 2024,anjali5081@axl
C03312,"Sharma, Nisha",8239072888,NULL,"Jul 24, 1986",lucknow,Full KYC,23 May 2023,nisha2888@ybl
C00151,"Joshi, Arjun",+918723997757,,1974-07-05,,PENDING,24-02-2026,arjun7757@ybl
C04267,Sunita Reddy,06120688988,sunita.reddy12@gmail.com,"Jul 11, 1961",hyderabad,full,02 Oct 2021,sunita8988@icici
C90081,Amit Gupta,91-9337997503,amit.gupta92@gmail.com,1992-02-07,kolkata,min kyc,20-08-2020,amit7503@ybl
C04201,"Yadav, Manish",7194502165,manish.yadav57@gmail.com,1991-03-10,Ahmedabad,minimum,2025-05-15,manish2165@axl
C04848,Vijay Iyer,98080 59471,N/A,NULL,hyderabad,FULL,22-12-2025,vijay9471@axl
C01225,RITU IYER,7280333818,ritu.iyer21@gmail.com,18/09/65,New Delhi,FULL,28-08-2023,unknown
C03154,Sunita Khan,8780831734,sunita.khan30@gmail.com,1965-05-17,New Delhi,full,06 Jun 2022,sunita1734@okbank
C04641,Anjali  Bose ,8003897451,,"Apr 21, 1996",ahmedabad,min kyc,03-02-2023,anjali7451@paytm
C01762,"Das, Priya",9851925997,priya.das80@gmail.com,28/03/74,HYD,FULL,04 Jan 2022,priya5997@sbi
C02170,RAHUL SHARMA,08289943041,rahul.sharma80@gmail.com,"Nov 04, 1964",Bengaluru,FULL,26-01-2021,rahul3041@axl
C01088,Pooja Yadav,91-6910616918,pooja.yadav57@gmail.com,"Jun 21, 1995",HYD,FULL,2025-01-23,pooja6918@icici
C02653,K. Verma,9868625473,N/A,25/03/71,Lucknow,MIN,19 Feb 2026,karan5473@sbi
C02680,Sanjay Shaikh,91-8536533852,,"Jul 20, 1980",Chennai,FULL,2025-09-30,sanjay3852@axl
C01132,Swati Mehta,8491323507,swati.mehta70@gmail.com,"Oct 09, 1980",jaipur,full_kyc,25 Jun 2023,swati3507@axl
C02560,Rohan Pillai,06983833633,NULL,14-02-1967,HYD,MIN,2024-08-15,rohan3633@paytm
C04289,A. Kulkarni,63710 46802,amit.kulkarni16@gmail.com,2003-10-12,Madras,full,05 Jul 2024,amit6802@sbi
C04907,Sunita Das,7525813747,N/A,"Dec 24, 1963",pune,FULL,17 Dec 2022,sunita3747@ybl
C00411,Kavita Gupta,7112181683,N/A,12-11-1979,Hyderabad,Full KYC,09 Apr 2022,kavita1683@hdfcbank
C00570,IMRAN IYER,+918902358584,,1989-12-17,Kolkata,full,01-06-2024,imran8584@ybl
C02514,Vikram Bose,+917191645882,vikram.bose66@gmail.com,15/03/93,ahmedabad,min kyc,29-04-2022,vikram5882@icici
C04328,HARSH SINGH,9325460778,,"Aug 08, 1975",Lucknow,FULL,2024-10-02,harsh0778@icici
C02502,SANJAY VERMA,7139557682,sanjay.verma9@gmail.com,29-05-1961,hyderabad,Full KYC,2023-08-05,sanjay7682@ybl
C03353,A. Singh,+918610717478,N/A,"Dec 26, 1970",New Delhi,full,25 Dec 2019,arjun7478@okbank
C02569,TARUN IYER,84894 60185,tarun.iyer28@gmail.com,"Feb 20, 2006",bangalore,FULL,04 Aug 2024,tarun0185@paytm
C02162,ANJALI IYER,+919335574320,anjali.iyer87@gmail.com,25-07-1973,ahmedabad,Full KYC,31 Oct 2022,anjali4320@hdfcbank
C01048,Tarun  Reddy ,8589429906,tarun.reddy32@gmail.com,"Feb 10, 1961",BLR,full,2024-01-07,tarun9906@okbank
C01888,Fatima Gupta,9175473359,fatima.gupta50@gmail.com,23-11-1989,Lucknow,min kyc,2019-09-10,fatima3359@paytm
C05038,Karan Singh,8723639790,karan.singh33@gmail.com,09/09/76,Ahmedabad,min kyc,2026-06-27,karan9790@okbank
C04093,Nisha Mehta,+919580824564,N/A,13/12/99,pune,pending,03 Oct 2025,nisha4564@okbank
C05014,Nisha Patel,63612 06095,nisha.patel61@gmail.com,"May 24, 2003",bangalore,MIN,19-06-2026,nisha6095@okbank
C90060,arjun iyer,06126874753,,07/10/80,,minimum,23 Mar 2020,arjun4753@okbank
C03786,SNEHA KULKARNI,8046989012,N/A,1994-05-05,BLR,Full KYC,18-10-2025,sneha9012@axl
C04539,NEHA KULKARNI,9156970971,,NULL,Mumbai,MIN,05-11-2023,neha0971@hdfcbank
C00672,Priya Kulkarni,9834813142,priya.kulkarni60@gmail.com,,Bengaluru,Full KYC,02 Mar 2024,priya3142@ybl
C03656,Deepak Khan,6456876641,unknown,23/11/98,kolkata,minimum,2021-01-27,deepak6641@paytm
C01398,Isha Iyer,8078829399,,27-09-1964,Lucknow,Full KYC,2025-06-25,isha9399@axl
C01979,Fatima Sharma,9114974429,NULL,31/10/61,Calcutta,min,2023-02-07,fatima4429@ybl
C02506,Divya Nair,+919678829691,divya.nair17@gmail.com,"Feb 27, 1988",delhi,Full KYC,25 Oct 2021,divya9691@icici
C02947,ARJUN DAS,+917499149433,unknown,07-06-1971,kolkata,full,20-11-2024,arjun9433@icici
C01706,Vikram Khan,7473744438,NULL,11-03-1994,HYD,min,05 Feb 2025,vikram4438@ybl
C04375,Meera Gupta,8755065425,meera.gupta19@gmail.com,25/02/77,Ahmedabad,full,13-07-2020,meera5425@okbank
C03084,divya sharma,+918743539870,divya.sharma62@gmail.com,"Oct 23, 1985",pune,minimum,23 Jul 2020,divya9870@axl
C04363,"Reddy, Divya",+919921366285,divya.reddy57@gmail.com,31/10/74,hyderabad,FULL,03-06-2025,divya6285@icici
C04232,Arjun Reddy,7839181727,arjun.reddy98@gmail.com,"Jul 29, 1968",Amdavad,Full KYC,17-03-2025,arjun1727@hdfcbank
C01200,Divya Kulkarni,08529437749,NULL,1962-04-10,Lucknow,full_kyc,2023-12-02,divya7749@icici
C90234,"Nair, Divya",9891208592,N/A,1966-09-03,jaipur,,2023-01-11,divya8592@axl
C90129,"Menon, Karan",+918478087677,karan.menon93@gmail.com,"Feb 13, 1964",hyderabad,pending,02 Feb 2023,
C02702,Divya Desai,6242116132,divya.desai68@gmail.com,1964-08-24,Poona,FULL,29 Jan 2022,divya6132@hdfcbank
C03338,Kavita Patel,09503279017,kavita.patel7@gmail.com,1991-10-24,ahmedabad,min,2023-05-04,kavita9017@ybl
C01509,Neha Menon,7618635069,neha.menon4@gmail.com,"Apr 29, 1997",jaipur,FULL,21 Dec 2023,neha5069@okbank
C02386,M. Desai,8526277162,meera.desai97@gmail.com,25-05-1983,Madras,pending,23 Feb 2022,meera7162@hdfcbank
C03850,Sanjay Gupta,+917253192642,sanjay.gupta23@gmail.com,1984-07-24,Poona,FULL,11 Nov 2025,sanjay2642@icici
C00677,Deepak Reddy,8341944001,deepak.reddy55@gmail.com,07-06-2004,lucknow,full_kyc,01 Nov 2020,deepak4001@hdfcbank
C02081,Nisha Das,7315957858,,08/05/71,Kolkata,MIN,16 Mar 2020,nisha7858@hdfcbank
C03236,VIJAY YADAV,07030205623,N/A,"Dec 25, 1970",New Delhi,minimum,16 Oct 2022,vijay5623@axl
C00899,Nisha Chopra,08298014472,nisha.chopra53@gmail.com,1996-06-05,pune,full,18 Aug 2023,nisha4472@sbi
C01216,Swati  Khan ,7637242448,swati.khan74@gmail.com,22-03-1963,Pune,min kyc,02 Sep 2021,swati2448@axl
C00759,I. Kulkarni,+919028509803,,,Ahmedabad,full_kyc,13-04-2025,imran9803@ybl
C02422,rohan mehta,6156622027,NULL,11/09/70,Hyderabad,min kyc,20-12-2022,rohan2027@ybl
C00295,ANJALI DESAI,+916205821280,N/A,"Jan 04, 1971",Lucknow,FULL,2019-10-13,anjali1280@axl
C04761,PRIYA DESAI,9257424373,priya.desai86@gmail.com,NULL,Ahmedabad,full_kyc,19 Apr 2025,priya4373@hdfcbank
C04511,SUNITA KHAN,68340 95431,sunita.khan17@gmail.com,02/05/96,Bengaluru,Full KYC,25 Feb 2022,sunita5431@sbi
C03239,Rohan Verma,9629988311,rohan.verma88@gmail.com,"Feb 20, 1974",,full_kyc,2022-06-25,rohan8311@axl
C02471,Amit Singh,6354201169,amit.singh75@gmail.com,NULL,Bombay,full_kyc,2023-01-14,amit1169@ybl
C00387,Amit Das,9553244494,amit.das65@gmail.com,28/05/98,bangalore,FULL,2024-12-28,amit4494@sbi
C03807,"Das, Farhan",08722194551,,"Sep 10, 1998",lucknow,NA,13-04-2025,farhan4551@sbi
C02061,"Verma, Anjali",7625171442,unknown,25/09/97,Bangalore,full,07-08-2021,anjali1442@sbi
C03809,Sneha Pillai,9753715714,sneha.pillai2@gmail.com,,,full_kyc,2023-05-03,NULL
C02572,ARJUN KULKARNI,91-9738279922,arjun.kulkarni63@gmail.com,2001-06-19,Delhi,minimum,14-04-2020,arjun9922@paytm
C02535,sanjay shaikh,9861944023,sanjay.shaikh70@gmail.com,09-03-1992,Ahmedabad,FULL,2022-04-18,sanjay4023@sbi
C00142,Meera Khan,9037138177,meera.khan2@gmail.com,11/12/72,Bangalore,full_kyc,06-02-2020,meera8177@okbank
C03501,manish patel,91-7514391552,manish.patel6@gmail.com,15-01-2005,Kolkata,min kyc,06 Mar 2021,manish1552@ybl
C00493,Arjun Kulkarni,6217588436,unknown,19-02-1995,BLR,full_kyc,02-04-2022,arjun8436@axl
C03839,Imran Mehta,6907340232,imran.mehta83@gmail.com,24-01-1985,ahmedabad,MIN,11 Oct 2025,imran0232@ybl
C01725,NEHA BOSE,91-6740165396,neha.bose98@gmail.com,1987-07-06,Lucknow,minimum,2021-11-10,neha5396@paytm
C01690,K. Desai,+917777280014,unknown,11/01/65,Jaipur,min kyc,07 Mar 2025,karan0014@axl
C02525,N. Chopra,+917276970789,nisha.chopra31@gmail.com,1970-12-18,Amdavad,minimum,2024-09-17,nisha0789@hdfcbank
C90147,Aarti Verma,9095664101,aarti.verma80@gmail.com,"Jul 18, 1993",Ahmedabad,NA,16 Jul 2023,aarti4101@ybl
C00910,Farhan Reddy,6399358283,farhan.reddy48@gmail.com,1981-08-04,Hyderabad,Full KYC,02 Apr 2025,farhan8283@icici
C04040,"Das, Isha",95407 46907,isha.das13@gmail.com,"Oct 09, 1968",pune,full,2020-06-09,isha6907@paytm
C01050,ROHAN DESAI,65158 95787,,1992-06-15,New Delhi,min,04-10-2023,rohan5787@hdfcbank
C90052,Sunita Yadav,9185292400,sunita.yadav27@gmail.com,1999-02-22,Pune,full,31-08-2022,sunita2400@sbi
C00933,Imran Yadav,91-8734309157,,15/11/61,lucknow,Full KYC,2022-09-05,imran9157@hdfcbank
C04972,A. Nair,+919727156261,aarti.nair20@gmail.com,"Oct 16, 1973",mumbai,min kyc,2020-08-08,aarti6261@sbi
C03761,SWATI IYER,8894181121,swati.iyer71@gmail.com,19-10-1963,pune,FULL,29-08-2023,swati1121@axl
C00555,F. Das,+917433582835,N/A,14-05-1970,mumbai,FULL,2021-10-23,farhan2835@axl
C01495,Rahul Reddy,6287331746,rahul.reddy64@gmail.com,2003-05-20,Lucknow,Full KYC,2025-10-21,rahul1746@sbi
C90262,"Shaikh, Rahul",7894343009,rahul.shaikh70@gmail.com,27-04-1995,Delhi,NA,14 Apr 2022,rahul3009@icici
C00674,Arjun Desai,+919123895587,NULL,04-12-1976,ahmedabad,Full KYC,04-06-2021,arjun5587@okbank
C00316,"Kulkarni, Suresh",91-9860407642,unknown,"Feb 26, 1993",HYD,Full KYC,26-05-2025,suresh7642@okbank
C03011,I. Yadav,+919896044575,unknown,N/A,BLR,minimum,2026-03-12,imran4575@paytm
C00099,Imran Nair,91-9282521720,imran.nair45@gmail.com,31-03-1981,Poona,FULL,2021-10-13,imran1720@paytm
C01044,K. Singh,6038272036,kavita.singh29@gmail.com,08/07/05,Pune,full_kyc,2021-11-28,kavita2036@ybl
C04213,Pooja Kulkarni,9645226532,unknown,11-11-1974,Madras,full_kyc,2021-08-29,pooja6532@paytm
C04831,Karan Iyer,8574068235,karan.iyer76@gmail.com,20-12-1990,Delhi,Full KYC,2022-02-05,karan8235@ybl
C04444,POOJA KHAN,08036202575,pooja.khan23@gmail.com,"Jun 10, 1967",ahmedabad,FULL,11 Feb 2021,pooja2575@icici
C00760,Suresh Reddy,8047462051,suresh.reddy42@gmail.com,2000-05-01,jaipur,full_kyc,2020-08-26,suresh2051@okbank
C00040,Pooja Khan,8801375216,,10/02/97,hyderabad,full,17-11-2020,pooja5216@sbi
C90207,Meera Kulkarni,9036458362,,NULL,Pune,NA,30 Mar 2021,meera8362@okbank
C02558,isha desai,9569835808,isha.desai38@gmail.com,06-08-1986,ahmedabad,pending,06 Oct 2019,isha5808@paytm
C01167,Swati Sharma,6784595901,swati.sharma72@gmail.com,17-07-1971,lucknow,MIN,2025-05-18,swati5901@icici
C01750,Ritu  Nair ,7115879853,ritu.nair38@gmail.com,11/11/96,lucknow,min kyc,2023-11-11,ritu9853@hdfcbank
C04443,Suresh Patel,7412640245,suresh.patel99@gmail.com,30-11-2004,Bangalore,full_kyc,26 Nov 2025,suresh0245@hdfcbank
C00980,vikram kulkarni,91-8305753211,vikram.kulkarni26@gmail.com,20/03/67,Chennai,MIN,2022-07-03,vikram3211@sbi
C00965,Tarun Bose,9286604616,,10/04/63,Amdavad,Full KYC,03-08-2022,tarun4616@axl
C02148,ROHAN JOSHI,6992192147,rohan.joshi14@gmail.com,08/09/62,ahmedabad,FULL,2022-07-13,rohan2147@hdfcbank
C02304,RAHUL REDDY,6506842148,rahul.reddy40@gmail.com,07-01-1980,Hyderabad,min,13-08-2021,rahul2148@paytm
C01732,VIJAY NAIR,73277 66751,N/A,,Hyderabad,full,09 Sep 2025,vijay6751@paytm
C01314,Karan Mehta,9413642515,karan.mehta70@gmail.com,19/03/63,Chennai,FULL,09 Aug 2025,karan2515@axl
C02033,Priya Desai,8927639251,,2003-12-19,hyderabad,Full KYC,30 Dec 2020,priya9251@paytm
C05034,Sunita Patel,+916796387184,sunita.patel41@gmail.com,1985-06-04,MUMBAI,min kyc,05 Jun 2026,sunita7184@axl
C03207,Vikram Nair,6003950923,NULL,31/05/94,New Delhi,Full KYC,06 Aug 2021,vikram0923@paytm
C04166,Deepak Khan,9945923969,N/A,"Aug 22, 1965",Lucknow,Full KYC,10 Sep 2023,deepak3969@hdfcbank
C90231,Imran  Kulkarni ,9028509803,imran.kulkarni61@gmail.com,04/11/88,Ahmedabad,min,2025-04-13,imran9803@ybl
C02879,Divya Verma,9536219376,divya.verma13@gmail.com,13-06-1975,Delhi,full_kyc,05-01-2022,divya9376@ybl
C01533,isha bose,+917247155562,,26-06-2005,Hyderabad,FULL,25 Mar 2025,isha5562@axl
C00104,Pooja Verma,91-6416987669,pooja.verma53@gmail.com,22-12-1993,Lucknow,FULL,01 Dec 2024,pooja7669@sbi
C03194,Deepak Yadav,8511739133,deepak.yadav33@gmail.com,"Jan 01, 1986",jaipur,full,21-12-2020,deepak9133@paytm
C00077,KARAN SINGH,8712861740,N/A,1968-02-10,Mumbai,FULL,2024-09-27,karan1740@icici
C01404,Vikram Singh,07130854768,N/A,05/07/04,Calcutta,minimum,2020-10-13,vikram4768@okbank
C90099,Anjali Kulkarni,6608333367,anjali.kulkarni64@gmail.com,27/10/79,kolkata,min,24-03-2020,anjali3367@axl
C04574,RAHUL REDDY,8228980915,rahul.reddy2@gmail.com,25-02-2003,HYD,NA,2021-12-07,rahul0915@icici
C02594,Priya  Bose ,9487438175,priya.bose61@gmail.com,,pune,min,04-12-2025,priya8175@hdfcbank
C04464,Fatima Reddy,6064906905,fatima.reddy59@gmail.com,"Nov 25, 1992",Poona,min,05 Aug 2020,fatima6905@icici
C01730,D. Shaikh,9053979058,divya.shaikh13@gmail.com,12-09-2001,lucknow,Full KYC,24 May 2024,divya9058@ybl
C02383,Vijay  Nair ,+918365855286,unknown,"Feb 08, 1964",,full,30-08-2024,vijay5286@axl
C04453,Sneha Nair,91-6868497089,,30-04-1997,Hyderabad,FULL,13 Mar 2022,sneha7089@paytm
C00095,Anjali Chopra,6369577604,unknown,01-06-1981,Mumbai,Full KYC,03-07-2024,anjali7604@icici
C03827,Deepak  Bose ,7098138225,,"Nov 16, 1962",New Delhi,min,29-09-2021,deepak8225@hdfcbank
C01084,Rahul Singh,9069482176,rahul.singh30@gmail.com,1995-07-19,MUMBAI,PENDING,23 Feb 2024,rahul2176@ybl
C04393,POOJA NAIR,+918379222640,N/A,08/08/78,jaipur,FULL,21-06-2020,pooja2640@sbi
C04874,Fatima Gupta,7565420605,fatima.gupta27@gmail.com,"Nov 27, 1982",Bengaluru,Full KYC,04 Feb 2026,fatima0605@ybl
C02639,VIJAY PILLAI,91-9431683640,N/A,"Mar 10, 1986",pune,PENDING,24 Jan 2025,vijay3640@paytm
C02448,Swati Patel,7306361989,NULL,1988-02-25,Ahmedabad,min kyc,2021-12-15,swati1989@okbank
C01957,Vikram Pillai,7181990715,unknown,1992-10-11,bangalore,Full KYC,23-06-2021,vikram0715@hdfcbank
C00235,anjali das,91-8647832611,anjali.das42@gmail.com,09/04/91,Kolkata,min kyc,03 Jan 2020,anjali2611@sbi
C03920,Fatima Joshi,6155837069,fatima.joshi18@gmail.com,09/05/83,DELHI,min kyc,13 Jun 2020,fatima7069@paytm
C02286,Farhan Iyer,+918236700278,farhan.iyer25@gmail.com,"Sep 23, 1995",Lucknow,,26-09-2022,farhan0278@sbi
C03124,A. Iyer,+916795321558,arjun.iyer21@gmail.com,1983-11-24,delhi,min,21 Aug 2023,arjun1558@okbank
C90165,"Pillai, Anjali",91-9974767544,anjali.pillai16@gmail.com,N/A,,MIN,2022-10-08,anjali7544@okbank
C01820,Arjun Khan,+918492868888,,N/A,Jaipur,MIN,21 Aug 2021,arjun8888@okbank
C04430,A. Joshi,+917273430042,anjali.joshi50@gmail.com,02-03-2003,kolkata,full_kyc,27 Mar 2023,anjali0042@okbank
C04850,Fatima Kulkarni,08400982237,fatima.kulkarni22@gmail.com,08/12/64,Mumbai,MIN,20-07-2021,fatima2237@axl
C03921,Suresh Nair,7156384253,N/A,16/02/77,Chennai,minimum,2023-10-24,suresh4253@sbi
C00517,Priya Desai,9453601055,,"May 01, 1987",Lucknow,MIN,20-06-2020,priya1055@paytm
C00503,Tarun Nair,7809371344,tarun.nair29@gmail.com,"Jun 02, 1975",Kolkata,full,08 Jan 2020,tarun1344@sbi
C02824,Manish Patel,8295613782,NULL,20-12-1994,Poona,full_kyc,2019-09-05,manish3782@axl
C02048,Vikram Singh,6333422746,,15/01/65,Bombay,Full KYC,02 Dec 2022,vikram2746@paytm
C03993,"Khan, Neha",+918159583132,neha.khan91@gmail.com,07/07/84,Hyderabad,full_kyc,2025-02-18,neha3132@okbank
C03141,Meera  Gupta ,74880 81387,meera.gupta67@gmail.com,28/04/69,Jaipur,minimum,30 Nov 2024,meera1387@okbank
C04920,Deepak Patel,83504 76814,deepak.patel57@gmail.com,"Nov 12, 2000",Lucknow,FULL,2025-04-03,deepak6814@paytm
C00945,Tarun Iyer,6813504405,N/A,05/02/61,Jaipur,full_kyc,2022-07-22,unknown
C04913,Deepak Gupta,6829715736,deepak.gupta85@gmail.com,"Jan 27, 1966",Madras,FULL,14 Feb 2024,deepak5736@sbi
C04690,NISHA SINGH,7460975997,unknown,"Jul 13, 1997",Chennai,min,03-01-2023,nisha5997@axl
C04764,Suresh Verma,7038214642,suresh.verma35@gmail.com,09/12/74,,Full KYC,28 May 2021,suresh4642@axl
C02300,Priya  Khan ,91-6630500152,NULL,"Nov 06, 1983",Amdavad,FULL,25 Apr 2026,priya0152@okbank
C90000,Aarti Kulkarni,08008057261,unknown,23/08/04,Pune,min kyc,26-02-2026,aarti7261@icici
C03259,Sunita Mehta,6035757634,sunita.mehta89@gmail.com,"Jul 13, 2005",Lucknow,Full KYC,06 Mar 2025,sunita7634@ybl
C90150,Amit  Patel ,8206140484,,1965-08-20,Kolkata,MIN,2024-09-20,
C90298,A. Das,9922074211,aarti.das14@gmail.com,"Jul 29, 1985",kolkata,full_kyc,09 May 2021,
C04184,aarti yadav,6958575127,N/A,17/04/62,Lucknow,full_kyc,11 May 2024,aarti5127@paytm
C01028,anjali menon,8635630822,anjali.menon81@gmail.com,"Jul 20, 1961",Jaipur,min,2024-11-17,anjali0822@paytm
C02966,ISHA SINGH,08668389574,isha.singh89@gmail.com,2002-12-09,Calcutta,Full KYC,07 Mar 2026,isha9574@sbi
C02737,Divya Bose,06980201723,divya.bose27@gmail.com,N/A,ahmedabad,FULL,2019-10-11,divya1723@okbank
C00465,Sunita Das,07969996041,sunita.das41@gmail.com,"Mar 12, 1981",Bengaluru,Full KYC,02-12-2024,sunita6041@icici
C01481,R. Das,8624032045,,1998-06-28,Jaipur,FULL,2020-02-15,rohan2045@paytm
C02922,AARTI SHARMA,+916084289597,aarti.sharma81@gmail.com,31/03/79,Jaipur,MIN,2025-08-16,aarti9597@icici
C90248,ISHA GUPTA,+918579964960,,NULL,bangalore,MIN,21 Mar 2022,isha4960@ybl
C90253,Vikram Iyer,+918023801552,vikram.iyer75@gmail.com,22-06-1966,lucknow,NA,18 Jul 2020,vikram1552@paytm
C04332,"Yadav, Farhan",07482879747,unknown,20-04-1991,jaipur,Full KYC,2021-08-01,farhan9747@paytm
C01609,Anjali Khan,69746 98135,anjali.khan94@gmail.com,1962-01-28,New Delhi,FULL,01-09-2025,anjali8135@axl
C04458,SURESH VERMA,6574104732,,2001-08-10,pune,minimum,09 Nov 2022,suresh4732@okbank
C90094,Meera Nair,6566510346,NULL,"Oct 19, 2003",Pune,,2020-06-09,meera0346@axl
C04718,Karan  Mehta ,+917200345913,karan.mehta59@gmail.com,21/12/01,chennai,min,2023-12-06,karan5913@icici
C00138,Swati  Khan ,+917132831663,swati.khan36@gmail.com,11-10-1967,New Delhi,full_kyc,19-04-2023,swati1663@axl
C00336,ritu reddy,91-7130899315,ritu.reddy28@gmail.com,N/A,Ahmedabad,full_kyc,2025-04-22,ritu9315@hdfcbank
C01423,Farhan Desai,07936371757,unknown,22/01/99,jaipur,full_kyc,13-08-2023,farhan1757@paytm
C00902,Aarti Bose,6427243167,NULL,"Mar 11, 1991",hyderabad,FULL,2021-12-20,aarti3167@axl
C01137,AMIT DESAI,6746427680,amit.desai66@gmail.com,"Mar 26, 2003",Poona,full,2024-02-15,amit7680@paytm
C01658,Arjun Mehta,91-7378038833,arjun.mehta4@gmail.com,11/08/66,jaipur,full,11-05-2022,arjun8833@hdfcbank
C03478,Pooja Menon,9803468996,pooja.menon73@gmail.com,1981-08-22,Jaipur,full,2020-12-23,pooja8996@ybl
C03288,Rahul Nair,06279590312,,08-12-1963,Calcutta,Full KYC,29-09-2020,rahul0312@sbi
C00012,Pooja Patel,+919880650072,pooja.patel58@gmail.com,1997-06-18,jaipur,full,2021-12-02,pooja0072@okbank
C04435,ARJUN IYER,6786670474,arjun.iyer73@gmail.com,"Jul 11, 1966",pune,min kyc,2024-12-05,arjun0474@icici
C00103,swati kulkarni,+919506113222,swati.kulkarni75@gmail.com,NULL,Chennai,full_kyc,29 Dec 2019,swati3222@okbank
C02823,Sanjay Shaikh,9866468207,unknown,1974-06-07,,,30-04-2023,sanjay8207@icici
C03455,Isha Das,6458636561,isha.das40@gmail.com,1990-01-24,HYD,NA,31-03-2024,isha6561@axl
C00637,Vijay Pillai,08554356586,vijay.pillai72@gmail.com,08-08-1973,New Delhi,min,24 Nov 2022,vijay6586@hdfcbank
C90077,Karan Kulkarni,9241381236,N/A,1964-10-27,,minimum,23 Sep 2023,karan1236@sbi
C02260,meera chopra,9756856738,meera.chopra37@gmail.com,10/02/70,Lucknow,FULL,2019-09-01,meera6738@paytm
C90289,sanjay bose,6124199471,N/A,"Jul 08, 1999",Mumbai,min kyc,04 Jun 2020,sanjay9471@hdfcbank
C00808,meera yadav,60068 36072,,15-06-1974,Kolkata,Full KYC,14 Jan 2025,meera6072@ybl
C03190,"Yadav, Rohan",91-7065579558,rohan.yadav99@gmail.com,2004-10-19,mumbai,min kyc,24 Jun 2021,rohan9558@sbi
C01374,Harsh Patel,91-6781533962,harsh.patel95@gmail.com,1987-05-17,ahmedabad,min kyc,06 Oct 2024,harsh3962@hdfcbank
C01500,Isha Joshi,91-7889419017,isha.joshi66@gmail.com,17/12/98,,,2023-04-20,isha9017@icici
C03679,Neha  Khan ,7400687327,,"Nov 16, 1968",Chennai,minimum,16-03-2022,neha7327@okbank
C04327,Kavita Pillai,91-8882177726,N/A,07/12/88,ahmedabad,full,2023-09-03,kavita7726@axl
C04832,Pooja Pillai,6616412566,pooja.pillai52@gmail.com,08-11-1977,New Delhi,min,2022-10-25,pooja2566@icici
C00044,Rahul Menon,9099418475,rahul.menon93@gmail.com,13/07/85,kolkata,minimum,2021-02-13,rahul8475@ybl
C03173,Amit Sharma,6938796085,amit.sharma54@gmail.com,26/06/67,bangalore,full_kyc,16 Feb 2020,amit6085@icici
C02189,Meera Sharma,75781 89573,NULL,"Apr 12, 2005",Madras,full,25-04-2024,meera9573@okbank
C90083,NEHA DAS,6157714099,,"Sep 07, 1973",Bengaluru,pending,2020-08-27,NULL
C01973,S. Das,8817072825,sunita.das18@gmail.com,1994-01-20,lucknow,full,16-11-2020,sunita2825@okbank
C01328,HARSH DAS,08724071184,harsh.das32@gmail.com,1978-12-04,Pune,full,04 Feb 2022,harsh1184@okbank
C03406,ARJUN NAIR,6153935054,arjun.nair30@gmail.com,2004-10-29,Chennai,min kyc,07-03-2022,arjun5054@axl
C03569,"Desai, Swati",9402717796,N/A,NULL,Ahmedabad,Full KYC,06 May 2022,swati7796@sbi
C02820,Neha Reddy,8386429479,neha.reddy69@gmail.com,"Jan 06, 1986",Calcutta,minimum,18 Jul 2022,neha9479@paytm
C03801,"Menon, Vikram",6172813523,,"Nov 12, 1999",Pune,MIN,05-01-2024,vikram3523@axl
C01968,Swati Yadav,90790 94038,NULL,07/12/95,chennai,FULL,12-05-2021,swati4038@ybl
C03133,Sneha Nair,9891239629,sneha.nair79@gmail.com,"Nov 01, 1978",lucknow,FULL,26 Jun 2020,sneha9629@sbi
C04446,Arjun Nair,6409473145,arjun.nair6@gmail.com,20-09-1984,Ahmedabad,full,2022-04-30,arjun3145@axl
C00198,"Gupta, Farhan",91-8332816858,farhan.gupta98@gmail.com,01/03/89,Ahmedabad,minimum,2024-03-01,farhan6858@ybl
C00718,Arjun Desai,8332120665,arjun.desai8@gmail.com,"May 25, 1997",Poona,FULL,2025-12-13,
C03924,sunita desai,9585015553,unknown,22/06/96,Jaipur,min kyc,2023-02-03,sunita5553@okbank
C01563,ROHAN NAIR,8065227397,,21/10/70,DELHI,,2025-05-27,rohan7397@axl
C01526,vijay pillai,91-9810103306,NULL,07-08-1997,lucknow,full_kyc,03-10-2021,vijay3306@okbank
C00988,Fatima Pillai,7812024391,unknown,"Jan 17, 1981",Lucknow,full_kyc,09-02-2026,fatima4391@ybl
C02266,Priya Joshi,+919380244723,NULL,11-11-1971,hyderabad,MIN,2022-10-15,priya4723@paytm
C02294,Farhan Gupta,8578202241,,13/10/65,jaipur,full,19 Jan 2023,farhan2241@paytm
C04535,Divya Menon,+918763822691,NULL,30-07-1983,Bangalore,FULL,2020-01-01,divya2691@sbi
C04168,Vikram Joshi,8570293940,vikram.joshi75@gmail.com,25-05-1998,Amdavad,full_kyc,25-07-2021,vikram3940@ybl
C01813,"Bose, Sneha",09919260796,,05/04/85,chennai,NA,06-07-2023,sneha0796@sbi
C00415,Kavita Patel,91-7725205344,kavita.patel26@gmail.com,,jaipur,FULL,16-02-2022,kavita5344@okbank
C03757,Vijay Khan,8770865588,vijay.khan63@gmail.com,"Oct 23, 2000",pune,FULL,13 Dec 2023,vijay5588@icici
C02140,amit pillai,7396013338,amit.pillai13@gmail.com,"Mar 22, 1969",Poona,full,24 Nov 2025,amit3338@axl
C03116,Nisha Verma,06260641862,,1985-04-27,BLR,minimum,17-01-2026,nisha1862@okbank
C02047,Vikram Das,9600217004,vikram.das83@gmail.com,07-03-1988,lucknow,full,11-11-2021,vikram7004@sbi
C01429,Divya Mehta,8205766760,unknown,11-04-1995,jaipur,Full KYC,19-03-2026,divya6760@axl
C01783,Anjali Desai,+917754630458,unknown,2001-12-02,,full,21 Oct 2025,anjali0458@axl
C02397,NEHA KULKARNI,+916643698132,neha.kulkarni75@gmail.com,1964-03-26,jaipur,full_kyc,01-08-2025,neha8132@ybl
C01373,Sneha  Kulkarni ,8576726574,sneha.kulkarni74@gmail.com,"Aug 24, 1965",,FULL,2020-09-03,sneha6574@paytm
C04326,Nisha Iyer,8114445228,NULL,"Jun 24, 1999",,full,28 Oct 2024,nisha5228@axl
C01776,Neha Khan,+916537000590,neha.khan31@gmail.com,22-03-2003,Amdavad,full_kyc,2024-04-08,neha0590@ybl
C01258,DEEPAK SHAIKH,9502974504,deepak.shaikh55@gmail.com,1978-03-30,Amdavad,min,2025-01-19,deepak4504@paytm
C04704,RITU PILLAI,9078775932,ritu.pillai89@gmail.com,25-12-1987,chennai,full,2020-04-24,ritu5932@hdfcbank
C00191,Nisha Yadav,+917676887844,nisha.yadav29@gmail.com,24/11/97,Jaipur,Full KYC,26-06-2023,nisha7844@axl
C01161,Anjali Iyer,8838267407,anjali.iyer67@gmail.com,"Apr 27, 1998",bangalore,minimum,18-11-2022,anjali7407@okbank
C01299,Sunita Chopra,91-9906974156,sunita.chopra50@gmail.com,20/09/70,,Full KYC,18-07-2021,sunita4156@paytm
C00691,S. Nair,+917658132774,sneha.nair50@gmail.com,1964-03-02,New Delhi,min kyc,2025-06-15,sneha2774@okbank
C01428,Priya Pillai,9758136397,N/A,04/07/01,HYD,MIN,11 May 2023,priya6397@sbi
C02500,Anjali  Chopra ,6900910171,anjali.chopra31@gmail.com,"Oct 30, 1968",Amdavad,FULL,08-12-2021,anjali0171@paytm
C00226,AMIT NAIR,+919335570028,amit.nair13@gmail.com,"Mar 25, 1992",Madras,,2023-04-26,amit0028@ybl
C04141,I. Khan,+918618595040,NULL,10/06/85,pune,full,04-10-2024,imran5040@hdfcbank
C03082,R. Bose,7276684637,rahul.bose61@gmail.com,2001-03-05,jaipur,FULL,2024-10-01,rahul4637@ybl
C04892,Tarun Kulkarni,73219 22800,tarun.kulkarni85@gmail.com,1983-11-06,Jaipur,full,07-12-2021,tarun2800@icici
C01614,TARUN BOSE,08070719134,tarun.bose3@gmail.com,"Nov 04, 1983",,min kyc,02-07-2025,tarun9134@okbank
C02963,"Menon, Ritu",9027776446,unknown,"Oct 14, 1971",bangalore,full,02-03-2023,ritu6446@icici
C04748,F. Bose,+918318530989,fatima.bose9@gmail.com,"Jun 26, 1961",Bengaluru,minimum,17-12-2019,fatima0989@okbank
C02551,A. Patel,+916724361221,aarti.patel13@gmail.com,25/04/68,jaipur,Full KYC,14-03-2021,aarti1221@hdfcbank
C03481,"Joshi, Nisha",8278514118,,29/03/65,MUMBAI,full_kyc,10-06-2021,nisha4118@ybl
C01586,Pooja  Desai ,+918961881998,pooja.desai35@gmail.com,30/11/05,,MIN,2025-08-01,pooja1998@sbi
C02163,Arjun Mehta,7208547703,arjun.mehta89@gmail.com,08/09/79,lucknow,minimum,24-01-2025,arjun7703@icici
C01803,arjun kulkarni,7414877207,arjun.kulkarni48@gmail.com,1995-12-10,Madras,minimum,21-04-2025,arjun7207@okbank
C03695,H. Kulkarni,6929893066,harsh.kulkarni85@gmail.com,05-07-1977,jaipur,full_kyc,2024-08-18,harsh3066@axl
C02051,Deepak Iyer,8267674267,NULL,17/02/64,hyderabad,Full KYC,13 Oct 2019,deepak4267@axl
C04936,Rahul Pillai,08546697722,unknown,1991-05-30,jaipur,min kyc,2022-05-18,rahul7722@okbank
C04976,Vikram  Nair ,97603 80922,N/A,"Dec 05, 1986",Poona,full_kyc,2022-08-21,vikram0922@axl
C01695,"Verma, Fatima",9576352982,fatima.verma76@gmail.com,1992-07-07,jaipur,FULL,25-09-2022,fatima2982@axl
C00035,Manish Das,9539534327,,23-04-1989,delhi,MIN,2024-05-04,manish4327@ybl
C02533,T. Desai,7509161061,tarun.desai72@gmail.com,,mumbai,PENDING,19 Sep 2019,tarun1061@sbi
C03328,FARHAN SHARMA,8022904662,farhan.sharma9@gmail.com,28/04/61,Kolkata,full_kyc,26 Mar 2023,farhan4662@icici
C00026,Sunita Chopra,09226756202,N/A,18/05/85,Chennai,full_kyc,11-05-2020,sunita6202@okbank
C00523,Anjali Patel,83682 11418,anjali.patel29@gmail.com,N/A,Jaipur,min,25-07-2020,anjali1418@icici
C02499,Farhan  Patel ,+919037253114,farhan.patel91@gmail.com,02/06/61,Madras,MIN,15 Oct 2022,farhan3114@hdfcbank
C00443,Fatima Chopra,8636332336,fatima.chopra41@gmail.com,"Dec 10, 1992",chennai,min kyc,20 May 2026,fatima2336@sbi
C01928,Meera Chopra,9028223709,NULL,"Aug 29, 1991",,NA,2020-04-02,meera3709@axl
C01875,Divya Bose,09141692778,,"Jun 05, 1962",bangalore,minimum,23-07-2023,divya2778@okbank
C00900,Manish Nair,+918304056315,manish.nair62@gmail.com,"Jun 14, 1983",Bangalore,FULL,13-03-2022,manish6315@sbi
C00100,vikram khan,6991684672,vikram.khan37@gmail.com,1986-08-10,Bombay,pending,31 May 2025,vikram4672@axl
C00686,VIJAY SINGH,91-7000358705,unknown,"Oct 11, 1962",Jaipur,NA,01 Feb 2022,vijay8705@paytm
C01715,Suresh Singh,+919742888752,suresh.singh98@gmail.com,26-04-1969,Bengaluru,full,17 Nov 2021,suresh8752@sbi
C01054,ROHAN NAIR,6074570229,rohan.nair36@gmail.com,1982-07-20,ahmedabad,min kyc,2025-10-01,rohan0229@icici
C03266,POOJA IYER,96934 49397,N/A,"Aug 18, 1987",Delhi,Full KYC,2019-10-19,pooja9397@hdfcbank
C90180,kavita chopra,91-7128292253,kavita.chopra39@gmail.com,"May 29, 1963",Pune,minimum,20 Jun 2021,kavita2253@icici
C02342,ISHA MEHTA,9691805624,isha.mehta88@gmail.com,,Mumbai,NA,24 May 2026,isha5624@axl
C03871,M. Chopra,7131009435,N/A,"Sep 06, 2003",Jaipur,minimum,2021-07-24,manish9435@axl
C90177,Karan Menon,6583212936,karan.menon73@gmail.com,"Jul 16, 1968",Hyderabad,PENDING,19 Nov 2022,karan2936@axl
C01233,anjali khan,91-6441035108,anjali.khan99@gmail.com,29/01/99,pune,full,04 Aug 2020,anjali5108@ybl
C00008,Karan Chopra,91-6139822507,karan.chopra50@gmail.com,"Mar 18, 1967",ahmedabad,MIN,2024-12-23,karan2507@axl
C01823,Rohan Iyer,91-9586276512,,"Mar 02, 1984",lucknow,full,2024-08-11,rohan6512@ybl
C02445,Vikram Desai,6187963329,vikram.desai33@gmail.com,21-01-1968,Kolkata,Full KYC,2025-09-25,vikram3329@axl
C03125,Neha Chopra,7051541442,NULL,31/08/64,HYD,FULL,24 Oct 2023,neha1442@icici
C02255,Isha Patel,+919360296355,isha.patel25@gmail.com,1971-03-12,jaipur,full_kyc,2024-02-16,isha6355@ybl
C03930,Vikram Kulkarni,+917850735491,vikram.kulkarni19@gmail.com,"Oct 13, 1963",HYD,Full KYC,2023-08-20,vikram5491@icici
C04026,"Yadav, Priya",+916170899880,priya.yadav58@gmail.com,06-07-1978,Hyderabad,full_kyc,11-03-2022,priya9880@axl
C03416,Neha Verma,09293007116,,11-07-2003,Jaipur,full,05 Jan 2021,neha7116@paytm
C90193,Farhan  Patel ,+917110850370,farhan.patel72@gmail.com,,lucknow,,17-01-2022,farhan0370@paytm
C02689,"Sharma, Deepak",6403923263,deepak.sharma42@gmail.com,26/03/61,HYD,full,08-01-2025,deepak3263@axl
C02194,KARAN DAS,9553852298,karan.das99@gmail.com,04/06/92,DELHI,min,2023-12-01,karan2298@paytm
C01024,divya kulkarni,9187329930,,03-06-1984,Lucknow,FULL,02 Jul 2021,divya9930@icici
C03044,sanjay gupta,6045922775,NULL,1967-11-03,Jaipur,full_kyc,15 Feb 2024,sanjay2775@axl
C00373,HARSH DESAI,+918696801186,harsh.desai83@gmail.com,20/11/77,Bombay,Full KYC,15-10-2024,harsh1186@axl
C90163,"Singh, Sneha",+916137502141,sneha.singh19@gmail.com,14-09-1966,jaipur,pending,2022-05-11,sneha2141@icici
C02959,VIKRAM SHARMA,7579780312,vikram.sharma26@gmail.com,29-05-2005,delhi,MIN,2025-01-22,vikram0312@axl
C03826,Neha Nair,06264941554,,27-04-1964,Hyderabad,full,07 Oct 2020,neha1554@icici
C02704,S. Reddy,8406267559,N/A,1994-06-21,mumbai,full,2020-02-17,sneha7559@sbi
C01315,Imran Singh,9351085933,N/A,1969-04-30,Amdavad,full,08 Jul 2025,imran5933@axl
C02696,Arjun Shaikh,+919434270102,arjun.shaikh36@gmail.com,"Mar 26, 2005",chennai,MIN,25-06-2023,arjun0102@ybl
C02522,Nisha  Yadav ,+917603314162,,14/05/05,Chennai,Full KYC,2023-02-18,nisha4162@paytm
C01506,Rohan Kulkarni,8485509663,,2004-08-08,Bombay,minimum,30-10-2023,rohan9663@icici
C04246,Ritu  Verma ,09675897035,ritu.verma42@gmail.com,1993-11-04,,minimum,27-05-2026,ritu7035@ybl
C90036,Ritu  Menon ,09084999622,ritu.menon28@gmail.com,NULL,mumbai,pending,04 Mar 2020,ritu9622@icici
C01663,Swati Das,7473551746,swati.das23@gmail.com,"Mar 22, 1989",HYD,FULL,02-05-2024,swati1746@ybl
C03277,MEERA KULKARNI,8525569314,NULL,NULL,New Delhi,full,04 Apr 2026,meera9314@ybl
C02498,Tarun Khan,6892373818,,15/09/00,hyderabad,full,17 Jun 2025,tarun3818@axl
C04134,FARHAN PATEL,91-7548845825,farhan.patel27@gmail.com,"Mar 06, 1988",ahmedabad,minimum,2025-06-13,farhan5825@sbi
C00815,ISHA REDDY,+917981558178,isha.reddy16@gmail.com,03/03/70,Delhi,full,09-09-2019,isha8178@sbi
C00491,P. Patel,+916581177624,pooja.patel56@gmail.com,"Apr 07, 1991",jaipur,MIN,08-04-2026,pooja7624@paytm
C00648,Sanjay  Desai ,07108091498,sanjay.desai95@gmail.com,06-07-2000,Bengaluru,min,30 May 2026,sanjay1498@paytm
C04162,AARTI KULKARNI,8528648204,unknown,26/01/78,DELHI,full,2023-04-20,aarti8204@hdfcbank
C02574,vijay kulkarni,7200765961,vijay.kulkarni43@gmail.com,04-09-1974,lucknow,FULL,2023-04-06,vijay5961@hdfcbank
C00418,Sanjay Gupta,7722554830,,08-11-1977,kolkata,MIN,2021-09-25,
C03346,Sneha  Das ,+917952043165,sneha.das25@gmail.com,1969-10-09,mumbai,Full KYC,10 Jan 2021,sneha3165@sbi
C03158,Manish Reddy,6644931307,,24-03-2005,jaipur,,20 Dec 2019,manish1307@okbank
C03655,Sneha Shaikh,6558236598,sneha.shaikh21@gmail.com,13-07-1990,Bombay,minimum,16-08-2025,sneha6598@sbi
C04358,Fatima Patel,9001974189,NULL,08/02/84,,min,08-03-2023,fatima4189@sbi
C90054,I. Yadav,6430036041,NULL,1980-06-30,Bengaluru,PENDING,2024-05-28,
C01093,vijay joshi,85209 76883,vijay.joshi81@gmail.com,06/07/81,Mumbai,Full KYC,15 Apr 2022,vijay6883@okbank
C03087,Arjun Yadav,8437747917,,"Oct 24, 1976",HYD,FULL,12-09-2020,arjun7917@paytm
C01240,Vijay Joshi,63068 64169,,25-01-1990,Hyderabad,FULL,16 Mar 2023,vijay4169@sbi
C00681,M. Shaikh,9298466364,unknown,02/01/81,delhi,min kyc,2025-02-14,meera6364@ybl
C00007,deepak mehta,+916210779751,deepak.mehta82@gmail.com,,Amdavad,min kyc,13-09-2024,deepak9751@paytm
C04005,Harsh Iyer,9397891213,NULL,1993-11-21,chennai,pending,11-09-2020,harsh1213@sbi
C04180,Nisha Shaikh,06159728174,nisha.shaikh68@gmail.com,"Nov 27, 1972",Jaipur,minimum,2023-03-02,nisha8174@okbank
C90086,FATIMA SHAIKH,+919942712161,,25/10/79,Bangalore,minimum,13 Nov 2023,N/A
C90162,A. Verma,+918326726911,amit.verma68@gmail.com,14-02-1991,Mumbai,,17-12-2020,N/A
C03941,PRIYA MEHTA,88596 49566,priya.mehta72@gmail.com,"Nov 24, 2003",BLR,minimum,13-08-2022,priya9566@okbank
C01211,Vikram Khan,+916649379014,N/A,"Nov 02, 1972",pune,full_kyc,08 Oct 2024,vikram9014@icici
C02331,Deepak Gupta,7264435006,deepak.gupta32@gmail.com,30/11/91,,FULL,2020-10-02,deepak5006@hdfcbank
C02846,Imran  Verma ,+919131918676,imran.verma85@gmail.com,1991-04-29,lucknow,FULL,17-02-2025,imran8676@icici
C90143,Nisha Kulkarni,8521438257,nisha.kulkarni41@gmail.com,1981-03-05,pune,pending,19 Jun 2023,nisha8257@icici
C90222,Sanjay Shaikh,8598001290,sanjay.shaikh15@gmail.com,29/08/98,jaipur,min,20 Feb 2022,sanjay1290@paytm
C04239,DEEPAK IYER,6943182339,deepak.iyer66@gmail.com,"Jul 06, 1974",Amdavad,FULL,23-06-2025,deepak2339@sbi
C00385,Vikram Joshi,9910363061,unknown,"Sep 25, 1987",lucknow,min kyc,2021-05-02,vikram3061@paytm
C00961,Amit  Iyer ,91-8206038695,amit.iyer38@gmail.com,1991-08-28,bangalore,minimum,26-09-2019,amit8695@ybl
C00894,AMIT REDDY,6577375898,,"Jul 20, 1997",delhi,full_kyc,2021-02-01,amit5898@axl
C02906,ISHA MEHTA,7026821478,isha.mehta77@gmail.com,06/03/05,Hyderabad,min,24-07-2024,isha1478@ybl
C00796,T. Gupta,8034232900,unknown,N/A,Poona,full,2025-12-04,tarun2900@ybl
C02598,Sunita Menon,08187724366,sunita.menon18@gmail.com,19/12/77,mumbai,MIN,2024-09-03,sunita4366@axl
C04314,Tarun Reddy,7365946623,unknown,14/09/95,jaipur,Full KYC,2020-08-11,tarun6623@okbank
C04367,Swati Nair,98791 42048,swati.nair22@gmail.com,"May 15, 1999",HYD,Full KYC,2021-12-24,swati2048@sbi
C02429,Nisha Kulkarni,09313262236,nisha.kulkarni22@gmail.com,N/A,lucknow,full_kyc,27-05-2022,nisha2236@paytm
C04050,SNEHA MENON,06953829782,sneha.menon83@gmail.com,1966-02-02,Delhi,full,02-09-2019,sneha9782@sbi
C00062,Nisha Shaikh,69635 26218,nisha.shaikh61@gmail.com,"Dec 23, 1993",delhi,minimum,2019-12-24,nisha6218@ybl
C00904,Rahul Singh,6170395955,rahul.singh75@gmail.com,01-11-1995,mumbai,FULL,2020-05-25,rahul5955@okbank
C90014,Meera Verma,7666628959,N/A,1968-07-05,Pune,FULL,2020-01-03,meera8959@icici
C02267,Tarun Reddy,6675314470,tarun.reddy99@gmail.com,03/02/85,Poona,FULL,2025-11-28,tarun4470@okbank
C00147,Meera Singh,+919606610104,meera.singh24@gmail.com,"Feb 08, 1992",Amdavad,full_kyc,2023-07-06,NULL
C02190,Divya Mehta,+917997812809,unknown,25-07-1985,Pune,FULL,2023-08-28,divya2809@axl
C00799,"Das, Meera",+918751795618,meera.das41@gmail.com,1982-01-05,mumbai,minimum,21 Mar 2024,meera5618@hdfcbank
C04043,tarun singh,8778644188,tarun.singh39@gmail.com,30-10-1983,mumbai,full,2023-06-28,tarun4188@okbank
C04073,"Das, Pooja",8775443788,pooja.das20@gmail.com,1961-09-17,Mumbai,full,28-01-2026,pooja3788@icici
C01021,S. Pillai,91-6925020665,sanjay.pillai82@gmail.com,,Bombay,Full KYC,01-07-2024,sanjay0665@okbank
C00328,"Shaikh, Aarti",9150248909,NULL,1994-09-18,delhi,full_kyc,2023-05-09,aarti8909@sbi
C01742,NEHA DAS,+916932989677,,03-09-1976,Madras,full,08-11-2020,neha9677@paytm
C00231,pooja pillai,7074553619,,2002-04-11,Madras,minimum,2026-04-14,pooja3619@axl
C00890,Sunita Kulkarni,+919600372774,unknown,24/10/92,Kolkata,full_kyc,24-03-2020,sunita2774@axl
C03773,Rahul  Reddy ,+918313342915,rahul.reddy76@gmail.com,1970-03-30,lucknow,MIN,2020-12-23,rahul2915@paytm
C03010,TARUN PATEL,+916689333620,tarun.patel72@gmail.com,1994-10-13,bangalore,Full KYC,2020-02-18,tarun3620@paytm
C01499,Rohan  Bose ,91-6482800870,rohan.bose11@gmail.com,1967-06-12,Jaipur,full,2023-12-06,rohan0870@axl
C00212,S. Mehta,+919433516881,,"Aug 16, 1978",HYD,min,2025-07-23,sunita6881@axl
C00990,ROHAN DAS,8163209502,rohan.das81@gmail.com,21/06/77,Poona,min,25-08-2024,rohan9502@axl
C04348,"Mehta, Karan",9934535375,karan.mehta72@gmail.com,"Dec 11, 1995",Amdavad,minimum,16-02-2026,karan5375@sbi
C03732,Karan Desai,6728262031,N/A,"Nov 25, 1983",chennai,minimum,2025-02-06,karan2031@paytm
C03241,"Desai, Arjun",9754749634,arjun.desai1@gmail.com,26-07-1985,jaipur,Full KYC,02 Jan 2024,arjun9634@okbank
C02363,"Joshi, Sanjay",85020 66106,sanjay.joshi72@gmail.com,03-04-1964,mumbai,min,30-03-2024,sanjay6106@axl
C03851,Imran Pillai,+917503067089,imran.pillai59@gmail.com,"Dec 13, 1967",Kolkata,minimum,06 Apr 2022,imran7089@ybl
C02157,Vijay Das,07934986183,unknown,05/10/62,,minimum,18 Mar 2026,vijay6183@icici
C01192,HARSH IYER,8345487591,harsh.iyer56@gmail.com,2001-05-24,Ahmedabad,minimum,31 Dec 2020,harsh7591@okbank
C02958,harsh kulkarni,07834732277,harsh.kulkarni73@gmail.com,1981-10-21,mumbai,full_kyc,23-10-2021,harsh2277@paytm
C03041,POOJA DESAI,8811318148,pooja.desai23@gmail.com,"Mar 06, 1975",,min kyc,23 Sep 2025,pooja8148@okbank
C02632,SWATI SINGH,6886259775,NULL,07/12/65,mumbai,FULL,01-05-2023,swati9775@okbank
C03490,Deepak Nair,92593 69195,deepak.nair82@gmail.com,07-03-2002,,Full KYC,17 Jun 2025,deepak9195@hdfcbank
C00459,Nisha Shaikh,7507961368,nisha.shaikh30@gmail.com,20/09/75,Kolkata,min,2022-11-14,nisha1368@hdfcbank
C01832,TARUN MENON,9606936966,tarun.menon52@gmail.com,1970-12-12,Kolkata,Full KYC,27-08-2021,tarun6966@icici
C00272,Vikram Nair,+916485082544,vikram.nair19@gmail.com,1968-02-15,lucknow,minimum,03-09-2023,vikram2544@icici
C00843,Farhan Gupta,9956521837,farhan.gupta3@gmail.com,04/12/66,DELHI,full,08-05-2021,farhan1837@axl
C00070,Kavita Verma,9951659488,kavita.verma7@gmail.com,1968-07-26,Ahmedabad,MIN,2025-12-23,kavita9488@ybl
C04582,I. Verma,6155835992,isha.verma31@gmail.com,02-12-1964,ahmedabad,full,2026-04-15,isha5992@sbi
C02268,Suresh  Singh ,9345987206,suresh.singh21@gmail.com,1964-05-21,bangalore,Full KYC,27 Nov 2021,suresh7206@hdfcbank
C90227,Sanjay Verma,+918946200951,N/A,2003-10-17,Bombay,pending,14-05-2022,sanjay0951@sbi
C03205,sunita das,7782961300,sunita.das53@gmail.com,12-03-1978,Chennai,PENDING,08 Dec 2025,sunita1300@hdfcbank
C02757,K. Iyer,6932144778,kavita.iyer73@gmail.com,05-08-1977,pune,FULL,05 Aug 2024,kavita4778@sbi
C03777,Karan Das,7654398133,unknown,"Nov 14, 2005",MUMBAI,full,06-02-2023,karan8133@ybl
C03928,TARUN CHOPRA,91-6876818666,unknown,07-10-1994,DELHI,,27 Aug 2023,tarun8666@axl
C03469,SNEHA GUPTA,6083854782,NULL,05/06/81,DELHI,min,19-06-2024,sneha4782@okbank
C03518,MEERA BOSE,6132579777,,2001-02-14,,min kyc,08 May 2024,meera9777@hdfcbank
C00802,ritu menon,91-7946722277,ritu.menon88@gmail.com,19-10-1962,Poona,full_kyc,16 Mar 2022,ritu2277@hdfcbank
C02920,Deepak Pillai,8437337648,deepak.pillai15@gmail.com,20/06/66,lucknow,Full KYC,19-05-2020,deepak7648@ybl
C03215,suresh sharma,+916433192755,suresh.sharma76@gmail.com,1994-09-16,delhi,full_kyc,2022-08-07,suresh2755@hdfcbank
C04107,vikram iyer,8023801552,vikram.iyer14@gmail.com,22/06/66,Lucknow,FULL,18-07-2020,vikram1552@paytm
C02040,Vijay Kulkarni,+918153306674,N/A,1971-11-12,delhi,FULL,01-11-2022,vijay6674@ybl
C04096,Tarun Desai,+919839735818,unknown,2002-11-16,Lucknow,FULL,03 Apr 2024,tarun5818@hdfcbank
C03831,"Iyer, Tarun",8860797666,tarun.iyer41@gmail.com,03/09/01,Calcutta,full_kyc,10 Sep 2025,tarun7666@sbi
C90284,karan kulkarni,90210 56458,N/A,"Oct 18, 1965",Lucknow,,22 Jan 2026,
C03633,DEEPAK PILLAI,74376 44836,deepak.pillai10@gmail.com,1979-02-25,jaipur,min,09 May 2022,deepak4836@sbi
C03887,divya singh,8385055500,,"Oct 15, 1970",mumbai,full,01-09-2023,divya5500@hdfcbank
C90266,"Singh, Pooja",9972920235,,07/10/95,Lucknow,pending,31 Dec 2020,N/A
C02565,Amit Bose,+918873105756,amit.bose30@gmail.com,17-05-1969,Amdavad,full_kyc,19-04-2025,amit5756@hdfcbank
C00875,RITU VERMA,9794802126,ritu.verma18@gmail.com,1970-08-09,Madras,full,21-08-2024,ritu2126@hdfcbank
C01699,Swati Kulkarni,91-8202461388,swati.kulkarni47@gmail.com,1977-02-24,jaipur,full,01-08-2024,swati1388@okbank
C04469,KAVITA KHAN,9975056906,kavita.khan68@gmail.com,01/01/75,ahmedabad,Full KYC,21-10-2025,kavita6906@ybl
C03359,Manish Verma,+919129390611,unknown,19/05/97,Bangalore,Full KYC,2023-12-18,manish0611@sbi
C04502,meera kulkarni,6523458028,N/A,2003-09-13,lucknow,FULL,19 Sep 2024,meera8028@sbi
C02928,F. Khan,+916020955614,farhan.khan40@gmail.com,"Aug 24, 1996",kolkata,Full KYC,09 Mar 2021,farhan5614@icici
C04308,Arjun Singh,7477999336,unknown,26-06-1973,Madras,,2023-08-28,arjun9336@paytm
C90255,harsh iyer,91-7156234403,,03/03/71,hyderabad,full,22 Nov 2025,harsh4403@hdfcbank
C03875,Manish Nair,8220124866,manish.nair13@gmail.com,1990-02-01,,full,10 Dec 2021,manish4866@sbi
C01824,Swati Pillai,71504 82960,swati.pillai39@gmail.com,"Jul 03, 1985",Ahmedabad,Full KYC,2022-06-24,swati2960@sbi
C03956,FATIMA SINGH,7935122165,unknown,NULL,New Delhi,full_kyc,06 Aug 2021,fatima2165@axl
C02110,Farhan Gupta,91-9896104187,farhan.gupta76@gmail.com,"Jan 03, 1992",Jaipur,FULL,2026-03-01,farhan4187@hdfcbank
C01113,Aarti Reddy,7728229518,aarti.reddy95@gmail.com,1963-05-24,Madras,full,2020-05-18,aarti9518@axl
C03248,kavita menon,6774149706,kavita.menon45@gmail.com,29-08-1964,Poona,full,2021-02-16,kavita9706@sbi
C03622,KARAN IYER,91-7456425724,,17-08-1980,pune,FULL,2019-11-17,karan5724@paytm
C01292,imran singh,98557 41039,unknown,1999-01-25,Amdavad,pending,24 Feb 2025,imran1039@okbank
C03944,FATIMA BOSE,75455 45057,unknown,26/01/65,Madras,full_kyc,29 Oct 2023,fatima5057@okbank
C00528,P. Verma,+917920020126,priya.verma94@gmail.com,18/04/97,Calcutta,full_kyc,14-12-2023,priya0126@axl
C00278,"Khan, Deepak",91488 48905,deepak.khan4@gmail.com,22/04/89,Amdavad,full_kyc,30 Jan 2024,deepak8905@icici
C01940,Suresh Das,6711742280,suresh.das65@gmail.com,2002-04-07,Calcutta,FULL,13 Sep 2021,suresh2280@sbi
C00625,ANJALI KULKARNI,91-8602352779,NULL,1997-05-30,Jaipur,min,2024-07-04,anjali2779@paytm
C02446,Neha Joshi,6096685072,neha.joshi31@gmail.com,08-08-1985,Poona,PENDING,30 Sep 2021,neha5072@okbank
C02492,MEERA SHARMA,91-9529257842,meera.sharma27@gmail.com,1971-01-31,Chennai,minimum,2019-12-15,meera7842@ybl
C00380,Deepak  Singh ,7912457063,deepak.singh37@gmail.com,12/05/73,New Delhi,minimum,29-06-2021,deepak7063@sbi
C90224,Nisha Chopra,+917276970789,nisha.chopra43@gmail.com,NULL,Amdavad,PENDING,17-09-2024,nisha0789@hdfcbank
C00339,MEERA JOSHI,91084 61941,unknown,20-04-2000,ahmedabad,min,18 Jun 2025,meera1941@okbank
C01525,"Nair, Rahul",+918229342405,N/A,12-01-1987,Chennai,full,19-04-2025,rahul2405@paytm
C04975,arjun desai,8947669182,,"Sep 23, 1980",HYD,Full KYC,2022-03-20,arjun9182@ybl
C01516,Divya Pillai,06607994117,unknown,08/08/96,Kolkata,MIN,2023-12-28,divya4117@ybl
C02169,Vikram Verma,71282 86571,NULL,07-09-1995,Mumbai,min,2022-10-12,vikram6571@okbank
C04988,Amit Nair,91-9765837991,amit.nair37@gmail.com,15/02/93,ahmedabad,full_kyc,2020-10-17,amit7991@okbank
C04345,Imran Singh,7280499991,imran.singh67@gmail.com,28-04-1970,BLR,pending,2021-07-12,imran9991@sbi
C02210,Aarti Joshi,91-9713404038,unknown,"Oct 06, 1980",Jaipur,FULL,11-04-2026,aarti4038@paytm
C00739,rohan shaikh,6703317348,rohan.shaikh21@gmail.com,1981-02-28,Bengaluru,Full KYC,2020-09-13,rohan7348@sbi
C03237,Vijay Khan,7270850740,vijay.khan89@gmail.com,15/06/80,jaipur,MIN,12 Feb 2022,vijay0740@sbi
C04946,Priya Khan,7385801087,priya.khan30@gmail.com,21-04-1994,Lucknow,Full KYC,03-06-2024,priya1087@okbank
C03860,SUNITA DAS,07110785968,unknown,2005-09-04,Hyderabad,Full KYC,18-06-2020,sunita5968@ybl
C00262,Isha Bose,+918331336295,,1966-07-25,Hyderabad,min kyc,01-02-2026,isha6295@icici
C04448,ROHAN JOSHI,+916879299769,rohan.joshi94@gmail.com,19-04-2004,jaipur,full_kyc,15-10-2021,rohan9769@ybl
C03358,Fatima Bose,9822575480,fatima.bose98@gmail.com,03/02/89,BLR,min kyc,2020-09-09,fatima5480@sbi
C03131,ANJALI SHAIKH,7050986602,anjali.shaikh6@gmail.com,23-04-1971,lucknow,full,20-11-2025,anjali6602@axl
C02777,ISHA VERMA,+917456850011,isha.verma88@gmail.com,"Aug 22, 1967",Madras,min kyc,11-11-2024,isha0011@axl
C01011,Swati Desai,91-9175565565,swati.desai89@gmail.com,14/11/78,delhi,min,12 Mar 2026,swati5565@okbank
C02486,A. Bose,06321263208,,1976-03-11,kolkata,FULL,23 Apr 2022,aarti3208@paytm
C00039,Sneha Menon,06146402280,sneha.menon42@gmail.com,10/12/81,Hyderabad,MIN,2019-10-21,sneha2280@axl
C04786,vijay menon,8218322802,vijay.menon13@gmail.com,"Jan 22, 1977",lucknow,NA,07 Dec 2022,vijay2802@sbi
C04889,Sunita Menon,91-7657147721,sunita.menon27@gmail.com,1990-01-30,Madras,full,22 Jan 2021,sunita7721@sbi
C02811,"Joshi, Isha",9354969446,isha.joshi70@gmail.com,"May 29, 1962",Bombay,,07-11-2022,isha9446@okbank
C04730,"Bose, Fatima",6250276931,fatima.bose46@gmail.com,1990-10-27,delhi,MIN,02-03-2021,fatima6931@sbi
C04565,RITU SINGH,9339238689,,"Feb 28, 1970",Jaipur,MIN,2021-11-01,ritu8689@hdfcbank
C90170,Rohan Reddy,9580657964,rohan.reddy39@gmail.com,24-10-1981,,Full KYC,2022-04-05,N/A
C90103,Anjali Shaikh,7181006821,anjali.shaikh16@gmail.com,12-12-1969,HYD,NA,2021-01-11,anjali6821@ybl
C02358,Sanjay Joshi,09100326322,N/A,,,Full KYC,17 Sep 2020,sanjay6322@paytm
C02456,Harsh Das,8718911290,harsh.das44@gmail.com,08/07/86,chennai,Full KYC,02 Oct 2022,harsh1290@ybl
C00840,P. Yadav,9749247173,priya.yadav86@gmail.com,,kolkata,Full KYC,21-06-2025,priya7173@axl
C00931,Tarun Joshi,7977458281,unknown,05-06-1966,Calcutta,min,2020-04-18,tarun8281@sbi
C03768,Fatima  Sharma ,7286652308,N/A,N/A,Hyderabad,full,07-09-2023,fatima2308@icici
C02282,POOJA BOSE,6340168953,pooja.bose70@gmail.com,15-08-1989,Delhi,Full KYC,13-10-2021,pooja8953@hdfcbank
C01369,"Singh, Farhan",+919780885024,N/A,12-05-1968,DELHI,full,03-01-2024,farhan5024@hdfcbank
C01624,"Khan, Rohan",7534772178,unknown,1980-08-28,Jaipur,minimum,30 Apr 2024,rohan2178@paytm
C00609,Sanjay Patel,7097256844,sanjay.patel66@gmail.com,29-07-1964,Delhi,min,03 Apr 2021,sanjay6844@paytm
C05004,Vijay Mehta,91-9537399975,vijay.mehta94@gmail.com,"Aug 12, 2004",lucknow,minimum,03 Jun 2026,vijay9975@okbank
C01476,Farhan Shaikh,7307493206,farhan.shaikh41@gmail.com,31-07-1995,ahmedabad,MIN,15 Sep 2021,farhan3206@icici
C00078,Anjali Gupta,08126608456,,15/09/82,BLR,Full KYC,26 May 2026,anjali8456@icici
C01760,TARUN BOSE,91-8749554656,tarun.bose44@gmail.com,1974-03-06,jaipur,Full KYC,2019-09-09,tarun4656@okbank
C02143,SANJAY MEHTA,91-8859093092,sanjay.mehta83@gmail.com,19-09-1964,hyderabad,min kyc,2025-06-25,sanjay3092@okbank
C04277,Arjun  Das ,82139 61154,,,Madras,Full KYC,2020-01-12,arjun1154@okbank
C04544,Priya  Shaikh ,09593443481,,24/10/95,Poona,MIN,2026-04-28,priya3481@ybl
C02058,Sneha  Chopra ,+919082632727,sneha.chopra99@gmail.com,21/01/00,Delhi,FULL,2024-04-09,sneha2727@paytm
C03760,ISHA CHOPRA,7477052450,,,lucknow,full_kyc,26-03-2023,isha2450@paytm
C02675,Anjali Kulkarni,78714 68448,anjali.kulkarni76@gmail.com,"Mar 25, 1996",kolkata,MIN,13 Jan 2026,anjali8448@axl
C04774,Karan Iyer,8603270143,karan.iyer47@gmail.com,1994-01-01,jaipur,Full KYC,02-11-2023,karan0143@icici
C01569,Tarun Sharma,08946399528,tarun.sharma44@gmail.com,11/06/63,delhi,full_kyc,17 Apr 2023,tarun9528@hdfcbank
C01370,FARHAN YADAV,6343436074,farhan.yadav85@gmail.com,"Oct 18, 1962",Delhi,Full KYC,19-02-2023,farhan6074@paytm
C05015,Rahul Mehta,+918486842884,rahul.mehta38@gmail.com,16-01-1989,DELHI,min,2026-06-10,rahul2884@ybl
C04309,FARHAN PATEL,6690284747,farhan.patel37@gmail.com,1986-07-23,hyderabad,min kyc,12 Mar 2021,
C03094,Karan Pillai,76266 09621,N/A,"Aug 12, 1994",jaipur,Full KYC,05 Mar 2025,karan9621@okbank
C02852,Divya Singh,+916896803245,,30-09-1992,chennai,minimum,22 Mar 2024,divya3245@icici
C90282,Suresh Sharma,06095645824,suresh.sharma35@gmail.com,"Feb 15, 1968",Lucknow,min,2020-06-16,suresh5824@hdfcbank
C02559,Isha Pillai,8743418047,isha.pillai80@gmail.com,05/07/88,BLR,min,2021-05-24,isha8047@hdfcbank
C01689,MEERA REDDY,78946 29798,meera.reddy23@gmail.com,1964-05-08,Poona,full,2024-11-19,meera9798@sbi
C02134,RITU KULKARNI,+919662292167,unknown,19-01-1993,,min,22-06-2020,ritu2167@icici
C00425,PRIYA BOSE,08412006643,priya.bose52@gmail.com,"Oct 29, 1996",pune,full_kyc,2026-04-19,priya6643@paytm
C01135,Vikram  Bose ,8366832248,vikram.bose83@gmail.com,27-12-1963,chennai,minimum,11-11-2023,vikram2248@axl
C02620,S. Kulkarni,91-9495609749,sunita.kulkarni36@gmail.com,1998-10-04,Ahmedabad,MIN,2022-03-29,sunita9749@paytm
C03333,Kavita Gupta,+919564760168,kavita.gupta44@gmail.com,01/10/82,Hyderabad,full_kyc,2021-08-12,kavita0168@ybl
C02722,IMRAN KHAN,91-6189232346,imran.khan9@gmail.com,"Feb 28, 2004",Lucknow,PENDING,2021-01-17,imran2346@axl
C03334,"Kulkarni, Karan",+917128290709,NULL,23/09/04,Hyderabad,MIN,2025-08-23,karan0709@ybl
C02751,swati shaikh,+918589660803,,11/11/90,,full,2022-06-21,swati0803@sbi
C01878,Farhan  Khan ,6362639447,unknown,"Aug 24, 1998",Bengaluru,min kyc,25-03-2024,farhan9447@paytm
C01729,Vikram Khan,+918431410264,vikram.khan22@gmail.com,26-02-1966,bangalore,full_kyc,2022-11-23,vikram0264@okbank
C03059,Rohan Joshi,06462449097,rohan.joshi7@gmail.com,25-11-2002,Ahmedabad,FULL,16-02-2026,rohan9097@ybl
C02617,Sanjay Patel,+917604875462,unknown,10-12-1986,Chennai,NA,18-12-2022,sanjay5462@hdfcbank
C01377,Meera Khan,9235659584,N/A,28/06/05,Hyderabad,min,2022-03-21,meera9584@icici
C04497,Karan Shaikh,+917492727034,karan.shaikh77@gmail.com,08-05-2004,Kolkata,min,03 Nov 2020,karan7034@axl
C02242,Pooja Kulkarni,07150240058,NULL,"Feb 28, 1969",Lucknow,full,2025-07-30,pooja0058@hdfcbank
C03811,Aarti Mehta,91-7255535010,aarti.mehta93@gmail.com,N/A,Calcutta,FULL,06 May 2022,aarti5010@ybl
C02637,Pooja Verma,+918920704489,unknown,01-01-1981,Poona,full,08 Feb 2020,pooja4489@paytm
C02495,Meera Bose,91-8831871272,N/A,16-06-1996,Lucknow,min,08-09-2020,meera1272@ybl
C04376,farhan reddy,6670577763,farhan.reddy8@gmail.com,"Apr 12, 1979",Mumbai,FULL,02 Mar 2022,farhan7763@sbi
C03003,vijay sharma,+916247342053,vijay.sharma69@gmail.com,2003-05-23,Hyderabad,min,16 Jul 2025,vijay2053@okbank
C01527,HARSH IYER,8366175055,unknown,2001-11-30,,min kyc,13-10-2023,harsh5055@paytm
C03560,vikram gupta,9067167419,,,lucknow,MIN,14-01-2025,vikram7419@hdfcbank
C04667,Nisha Shaikh,66511 78650,nisha.shaikh99@gmail.com,17/04/98,Calcutta,minimum,2023-07-14,nisha8650@ybl
C03037,Priya Nair,+916558192624,priya.nair48@gmail.com,"Jun 22, 1974",Madras,Full KYC,08 Aug 2021,priya2624@hdfcbank
C02726,Sunita Mehta,9505384007,unknown,"Dec 20, 1980",hyderabad,min kyc,2021-01-02,sunita4007@axl
C01977,fatima patel,6839716576,NULL,17/06/05,Jaipur,full,14 Oct 2022,fatima6576@ybl
C01120,Arjun Reddy,7759408914,,02/01/87,kolkata,full,03-08-2020,arjun8914@paytm
C00969,Vijay Das,8886911682,,1978-01-21,Amdavad,min kyc,18-06-2024,vijay1682@okbank
C01711,"Desai, Kavita",87385 04720,,"Dec 19, 1968",chennai,PENDING,16-02-2021,kavita4720@icici
C03134,kavita pillai,+917122697999,kavita.pillai56@gmail.com,"Mar 07, 1971",Pune,full,22-08-2025,NULL
C00275,Manish Bose,6469926359,unknown,30-09-1992,Bangalore,minimum,06-11-2020,manish6359@icici
C01705,Farhan Joshi,06234853767,farhan.joshi86@gmail.com,1979-11-15,Chennai,min kyc,2020-09-18,farhan3767@icici
C00089,Kavita  Patel ,+917551693908,N/A,1968-04-15,,NA,13 Dec 2019,kavita3908@paytm
C02802,Sanjay Menon,09296799610,sanjay.menon38@gmail.com,29-09-1974,Chennai,MIN,27-06-2020,sanjay9610@hdfcbank
C00185,Fatima Das,7198029205,fatima.das50@gmail.com,19-01-1972,Chennai,minimum,2025-12-30,fatima9205@sbi
C00228,Imran Yadav,6423727843,imran.yadav46@gmail.com,15-11-1961,hyderabad,Full KYC,17 May 2025,imran7843@sbi
C01384,Farhan Iyer,7601749838,,NULL,lucknow,full,2024-06-16,farhan9838@ybl
C03004,Vijay Reddy,9576514220,vijay.reddy42@gmail.com,24/09/62,Poona,PENDING,11 Feb 2020,vijay4220@ybl
C01094,VIKRAM MENON,9647286330,,1961-04-13,chennai,Full KYC,01-02-2025,vikram6330@hdfcbank
C02936,Anjali Patel,91-8585870182,,26-12-1992,New Delhi,FULL,12-12-2020,anjali0182@hdfcbank
C02610,Sunita Khan,91-8795816428,N/A,"Sep 26, 2004",Pune,full,2022-05-24,sunita6428@ybl
C03060,Aarti  Yadav ,9601673758,aarti.yadav66@gmail.com,01-08-1991,Pune,min,2023-08-06,aarti3758@ybl
C00582,Rahul Joshi,91-8409534242,rahul.joshi22@gmail.com,08-07-1986,Ahmedabad,full,16-02-2022,rahul4242@okbank
C05011,Anjali Gupta,91-8668634409,anjali.gupta73@gmail.com,1987-10-08,chennai,min kyc,23 Jun 2026,anjali4409@hdfcbank
C00888,V. Singh,9985729939,vikram.singh58@gmail.com,NULL,Mumbai,minimum,2023-07-05,vikram9939@icici
C04487,Manish Chopra,08579939078,N/A,1971-09-10,Pune,NA,31-12-2019,manish9078@axl
C02919,I. Khan,7012273854,isha.khan3@gmail.com,"May 25, 2000",chennai,MIN,29 Jun 2021,unknown
C04006,Karan Joshi,7917836972,karan.joshi95@gmail.com,15-08-1966,Chennai,,04-01-2021,karan6972@paytm
C02768,FARHAN JOSHI,+917937684941,farhan.joshi63@gmail.com,03-04-1967,,full_kyc,08-11-2021,farhan4941@paytm
C02305,SUNITA PATEL,78827 29412,sunita.patel59@gmail.com,25-08-1965,Delhi,minimum,30-08-2020,sunita9412@icici
C03399,manish sharma,+918981061189,manish.sharma32@gmail.com,27-04-1986,jaipur,FULL,29 Jun 2020,manish1189@paytm
C02956,Suresh Chopra,07735777965,suresh.chopra85@gmail.com,"Dec 12, 1990",Delhi,Full KYC,01-05-2022,suresh7965@axl
C00305,sanjay singh,08484100923,,10/08/88,jaipur,FULL,2021-05-18,sanjay0923@okbank
C03448,Anjali  Shaikh ,7936605184,anjali.shaikh64@gmail.com,"Sep 07, 1987",kolkata,min kyc,21 Apr 2023,anjali5184@axl
C02547,Rahul Kulkarni,+916942231828,,23/05/79,Kolkata,MIN,27-11-2022,
C03500,suresh gupta,07755586259,suresh.gupta89@gmail.com,10/11/84,bangalore,full_kyc,28 Aug 2025,suresh6259@okbank
C04918,VIJAY BOSE,7467110843,N/A,"Jan 30, 2005",MUMBAI,MIN,2024-03-31,vijay0843@ybl
C03723,MEERA SINGH,8661826891,meera.singh12@gmail.com,04-03-1986,ahmedabad,full_kyc,29-09-2019,meera6891@axl
C90068,harsh pillai,9718727645,N/A,1971-11-08,HYD,,25-08-2023,harsh7645@paytm
C02066,Rohan Gupta,9504203803,rohan.gupta67@gmail.com,1999-04-01,MUMBAI,full_kyc,2024-05-11,rohan3803@ybl
C04155,Vikram Bose,8835246524,vikram.bose41@gmail.com,1981-01-01,Lucknow,pending,2020-01-18,vikram6524@ybl
C90106,Meera Kulkarni,91-8339089191,meera.kulkarni45@gmail.com,22/02/00,hyderabad,PENDING,05 Jul 2022,meera9191@icici
C02378,isha gupta,8213364458,isha.gupta15@gmail.com,1985-08-27,Calcutta,minimum,15-03-2022,isha4458@paytm
C03657,POOJA GUPTA,8330479379,NULL,14-02-2002,Delhi,minimum,25-06-2025,pooja9379@sbi
C02149,Harsh Singh,07454715894,harsh.singh8@gmail.com,1987-04-26,Bangalore,FULL,22-10-2021,harsh5894@axl
C04316,NISHA IYER,+916252956444,nisha.iyer51@gmail.com,30-11-1978,Ahmedabad,Full KYC,20 Aug 2020,nisha6444@paytm
C00968,SANJAY BOSE,91-6410133753,sanjay.bose15@gmail.com,28-05-1963,Lucknow,minimum,2019-12-18,sanjay3753@axl
C01172,Sanjay Kulkarni,7400780620,N/A,30/10/71,Bombay,minimum,03-11-2019,sanjay0620@okbank
C02174,KARAN BOSE,06476512664,,24/09/00,MUMBAI,full,2025-12-14,karan2664@icici
C04082,nisha gupta,6882368577,,1969-12-18,bangalore,Full KYC,27 Feb 2026,nisha8577@icici
C01282,PRIYA SHARMA,08410415353,priya.sharma3@gmail.com,09-11-1970,BLR,MIN,22 Oct 2025,priya5353@hdfcbank
C04762,V. Iyer,9811167447,vijay.iyer70@gmail.com,28/11/79,lucknow,full,28 Apr 2024,
C03892,I. Menon,7239999662,,16/08/88,kolkata,FULL,24 Jan 2023,imran9662@icici
C01807,Swati Chopra,6332930515,swati.chopra57@gmail.com,"Nov 30, 1980",mumbai,minimum,2020-01-17,swati0515@paytm
C01055,Deepak Khan,7754574798,deepak.khan77@gmail.com,03/07/97,Poona,FULL,2022-03-26,deepak4798@okbank
C02038,SWATI SHAIKH,+917094587884,swati.shaikh72@gmail.com,"Oct 25, 2005",Lucknow,PENDING,09-10-2020,swati7884@hdfcbank
C01869,TARUN SHARMA,+916411692755,N/A,"Jul 28, 1971",Ahmedabad,NA,2024-12-14,tarun2755@okbank
C90053,Tarun Reddy,+919958460440,tarun.reddy26@gmail.com,08-06-1974,HYD,minimum,2021-11-21,tarun0440@okbank
C01419,Divya  Das ,91-8586593734,divya.das61@gmail.com,"Dec 31, 2005",delhi,MIN,26 Nov 2021,divya3734@okbank
C03295,"Mehta, Meera",9263639114,meera.mehta22@gmail.com,"Sep 14, 1968",Chennai,min,27 Apr 2020,meera9114@axl
C04325,Neha  Patel ,91-6956201994,unknown,"Oct 08, 1983",Hyderabad,Full KYC,21-12-2020,neha1994@hdfcbank
C00200,nisha verma,+917279610725,nisha.verma80@gmail.com,"Mar 07, 1993",jaipur,full,12-02-2020,nisha0725@hdfcbank
C02631,sunita desai,09434170440,,"Mar 15, 1982",lucknow,full_kyc,15 Mar 2022,sunita0440@sbi
C01301,Imran Desai,7918572600,imran.desai14@gmail.com,"Jul 11, 1986",Jaipur,minimum,10 Sep 2021,imran2600@okbank
C01449,Imran Menon,9313134803,imran.menon91@gmail.com,1984-10-07,Hyderabad,FULL,08-03-2020,imran4803@paytm
C04938,Arjun Gupta,8081556713,arjun.gupta77@gmail.com,1974-07-08,Calcutta,PENDING,11-09-2022,arjun6713@okbank
C04561,K. Das,66213 39678,karan.das28@gmail.com,"Jul 22, 2004",kolkata,min kyc,2025-12-07,karan9678@paytm
C04279,Meera  Sharma ,6948109409,NULL,29/06/83,MUMBAI,full_kyc,2021-11-25,meera9409@ybl
C01038,Vikram Desai,09545888373,vikram.desai16@gmail.com,1972-05-05,Ahmedabad,MIN,2019-10-10,vikram8373@okbank
C01612,I. Joshi,91-7688833198,isha.joshi98@gmail.com,14/02/79,,Full KYC,02 Jun 2020,isha3198@hdfcbank
C00360,Fatima Kulkarni,7422871170,unknown,1984-06-27,Poona,min,19 Aug 2023,fatima1170@paytm
C04424,SUNITA JOSHI,9059605171,sunita.joshi57@gmail.com,"Jan 25, 2005",Jaipur,full_kyc,2023-01-27,sunita5171@ybl
C01530,tarun khan,+917683797638,NULL,N/A,Chennai,min kyc,18 Jun 2022,tarun7638@icici
C00880,Kavita Bose,91-8475425398,N/A,23/12/78,Lucknow,Full KYC,27 Jun 2021,kavita5398@paytm
C03422,Vikram Khan,9196296396,N/A,09/02/80,Madras,full_kyc,11 Nov 2024,vikram6396@icici
C04971,"Reddy, Divya",91-7703577212,N/A,"Jun 13, 1985",,Full KYC,2020-10-01,divya7212@ybl
C04538,Fatima Patel,6288226180,NULL,,Ahmedabad,min,23 Feb 2025,fatima6180@sbi
C04486,F. Patel,93027 43857,,14-08-1978,,full_kyc,03 Mar 2022,farhan3857@ybl
C00234,S. Verma,07846433592,sneha.verma47@gmail.com,1962-10-12,kolkata,Full KYC,2024-03-09,sneha3592@icici
C01861,Farhan Sharma,6666670488,farhan.sharma14@gmail.com,NULL,bangalore,pending,14-12-2022,farhan0488@icici
C02269,amit yadav,+917239847422,,05/07/78,New Delhi,full_kyc,14 Apr 2024,amit7422@sbi
C03330,farhan nair,06172485515,farhan.nair83@gmail.com,18/08/81,Madras,min kyc,20 Jun 2023,farhan5515@axl
C04204,ritu shaikh,91-9245933055,NULL,12/05/90,Pune,full,10 Apr 2023,ritu3055@paytm
C04476,Neha Das,9381009631,,,Lucknow,Full KYC,2020-06-16,neha9631@okbank
C04243,Tarun Gupta,9345413641,unknown,1986-04-02,bangalore,full,04 Jul 2025,tarun3641@icici
C04589,ROHAN DESAI,6197579431,unknown,27-05-1996,jaipur,,06 Dec 2021,rohan9431@ybl
C02049,KAVITA PILLAI,+917144860637,kavita.pillai27@gmail.com,1982-09-17,chennai,full_kyc,06-07-2022,kavita0637@axl
C04009,Rohan Iyer,7232397912,rohan.iyer20@gmail.com,17-06-1983,bangalore,MIN,26-08-2020,rohan7912@okbank
C03224,RAHUL MENON,+917905341556,,NULL,HYD,pending,03 Jul 2024,
C04966,Kavita Chopra,94671 75871,,08-10-1982,Lucknow,FULL,2020-10-08,kavita5871@ybl
C00823,harsh nair,8702805412,harsh.nair30@gmail.com,"Oct 14, 2003",ahmedabad,min kyc,27 Jun 2020,harsh5412@ybl
C01773,"Menon, Harsh",+916100756773,unknown,1988-07-24,Jaipur,MIN,29-10-2022,harsh6773@ybl
C01217,Rahul  Patel ,9213246839,rahul.patel36@gmail.com,,jaipur,minimum,2024-08-14,rahul6839@icici
C90001,Harsh Reddy,98492 30232,harsh.reddy84@gmail.com,"Nov 14, 1978",mumbai,MIN,2022-02-01,NULL
C04247,Neha Patel,78107 31539,,"Aug 29, 1975",hyderabad,full,09 Apr 2022,neha1539@hdfcbank
C00572,Ritu Verma,+917080295758,ritu.verma85@gmail.com,NULL,delhi,min kyc,2025-01-26,ritu5758@sbi
C03684,Imran Chopra,7651117274,,29/12/87,hyderabad,Full KYC,2021-06-25,imran7274@ybl
C01273,Nisha Nair,9073504981,,16-01-1961,Hyderabad,MIN,23-07-2022,nisha4981@axl
C04610,"Singh, Rahul",+917758621735,NULL,N/A,Poona,FULL,2023-06-23,rahul1735@sbi
C04894,rohan shaikh,6313815334,,"Apr 21, 1968",Kolkata,full,2020-10-21,rohan5334@okbank
C03943,Karan Mehta,+918358162547,,08/10/89,jaipur,pending,2022-12-29,karan2547@ybl
C01473,Vijay Khan,8930518812,,12/03/64,Jaipur,min kyc,28-07-2025,vijay8812@icici
C04219,Divya Reddy,9455585688,divya.reddy27@gmail.com,1985-07-01,BLR,Full KYC,28-05-2021,divya5688@okbank
C03978,Priya Menon,07607907261,,28-07-1961,Amdavad,pending,2021-10-24,priya7261@okbank
C01505,Meera Sharma,08364236173,NULL,1991-06-01,,Full KYC,2019-10-30,meera6173@icici
C04666,Priya Yadav,6142519824,unknown,16/03/01,BLR,full,2023-11-03,priya9824@axl
C01903,Rohan Sharma,9170473972,rohan.sharma8@gmail.com,NULL,Kolkata,full_kyc,2021-09-15,rohan3972@paytm
C01778,Swati Verma,+916230611337,N/A,1988-03-23,Bangalore,Full KYC,13-02-2021,swati1337@hdfcbank
C02597,Harsh Yadav,91-6324728587,NULL,06-02-1974,BLR,min kyc,08 Mar 2022,harsh8587@sbi
C00330,Nisha Joshi,+919196074953,nisha.joshi5@gmail.com,"Feb 09, 2004",lucknow,Full KYC,11-07-2023,nisha4953@axl
C03461,SNEHA BOSE,+919539143766,sneha.bose39@gmail.com,21/08/83,lucknow,full,02-02-2026,sneha3766@sbi
C03819,T. Verma,9692389803,,13-09-1977,pune,Full KYC,09 Feb 2024,tarun9803@ybl
C02060,vijay das,91-7833950965,N/A,04-06-1976,MUMBAI,full_kyc,19 Feb 2021,vijay0965@okbank
C01145,SNEHA DESAI,+919567883960,sneha.desai43@gmail.com,"Mar 20, 1974",Amdavad,full_kyc,2019-12-02,sneha3960@paytm
C02463,karan patel,91-8577142314,karan.patel1@gmail.com,"Jul 03, 1972",ahmedabad,FULL,14-06-2023,karan2314@hdfcbank
C03727,Farhan Patel,72795 90707,,"Apr 04, 1977",New Delhi,FULL,21 Aug 2024,farhan0707@axl
C02581,SURESH IYER,+919355463884,suresh.iyer67@gmail.com,N/A,Jaipur,NA,09-11-2022,suresh3884@ybl
C03613,Deepak Gupta,6609592342,deepak.gupta4@gmail.com,2004-08-09,mumbai,MIN,2020-03-10,deepak2342@okbank
C01248,S. Sharma,85760 08698,sanjay.sharma11@gmail.com,20-06-1964,bangalore,full,27 Sep 2021,sanjay8698@hdfcbank
C00867,Sunita Das,8163087972,NULL,,Hyderabad,FULL,25-01-2022,sunita7972@axl
C03971,RITU SINGH,+919895033827,ritu.singh32@gmail.com,"Jan 30, 1972",bangalore,full_kyc,2020-09-12,ritu3827@axl
C04935,Harsh Kulkarni,9972278391,harsh.kulkarni69@gmail.com,1978-01-07,Chennai,FULL,07 Dec 2021,harsh8391@paytm
C03043,ROHAN MEHTA,7894759561,rohan.mehta64@gmail.com,11-10-1996,Bangalore,minimum,09-05-2023,rohan9561@ybl
C00420,karan pillai,+919923511548,karan.pillai67@gmail.com,14/05/69,bangalore,Full KYC,2020-03-20,karan1548@ybl
C01246,PRIYA IYER,+918751726707,,1978-06-20,Pune,FULL,2023-05-15,N/A
C01307,Vikram Reddy,6007555255,vikram.reddy84@gmail.com,27/04/61,HYD,min kyc,15-06-2020,vikram5255@okbank
C03191,N. Iyer,8692091580,nisha.iyer2@gmail.com,"Apr 09, 1980",Calcutta,Full KYC,16 Jun 2023,nisha1580@hdfcbank
C01983,SANJAY MEHTA,+918637119189,sanjay.mehta83@gmail.com,1985-11-25,pune,FULL,19 Jul 2024,sanjay9189@icici
C00397,Deepak Reddy,8075331152,,03/10/99,Poona,min,2022-11-06,deepak1152@axl
C00220,Ritu  Singh ,91-7460751416,ritu.singh47@gmail.com,09/02/61,Kolkata,FULL,06-04-2022,ritu1416@hdfcbank
C00811,Isha Gupta,7375021066,,,Bengaluru,full,20 Dec 2022,isha1066@sbi
C02262,Aarti Das,9465413727,aarti.das60@gmail.com,"Aug 06, 1980",BLR,pending,09-11-2023,aarti3727@sbi
C02786,D. Desai,08567618682,deepak.desai25@gmail.com,03/07/82,chennai,FULL,2024-04-19,deepak8682@icici
C02518,isha patel,08279048195,,"May 13, 1993",jaipur,full_kyc,2022-12-13,isha8195@okbank
C02145,T. Nair,+919964825833,,"May 24, 1992",Bombay,min,09-07-2024,tarun5833@ybl
C03219,"Yadav, Imran",6352359651,imran.yadav24@gmail.com,24-06-1986,BLR,full,2022-10-09,imran9651@hdfcbank
C01911,Pooja Shaikh,7340531480,,30-07-1979,lucknow,full_kyc,2024-04-23,pooja1480@ybl
C01469,Pooja Singh,9657774389,pooja.singh5@gmail.com,"Feb 25, 1981",lucknow,full,2023-10-29,pooja4389@axl
C04981,Neha Reddy,8653945924,neha.reddy49@gmail.com,N/A,Hyderabad,FULL,26-06-2022,neha5924@icici
C04696,Tarun Singh,7524445265,tarun.singh78@gmail.com,2006-02-17,Pune,FULL,05-12-2020,tarun5265@paytm
C01703,S. Das,+918667760952,,1972-02-14,lucknow,full,26 Sep 2022,swati0952@hdfcbank
C00046,"Reddy, Karan",7527077836,unknown,25-08-1974,Jaipur,NA,2024-12-31,karan7836@icici
C01335,R. Patel,+916748105387,unknown,17/09/00,pune,minimum,15-07-2021,ritu5387@hdfcbank
C01581,Suresh Nair,9421189153,suresh.nair86@gmail.com,2002-09-28,jaipur,full,02-09-2021,suresh9153@ybl
C02438,"Chopra, Anjali",6933989583,anjali.chopra28@gmail.com,21/11/00,,MIN,25-05-2026,anjali9583@sbi
C02556,Vijay Desai,9659403464,vijay.desai76@gmail.com,"Nov 28, 1964",Amdavad,full_kyc,25-03-2025,vijay3464@hdfcbank
C00063,Isha Nair,61733 08541,isha.nair39@gmail.com,1963-10-02,DELHI,min,02-01-2024,isha8541@sbi
C00941,FARHAN DAS,+917034783013,farhan.das33@gmail.com,"Dec 29, 1961",Delhi,FULL,28-02-2022,farhan3013@paytm
C02023,farhan singh,7935420045,farhan.singh5@gmail.com,1986-10-05,Delhi,FULL,04-01-2021,farhan0045@okbank
C03670,"Sharma, Farhan",7841876232,farhan.sharma34@gmail.com,05-08-2001,Kolkata,FULL,2020-04-27,farhan6232@hdfcbank
C03047,SUNITA DESAI,91-6558558284,sunita.desai43@gmail.com,2004-12-14,Jaipur,MIN,31-10-2023,sunita8284@icici
C02181,"Mehta, Rohan",9411691946,rohan.mehta97@gmail.com,02-12-1964,kolkata,min,22-04-2025,rohan1946@paytm
C01970,Arjun Verma,91-9898857440,arjun.verma89@gmail.com,26/01/99,lucknow,FULL,2022-01-28,arjun7440@paytm
C02821,Aarti Iyer,+917893549363,,1997-11-04,Kolkata,full_kyc,2024-03-19,aarti9363@sbi
C00291,Kavita Kulkarni,91-8819610074,unknown,2000-03-07,Bengaluru,full_kyc,02 Oct 2021,kavita0074@hdfcbank
C90121,Anjali Verma,7040142291,anjali.verma62@gmail.com,1988-06-07,Ahmedabad,FULL,12 Jun 2023,anjali2291@okbank
C03753,Suresh Singh,9567632775,suresh.singh30@gmail.com,12/05/99,Bombay,FULL,10 May 2024,suresh2775@paytm
C02329,Karan Reddy,09211495864,,2004-04-11,Pune,minimum,30-12-2019,karan5864@paytm
C04742,aarti desai,91-8872415403,aarti.desai47@gmail.com,"Feb 12, 1978",Jaipur,FULL,11-05-2026,aarti5403@hdfcbank
C04838,"Pillai, Manish",+919767259694,manish.pillai63@gmail.com,12-03-1978,jaipur,Full KYC,11-06-2021,manish9694@axl
C01168,Amit Reddy,7830555382,amit.reddy62@gmail.com,"Sep 15, 1971",delhi,full_kyc,23 Nov 2021,amit5382@okbank
C01276,Kavita Verma,+919676126366,kavita.verma86@gmail.com,"Aug 20, 2000",Mumbai,full,21-01-2021,kavita6366@axl
C04523,sanjay khan,06451967825,unknown,05-05-2001,lucknow,FULL,2022-01-14,sanjay7825@icici
C02460,Tarun Gupta,72779 33233,tarun.gupta43@gmail.com,29/03/76,BLR,minimum,2026-03-01,tarun3233@axl
C04867,Farhan Reddy,6480273204,farhan.reddy33@gmail.com,"Aug 15, 1977",mumbai,min,21-07-2021,farhan3204@icici
C01654,RITU SHARMA,+918648691866,ritu.sharma54@gmail.com,22/10/86,Jaipur,full,14-01-2022,ritu1866@icici
C03808,sanjay desai,+916632101636,sanjay.desai55@gmail.com,"Jun 22, 1997",chennai,PENDING,04 Jul 2023,sanjay1636@axl
C04837,"Joshi, Swati",+919721275206,swati.joshi63@gmail.com,"Apr 02, 1991",Pune,min,25 Dec 2022,swati5206@axl
C01432,Manish Sharma,91-9641573734,unknown,2004-04-24,delhi,minimum,03-05-2024,manish3734@okbank
C00307,deepak khan,6103741581,unknown,2005-08-08,Lucknow,minimum,11 Dec 2023,deepak1581@okbank
C02450,N. Sharma,9011269027,NULL,"Nov 08, 1991",kolkata,minimum,2022-12-17,neha9027@axl
C04630,ROHAN SHAIKH,61726 78409,rohan.shaikh60@gmail.com,29-01-1987,delhi,full,26 Apr 2022,rohan8409@okbank
C00277,Arjun Joshi,8735306376,arjun.joshi59@gmail.com,13/08/63,BLR,full_kyc,2022-08-17,arjun6376@axl
C01559,RITU DESAI,9246696845,ritu.desai60@gmail.com,28-06-2001,HYD,Full KYC,17 Jul 2024,ritu6845@paytm
C02964,S. Khan,7993324699,N/A,"Sep 26, 1999",pune,full,2021-07-18,sanjay4699@paytm
C04681,NEHA KHAN,7210945208,neha.khan89@gmail.com,1998-03-05,Bengaluru,FULL,19-02-2020,neha5208@okbank
C01226,manish pillai,8768637644,unknown,27/07/84,delhi,full,29-11-2025,manish7644@okbank
C02440,P. Iyer,6019647525,pooja.iyer98@gmail.com,18-02-1993,Lucknow,minimum,2021-05-19,pooja7525@sbi
C04233,"Joshi, Deepak",8905446927,deepak.joshi88@gmail.com,26-02-1988,jaipur,MIN,2025-09-23,deepak6927@paytm
C02910,Sunita Verma,+919642056121,sunita.verma4@gmail.com,2001-10-12,chennai,Full KYC,16 May 2021,sunita6121@axl
C03493,Farhan Singh,9661999520,unknown,01-05-1975,Jaipur,full,24-03-2025,farhan9520@okbank
C02542,Tarun Gupta,8565666743,tarun.gupta11@gmail.com,"Mar 28, 1992",lucknow,MIN,23-10-2024,tarun6743@ybl
C04357,KAVITA NAIR,8329428406,kavita.nair50@gmail.com,NULL,DELHI,MIN,2022-02-06,kavita8406@paytm
C04271,Ritu  Chopra ,8491521603,ritu.chopra52@gmail.com,1962-06-29,Calcutta,full_kyc,20 Oct 2023,ritu1603@ybl
C04648,amit sharma,91-7707217558,NULL,1982-12-31,hyderabad,Full KYC,2023-12-08,amit7558@okbank
C03232,"Kulkarni, Meera",+917956035863,meera.kulkarni91@gmail.com,04-02-2006,Hyderabad,PENDING,2026-03-12,meera5863@paytm
C00879,Imran Singh,+917073982994,imran.singh96@gmail.com,25-11-1978,Calcutta,full_kyc,2024-03-18,imran2994@okbank
C04905,Ritu Verma,8229448322,ritu.verma76@gmail.com,1997-07-04,Bombay,FULL,06-11-2022,ritu8322@sbi
C03418,Swati  Bose ,+916874001427,,2004-12-30,pune,FULL,2026-02-01,swati1427@hdfcbank
C01628,Divya Chopra,7464021819,divya.chopra93@gmail.com,"Jun 17, 1999",Amdavad,FULL,2024-02-16,divya1819@paytm
C04439,"Nair, Amit",09618343108,N/A,04-08-2001,,minimum,18 Oct 2022,amit3108@paytm
C03451,Kavita Reddy,+916807001074,kavita.reddy32@gmail.com,05-08-1962,Bombay,min kyc,2024-12-15,kavita1074@okbank
C00848,Kavita Pillai,+918782959514,kavita.pillai55@gmail.com,23-05-1984,DELHI,MIN,2022-09-28,kavita9514@ybl
C90117,Harsh Desai,7638345801,harsh.desai81@gmail.com,09-04-1973,Bombay,min kyc,2026-03-20,harsh5801@paytm
C03494,Karan Sharma,+919699488138,unknown,"Sep 07, 1996",Pune,MIN,02 Jul 2024,karan8138@ybl
C04293,Priya Kulkarni,06171841532,priya.kulkarni37@gmail.com,"Mar 26, 1978",MUMBAI,full_kyc,2021-07-25,priya1532@axl
C02869,Amit Mehta,07964889957,amit.mehta98@gmail.com,31/10/98,jaipur,full,16 Jul 2023,amit9957@ybl
C03443,T. Mehta,+919322218125,N/A,,MUMBAI,full,2022-10-24,tarun8125@hdfcbank
C04381,sanjay shaikh,9983085264,,19-05-1963,Madras,FULL,2025-03-07,sanjay5264@okbank
C03738,POOJA SHAIKH,9266307337,pooja.shaikh9@gmail.com,15/03/98,Bengaluru,full_kyc,11-11-2023,pooja7337@sbi
C02481,tarun pillai,9917995232,tarun.pillai84@gmail.com,1983-06-08,Lucknow,PENDING,2025-08-10,tarun5232@okbank
C04062,P. Patel,6707798348,priya.patel21@gmail.com,22-06-1976,kolkata,Full KYC,06 Nov 2022,priya8348@icici
C03957,vijay reddy,6863172559,NULL,1996-06-22,Kolkata,minimum,2022-12-28,vijay2559@sbi
C02941,Meera Joshi,7987390841,meera.joshi34@gmail.com,2001-09-22,mumbai,pending,22 Jul 2022,meera0841@hdfcbank
C03472,Vikram  Shaikh ,7158011507,unknown,"Feb 03, 1964",jaipur,Full KYC,2024-06-28,vikram1507@icici
C02374,Sanjay Mehta,9847712202,sanjay.mehta38@gmail.com,1966-07-01,Kolkata,Full KYC,12 Sep 2025,sanjay2202@icici
C04991,HARSH PATEL,6101296651,harsh.patel20@gmail.com,20-05-2005,,full,2021-06-10,harsh6651@okbank
C00003,S. Patel,91-8868570220,sanjay.patel42@gmail.com,20-11-1981,New Delhi,Full KYC,01 May 2021,sanjay0220@axl
C00401,Arjun  Pillai ,07010252571,arjun.pillai10@gmail.com,"Jan 28, 1963",Ahmedabad,min kyc,2020-02-19,arjun2571@sbi
C02126,DIVYA KULKARNI,74927 23364,divya.kulkarni14@gmail.com,13-10-1997,Poona,full_kyc,16 Aug 2022,divya3364@axl
C01219,D. Nair,75704 22342,divya.nair45@gmail.com,07/11/76,delhi,Full KYC,31 Dec 2019,divya2342@paytm
C00974,Pooja  Patel ,91-6526412438,pooja.patel68@gmail.com,09-05-1988,New Delhi,min kyc,2022-10-14,pooja2438@ybl
C01061,"Kulkarni, Deepak",6119209960,deepak.kulkarni62@gmail.com,14/05/85,,min,31 May 2021,deepak9960@hdfcbank
C05002,Anjali Reddy,7489667828,anjali.reddy49@gmail.com,26/07/89,Madras,min kyc,04 Jun 2026,anjali7828@ybl
C03570,Karan Yadav,91-8944132532,karan.yadav99@gmail.com,21-07-1974,HYD,min,31 Oct 2019,karan2532@sbi
C04294,"Gupta, Kavita",6083355935,,1998-11-08,DELHI,min kyc,24-03-2020,kavita5935@axl
C03864,ritu gupta,9423620989,ritu.gupta45@gmail.com,"Nov 22, 1982",Pune,PENDING,2023-06-09,ritu0989@axl
C04102,Divya  Pillai ,08099986454,,"Sep 02, 1968",BLR,full_kyc,03-09-2019,divya6454@ybl
C03440,NEHA DESAI,91-8307772123,neha.desai57@gmail.com,1982-05-22,Bangalore,FULL,2023-07-09,neha2123@hdfcbank
C04004,Neha Menon,60988 19085,N/A,2004-02-28,Ahmedabad,Full KYC,17-02-2025,neha9085@paytm
C04834,VIKRAM REDDY,7965774272,unknown,"Feb 14, 1986",lucknow,,2020-08-17,vikram4272@ybl
C04226,Anjali Singh,9315615436,anjali.singh37@gmail.com,04-10-1992,Kolkata,full_kyc,2021-03-01,anjali5436@paytm
C04064,MANISH PATEL,09779303879,,1991-10-25,chennai,min,08 Jun 2024,manish3879@paytm
C02159,Farhan Pillai,7972073647,farhan.pillai80@gmail.com,"Jul 18, 2005",MUMBAI,Full KYC,2020-01-29,farhan3647@hdfcbank
C02183,M. Shaikh,60332 55349,NULL,"May 26, 1988",lucknow,FULL,13 Oct 2024,meera5349@sbi
C04227,Imran Menon,7168742713,imran.menon16@gmail.com,02-10-1999,Amdavad,full_kyc,2024-07-06,imran2713@hdfcbank
C90243,"Khan, Aarti",91-7463102316,,15/10/85,DELHI,MIN,11 Nov 2025,aarti2316@okbank
C02781,ROHAN REDDY,91-6968193561,NULL,"Feb 10, 1976",Pune,FULL,28 Apr 2020,rohan3561@okbank
C00569,sunita das,+919967477775,sunita.das42@gmail.com,N/A,bangalore,min kyc,05-10-2019,sunita7775@icici
C90038,S. Patel,6916183635,sunita.patel26@gmail.com,NULL,Madras,Full KYC,02-09-2019,sunita3635@okbank
C01064,KAVITA SHAIKH,9149952407,,"Apr 28, 2000",Ahmedabad,pending,2020-02-01,kavita2407@okbank
C03641,SWATI YADAV,8132560180,swati.yadav35@gmail.com,14-08-1977,Poona,minimum,2025-10-19,swati0180@axl
C03454,Swati Nair,9842703324,,"Mar 18, 2005",Bombay,MIN,07 May 2026,swati3324@icici
C03512,ISHA IYER,94023 40320,isha.iyer22@gmail.com,"Aug 26, 1965",Hyderabad,Full KYC,30 Oct 2025,isha0320@icici
C00485,Divya Joshi,7966794929,N/A,14-04-1986,Chennai,FULL,04 Sep 2022,divya4929@okbank
C03631,Kavita Joshi,+916638315226,kavita.joshi9@gmail.com,NULL,jaipur,full_kyc,2023-08-18,kavita5226@ybl
C03156,Kavita Das,+919590052913,,28/06/84,jaipur,MIN,08-01-2025,kavita2913@paytm
C03789,Amit Patel,+919691132062,unknown,"Apr 18, 2004",Chennai,full_kyc,05 Mar 2024,amit2062@paytm
C04456,Pooja Joshi,6386491997,,,Ahmedabad,MIN,12-08-2025,pooja1997@hdfcbank
C02469,"Patel, Priya",91-7874802169,unknown,16/01/81,,min,12 Nov 2024,priya2169@ybl
C02070,Nisha Yadav,6975108193,N/A,N/A,BLR,full,21 Dec 2025,nisha8193@sbi
C02131,Fatima Desai,7240517785,fatima.desai96@gmail.com,09-09-1973,,NA,11 Jan 2021,fatima7785@paytm
C02167,K. Menon,+916583212936,,NULL,HYD,,2022-11-19,karan2936@axl
C00992,Swati  Nair ,9791806480,swati.nair44@gmail.com,1984-08-22,Pune,,11-01-2023,swati6480@ybl
C00780,"Das, Amit",7319796979,amit.das31@gmail.com,"Jul 24, 1975",BLR,FULL,24-07-2020,amit6979@hdfcbank
C04231,Deepak Menon,+919037504131,deepak.menon87@gmail.com,08-10-1983,Hyderabad,min kyc,29-10-2025,deepak4131@icici
C04778,Sunita Bose,6578177084,N/A,25-11-1985,Pune,Full KYC,2024-10-14,sunita7084@paytm
C01397,DIVYA PATEL,83983 98809,divya.patel32@gmail.com,01/11/96,Bombay,MIN,04 Dec 2025,divya8809@paytm
C03350,Suresh  Joshi ,8616055644,suresh.joshi13@gmail.com,1973-08-30,Amdavad,full_kyc,06 Oct 2025,suresh5644@icici
C02588,PRIYA SHARMA,8780481971,,22/06/71,Bengaluru,MIN,21-02-2020,priya1971@hdfcbank
C02923,Neha Reddy,+917105626192,neha.reddy48@gmail.com,1987-02-12,chennai,full,29 Jun 2022,neha6192@axl
C00365,Sunita Khan,06322878562,sunita.khan80@gmail.com,"May 16, 1961",Amdavad,MIN,23-05-2024,sunita8562@sbi
C03973,Suresh Pillai,7622530580,N/A,13/10/62,Kolkata,full_kyc,10-07-2020,suresh0580@axl
C00590,Rahul Gupta,70811 83805,rahul.gupta69@gmail.com,12-06-2000,Calcutta,minimum,01 Oct 2022,rahul3805@paytm
C00893,suresh pillai,7246204931,suresh.pillai54@gmail.com,09/12/00,Lucknow,full_kyc,26 Aug 2021,suresh4931@okbank
C01185,Kavita  Gupta ,+916073226179,,05/07/74,bangalore,Full KYC,05 Mar 2021,kavita6179@sbi
C01179,Sunita Yadav,6577965473,sunita.yadav70@gmail.com,1997-04-20,Lucknow,full,18 Sep 2022,sunita5473@sbi
C01974,"Desai, Vikram",8278230727,,27/02/94,Kolkata,full_kyc,29-09-2023,vikram0727@hdfcbank
C00547,Rohan Chopra,+919627457009,rohan.chopra68@gmail.com,1969-08-19,Pune,full,03 Nov 2024,rohan7009@okbank
C00664,Sunita  Patel ,+919341327388,,15/04/75,bangalore,Full KYC,02 Mar 2025,sunita7388@ybl
C02716,AMIT CHOPRA,7012209195,unknown,19-04-1998,Hyderabad,full_kyc,07-08-2023,amit9195@okbank
C01646,Harsh  Menon ,8097609280,unknown,21/06/78,HYD,FULL,02-08-2024,harsh9280@ybl
C04578,Pooja Iyer,9349254324,pooja.iyer73@gmail.com,"Jul 01, 1993",bangalore,FULL,2022-07-01,pooja4324@paytm
C01385,Divya Patel,7853338250,divya.patel66@gmail.com,2001-09-17,,full_kyc,28 Jun 2023,divya8250@sbi
C04322,PRIYA SHARMA,9187976651,priya.sharma65@gmail.com,20-08-2005,DELHI,FULL,2023-11-07,priya6651@paytm
C04790,SURESH SINGH,8544868485,unknown,"Sep 09, 2002",kolkata,pending,04-08-2022,suresh8485@icici
C03905,arjun nair,7079059157,,24-06-1969,Hyderabad,FULL,02-03-2021,arjun9157@okbank
C02872,Aarti Reddy,7355949574,aarti.reddy63@gmail.com,05-07-2002,jaipur,min,21 Nov 2022,aarti9574@paytm
C02818,nisha chopra,6071183408,nisha.chopra63@gmail.com,16/11/67,ahmedabad,FULL,16 Mar 2021,nisha3408@okbank
C00166,Priya Patel,+918137580564,priya.patel57@gmail.com,13-10-1963,Calcutta,,26 Jul 2024,priya0564@icici
C90151,rohan menon,8221172532,rohan.menon25@gmail.com,"Dec 03, 1966",bangalore,minimum,2020-03-22,
C00374,SWATI MENON,7071419744,,N/A,Jaipur,full,2024-02-28,swati9744@paytm
C00084,amit gupta,8390143401,amit.gupta22@gmail.com,,kolkata,full_kyc,2023-04-17,amit3401@ybl
C03979,Suresh Chopra,84998 58028,suresh.chopra99@gmail.com,1997-06-18,delhi,full,13-08-2023,suresh8028@sbi
C03531,T. Gupta,9050163107,tarun.gupta89@gmail.com,N/A,ahmedabad,full_kyc,2021-08-07,tarun3107@ybl
C01497,Rahul Kulkarni,6248397539,,NULL,Poona,Full KYC,04-01-2026,rahul7539@okbank
C04597,ISHA MEHTA,+916388161860,isha.mehta93@gmail.com,05/04/80,Calcutta,full_kyc,21 Feb 2024,isha1860@icici
C03803,Deepak Sharma,91-8173535522,deepak.sharma89@gmail.com,1991-05-26,jaipur,full_kyc,2021-07-25,deepak5522@icici
C00684,arjun mehta,6593993263,arjun.mehta95@gmail.com,26/09/74,Hyderabad,full,2023-11-22,arjun3263@ybl
C02264,MANISH BOSE,9360649865,,28-03-2003,,full,2023-05-31,manish9865@ybl
C03183,Kavita Patel,6378951507,kavita.patel1@gmail.com,23-06-1971,HYD,min kyc,21 Nov 2021,kavita1507@hdfcbank
C04987,Fatima Sharma,96021 21852,fatima.sharma39@gmail.com,1996-05-29,Calcutta,Full KYC,29 Oct 2024,fatima1852@paytm
C02239,S. Chopra,91-8457621936,suresh.chopra97@gmail.com,1988-09-26,Calcutta,Full KYC,2025-10-10,suresh1936@ybl
C01063,Kavita Das,6311639581,kavita.das90@gmail.com,1999-07-26,ahmedabad,MIN,20-03-2023,kavita9581@axl
C01355,Imran Nair,91-6871586898,,"Apr 12, 2005",Calcutta,min,23-03-2025,imran6898@hdfcbank
C02662,aarti desai,+919766250322,NULL,,Lucknow,MIN,2025-02-07,aarti0322@sbi
C04195,Imran Chopra,7052191169,,,Delhi,min kyc,27 Jun 2022,imran1169@ybl
C01935,Imran Joshi,91-8660012652,,,mumbai,FULL,2022-02-18,imran2652@ybl
C04122,M. Verma,6818712077,manish.verma10@gmail.com,1982-04-22,Hyderabad,full,23-10-2020,manish2077@paytm
C00486,Neha Desai,7155616383,,"Apr 29, 1970",hyderabad,NA,2022-04-12,neha6383@paytm
C02842,Sanjay Joshi,92136 60135,unknown,,Ahmedabad,MIN,26 May 2023,sanjay0135@hdfcbank
C02127,"Mehta, Farhan",6989761945,farhan.mehta72@gmail.com,"Oct 27, 1973",jaipur,FULL,2022-10-01,farhan1945@axl
C90182,TARUN SHAIKH,+916886462980,unknown,"Feb 22, 1970",DELHI,minimum,2021-06-05,
C90133,Ritu Bose,+918460786772,ritu.bose51@gmail.com,"Jul 06, 2001",Poona,MIN,2021-05-01,ritu6772@sbi
C00301,Imran  Nair ,96672 72039,,1984-03-02,Hyderabad,Full KYC,2025-08-21,imran2039@sbi
C90096,Fatima Desai,7663952026,,04/05/85,mumbai,Full KYC,28-04-2026,fatima2026@okbank
C04229,Vijay Patel,91-7281251271,vijay.patel94@gmail.com,11/02/66,Jaipur,FULL,15-10-2024,vijay1271@axl
C02677,Deepak Verma,9497299789,deepak.verma45@gmail.com,"Apr 09, 1971",Madras,min,19-02-2025,deepak9789@paytm
C01927,Sneha Sharma,+917627593406,sneha.sharma84@gmail.com,24-03-1961,Chennai,full,05-10-2022,sneha3406@sbi
C02864,HARSH PILLAI,+919294036209,harsh.pillai54@gmail.com,12-06-1975,Delhi,Full KYC,2020-03-23,harsh6209@axl
C00016,Farhan Joshi,6659182871,,12-04-1986,lucknow,full_kyc,2022-07-28,farhan2871@ybl
C03484,Isha Patel,8591310426,isha.patel4@gmail.com,2005-06-18,Lucknow,FULL,09 May 2021,isha0426@paytm
C01124,MEERA KULKARNI,6283893108,unknown,13-07-1964,MUMBAI,min,30-07-2025,meera3108@okbank
C04531,D. Mehta,08162537966,divya.mehta88@gmail.com,1969-03-11,Jaipur,Full KYC,21-04-2022,divya7966@axl
C04275,Vikram Singh,9671580372,vikram.singh13@gmail.com,NULL,pune,full_kyc,23-04-2021,vikram0372@okbank
C03368,ISHA JOSHI,9557926864,isha.joshi64@gmail.com,"Feb 14, 1971",pune,Full KYC,24 Jan 2025,isha6864@hdfcbank
C01087,Priya  Patel ,+917933114158,unknown,2000-10-20,ahmedabad,minimum,2021-02-16,priya4158@ybl
C03963,Suresh Menon,6265149864,suresh.menon85@gmail.com,06-09-1964,,MIN,02 Jun 2025,suresh9864@paytm
C04595,"Desai, Vikram",8496530964,vikram.desai37@gmail.com,1990-02-07,bangalore,full_kyc,11 Jul 2025,vikram0964@sbi
C01726,V. Chopra,+916736012398,NULL,06-01-1965,HYD,NA,07-05-2026,vijay2398@axl
C03227,Isha Gupta,8579964960,isha.gupta50@gmail.com,1999-10-22,Bangalore,minimum,21 Mar 2022,isha4960@ybl
C01655,N. Singh,91-9994561963,neha.singh47@gmail.com,"Sep 22, 1989",lucknow,,2024-11-27,
C90079,Meera Yadav,+916006836072,meera.yadav84@gmail.com,15-06-1974,Calcutta,FULL,2025-01-14,meera6072@ybl
C03282,Priya Bose,8227316178,,,Calcutta,Full KYC,08-07-2024,priya6178@ybl
C02829,"Desai, Vijay",7297522292,vijay.desai41@gmail.com,27-09-1999,bangalore,MIN,2020-04-28,vijay2292@hdfcbank
C04672,Sanjay Mehta,6686382062,NULL,01-10-1990,Bombay,NA,24-02-2024,sanjay2062@ybl
C03818,Amit Khan,8640060341,amit.khan67@gmail.com,"Jul 17, 1986",,Full KYC,2022-03-21,amit0341@icici
C01345,ANJALI KULKARNI,9147091840,anjali.kulkarni97@gmail.com,1987-10-03,Bangalore,MIN,2025-04-09,anjali1840@paytm
C90113,Manish Shaikh,+916034278956,manish.shaikh4@gmail.com,"Mar 30, 1972",pune,PENDING,2020-01-09,manish8956@hdfcbank
C04280,imran pillai,8350047948,imran.pillai76@gmail.com,16/02/04,mumbai,FULL,2024-10-28,imran7948@ybl
C02468,Aarti Joshi,9477155949,aarti.joshi21@gmail.com,1986-05-12,jaipur,full,2022-06-04,aarti5949@axl
C01410,Harsh Mehta,91-7427547132,,25-05-1998,mumbai,full_kyc,06-11-2019,harsh7132@ybl
C00911,Suresh Joshi,+916831299248,suresh.joshi56@gmail.com,12/11/79,ahmedabad,minimum,04 Sep 2025,suresh9248@sbi
C03573,Swati Pillai,91-9782013415,unknown,"Mar 03, 1994",Ahmedabad,full_kyc,16 Apr 2021,swati3415@ybl
C02380,SUNITA IYER,09079111355,NULL,25-03-2003,Jaipur,min,23-03-2024,sunita1355@icici
C90023,Vikram Gupta,9067167419,,27/10/04,lucknow,NA,14-01-2025,vikram7419@hdfcbank
C02032,kavita patel,91-9747336655,,"Nov 13, 1987",Ahmedabad,min kyc,14-07-2022,kavita6655@axl
C04611,Sunita Chopra,91-6481965267,sunita.chopra45@gmail.com,05/07/68,Calcutta,MIN,30-05-2022,sunita5267@okbank
C02660,Suresh  Yadav ,+917363227232,suresh.yadav7@gmail.com,23-02-1996,delhi,MIN,13 Dec 2020,suresh7232@sbi
C04282,MEERA PATEL,+917219989358,unknown,"Sep 26, 1999",ahmedabad,FULL,18 Nov 2023,meera9358@paytm
C04507,Farhan Patel,88947 50098,farhan.patel62@gmail.com,1986-01-26,Madras,minimum,2021-03-27,farhan0098@paytm
C03140,divya patel,+918069208555,divya.patel24@gmail.com,1987-04-25,Delhi,full_kyc,15-05-2024,divya8555@ybl
C03691,imran kulkarni,7865184754,imran.kulkarni26@gmail.com,1999-03-16,Jaipur,MIN,07-06-2025,imran4754@axl
C00774,Ritu  Das ,80485 23675,NULL,20/01/96,Ahmedabad,NA,2024-03-18,ritu3675@sbi
C03879,"Reddy, Anjali",8723910647,anjali.reddy54@gmail.com,NULL,Kolkata,FULL,11 Jun 2023,anjali0647@hdfcbank
C03057,Ritu Mehta,6861198391,ritu.mehta11@gmail.com,1978-03-11,Delhi,full_kyc,19 Mar 2024,ritu8391@hdfcbank
C00921,SURESH CHOPRA,06335140436,suresh.chopra7@gmail.com,29/03/82,bangalore,full_kyc,10 Jun 2025,suresh0436@ybl
C02263,SWATI DESAI,6593438190,NULL,1981-12-15,hyderabad,full_kyc,2021-05-22,swati8190@sbi
C01816,Imran Chopra,91-6015817365,imran.chopra59@gmail.com,18/03/74,HYD,pending,2021-07-01,imran7365@icici
C04978,ARJUN NAIR,7781389474,,04/01/68,kolkata,full_kyc,2021-11-05,arjun9474@ybl
C00340,manish singh,07093591872,manish.singh28@gmail.com,,kolkata,full_kyc,27 Aug 2019,manish1872@sbi
C03070,Sanjay Singh,8337667209,,13-09-1972,lucknow,full,26-05-2020,sanjay7209@axl
C04911,suresh sharma,9394250629,suresh.sharma99@gmail.com,"Jun 14, 2001",Pune,PENDING,16-02-2024,suresh0629@paytm
C03735,Sanjay Desai,64807 11204,unknown,03/01/02,Lucknow,NA,2024-09-17,sanjay1204@hdfcbank
C90012,MANISH SHARMA,91-8155531525,unknown,11-06-1983,jaipur,min kyc,2020-02-07,
C03415,Manish Pillai,08219139149,manish.pillai68@gmail.com,,Bengaluru,full_kyc,02-04-2022,manish9149@paytm
C00829,Kavita Khan,9536427334,unknown,1967-07-14,Poona,full,05 Jan 2021,kavita7334@hdfcbank
C03510,Ritu Iyer,9338970456,ritu.iyer87@gmail.com,,Ahmedabad,min kyc,10-12-2025,ritu0456@icici
C00192,Swati Bose,7963570623,swati.bose91@gmail.com,13/07/95,BLR,min,27 Feb 2020,swati0623@icici
C01456,Kavita Mehta,08798253912,,24/05/80,Kolkata,FULL,20 Apr 2026,kavita3912@sbi
C00453,"Chopra, Divya",+917915341721,divya.chopra74@gmail.com,1996-08-02,jaipur,full_kyc,25-09-2019,divya1721@ybl
C03193,NEHA MEHTA,+918377143857,neha.mehta70@gmail.com,"Jan 31, 1994",Ahmedabad,full,19 Nov 2020,neha3857@paytm
C01118,K. Singh,+918271626084,karan.singh92@gmail.com,2002-05-11,bangalore,full_kyc,29-12-2024,karan6084@paytm
C00813,Sanjay Gupta,8362990034,sanjay.gupta59@gmail.com,"Feb 07, 1986",Hyderabad,Full KYC,20-06-2020,sanjay0034@icici
C02080,Meera Sharma,91-7211842653,meera.sharma23@gmail.com,1968-09-01,Jaipur,FULL,2024-09-20,meera2653@ybl
C04366,imran iyer,6005451695,,30-04-1988,Hyderabad,FULL,27-11-2020,imran1695@paytm
C03336,Rahul Sharma,9054263872,unknown,19-03-2005,Delhi,FULL,2025-02-24,rahul3872@hdfcbank
C00452,Deepak  Iyer ,+917448281638,NULL,23-02-1970,Bengaluru,full,17 Aug 2021,deepak1638@axl
C04333,"Menon, Vijay",9205706581,NULL,05/06/68,MUMBAI,Full KYC,28-09-2021,vijay6581@axl
C03112,AARTI SHAIKH,07199803001,aarti.shaikh27@gmail.com,17-11-1962,chennai,FULL,2020-01-06,aarti3001@sbi
C02629,Vikram Das,6200363563,,07/07/98,lucknow,full,2021-08-10,vikram3563@axl
C01653,Harsh Khan,+919235265850,,1984-02-20,BLR,MIN,05 May 2023,harsh5850@okbank
C01455,Nisha Patel,06824837734,nisha.patel26@gmail.com,NULL,HYD,full,2025-11-05,nisha7734@ybl
C03188,Fatima Reddy,6232737605,fatima.reddy63@gmail.com,13/04/79,Bombay,MIN,17-02-2020,fatima7605@hdfcbank
C00092,Fatima Joshi,9095923048,NULL,22/03/03,hyderabad,full_kyc,18-03-2025,fatima3048@sbi
C02400,Farhan  Iyer ,9830782136,NULL,22/09/87,Madras,min kyc,01-10-2024,farhan2136@sbi
C01643,Nisha Kulkarni,+916123770574,nisha.kulkarni39@gmail.com,"Jan 14, 1962",delhi,pending,2026-01-25,nisha0574@okbank
C00495,manish verma,9039032317,manish.verma95@gmail.com,04/12/92,BLR,MIN,29-04-2025,manish2317@paytm
C01364,"Kulkarni, Kavita",6500871687,kavita.kulkarni19@gmail.com,"May 31, 1988",Bangalore,full,30-09-2024,kavita1687@paytm
C01326,Aarti Singh,6165284142,aarti.singh3@gmail.com,13-12-1999,Kolkata,,24-07-2022,aarti4142@okbank
C04069,H. Singh,8734538027,harsh.singh71@gmail.com,14/10/91,lucknow,full,26-01-2020,harsh8027@ybl
C01297,isha pillai,9170485714,isha.pillai83@gmail.com,17/08/03,Jaipur,full,12 Feb 2025,isha5714@okbank
C03984,Farhan Chopra,7771180536,N/A,25-04-1963,New Delhi,Full KYC,30 Jul 2025,farhan0536@sbi
C02825,"Reddy, Vikram",7900658499,vikram.reddy2@gmail.com,1986-02-22,pune,,2023-06-11,vikram8499@hdfcbank
C01312,ISHA GUPTA,9596073764,NULL,"Jan 08, 1997",BLR,FULL,09 May 2024,isha3764@sbi
C02797,Kavita Mehta,61152 39685,N/A,1988-09-11,Bangalore,MIN,12-08-2024,kavita9685@sbi
C01250,A. Shaikh,+916656495250,N/A,"Jan 23, 1990",jaipur,FULL,2025-06-13,amit5250@hdfcbank
C00761,Isha Kulkarni,8647219033,unknown,1964-10-04,MUMBAI,full,04-12-2024,isha9033@ybl
C02503,Meera Khan,91-9144291186,meera.khan85@gmail.com,08/10/72,DELHI,min kyc,2019-10-18,meera1186@hdfcbank
C03075,Priya Gupta,73913 75269,priya.gupta5@gmail.com,24/07/62,hyderabad,minimum,2021-09-05,priya5269@ybl
C03431,Pooja Menon,91-7867075685,unknown,16-02-1998,Calcutta,full,2021-01-10,pooja5685@okbank
C00857,Fatima  Verma ,+917647622563,N/A,"Jan 06, 2005",Bangalore,full,05 Dec 2023,fatima2563@sbi
C01164,"Singh, Nisha",91-9044002803,nisha.singh86@gmail.com,1988-12-20,Delhi,full,18-03-2026,nisha2803@hdfcbank
C04854,Farhan Mehta,6964198713,N/A,21-06-1982,chennai,full,19-01-2021,farhan8713@okbank
C00851,Harsh Singh,95118 32703,N/A,"May 24, 1996",hyderabad,Full KYC,2023-02-15,harsh2703@sbi
C03171,ISHA DAS,91-6527109429,unknown,"Jun 29, 1975",hyderabad,min,10-10-2019,isha9429@icici
C01751,Priya Verma,6014746381,,15-02-1961,,MIN,15 Aug 2025,priya6381@icici
C01739,Kavita Shaikh,91-6706928502,unknown,"Apr 25, 1961",Ahmedabad,FULL,2021-03-05,kavita8502@okbank
C02054,POOJA SINGH,7821454187,,NULL,jaipur,MIN,12-11-2019,pooja4187@paytm
C04159,Aarti  Desai ,9643122211,aarti.desai58@gmail.com,"Apr 13, 1998",,Full KYC,22 Jun 2024,aarti2211@axl
C00783,vijay chopra,+919557187625,,"Mar 10, 1999",HYD,full_kyc,2025-03-22,vijay7625@okbank
C03508,V. Das,6444332713,vikram.das61@gmail.com,08-10-1971,Lucknow,full_kyc,21-07-2024,vikram2713@hdfcbank
C90138,Isha Bose,+918751063265,isha.bose30@gmail.com,N/A,Jaipur,min,22-07-2021,isha3265@sbi
C01427,VIKRAM PATEL,7885450111,vikram.patel74@gmail.com,01/12/75,Delhi,Full KYC,20-07-2024,vikram0111@paytm
C01002,N. Nair,9811768223,NULL,"Aug 30, 1962",HYD,FULL,07 Aug 2020,nisha8223@sbi
C90127,Fatima  Kulkarni ,7326094149,N/A,1980-08-30,Pune,full_kyc,23 Nov 2019,fatima4149@axl
C04725,V. Desai,+916193415256,vijay.desai17@gmail.com,1970-07-01,chennai,FULL,2022-08-02,vijay5256@okbank
C02427,sunita pillai,7367969641,sunita.pillai96@gmail.com,"May 18, 1983",ahmedabad,full,18-01-2021,sunita9641@sbi
C01365,SNEHA BOSE,91-7218652223,sneha.bose82@gmail.com,16/03/95,kolkata,PENDING,25 Jul 2023,sneha2223@axl
C03977,"Sharma, Arjun",+918323559431,arjun.sharma95@gmail.com,"Sep 05, 2001",Chennai,,27-05-2020,arjun9431@axl
C02452,AMIT PILLAI,91-7356265684,amit.pillai23@gmail.com,12-07-2000,Mumbai,minimum,2022-05-18,amit5684@ybl
C03775,Swati Singh,98846 76045,,1974-09-19,Mumbai,NA,2025-02-16,swati6045@paytm
C04380,H. Pillai,9718727645,harsh.pillai47@gmail.com,08/11/71,HYD,min,2023-08-25,harsh7645@paytm
C01187,Deepak Joshi,6704771406,deepak.joshi14@gmail.com,20-12-1999,Jaipur,minimum,2022-04-21,deepak1406@icici
C01105,"Iyer, Tarun",9997098134,unknown,"Dec 13, 1967",,full_kyc,18 Feb 2026,tarun8134@hdfcbank
C03155,Meera Reddy,8533686193,meera.reddy2@gmail.com,"Jun 09, 1982",jaipur,full,26 Jul 2023,
C04807,Isha Shaikh,8546397462,unknown,04/08/91,BLR,min kyc,24 Mar 2025,isha7462@icici
C00342,Amit Bose,+919726423859,NULL,02-11-1963,kolkata,min,30-01-2025,amit3859@sbi
C02350,Meera Yadav,8610475662,meera.yadav11@gmail.com,1984-08-14,Ahmedabad,FULL,2025-08-15,meera5662@icici
C00575,Meera Patel,91-9521423564,meera.patel6@gmail.com,26/02/77,HYD,min kyc,2023-02-21,meera3564@axl
C01359,Anjali Sharma,7366790688,,1981-08-05,Mumbai,FULL,2023-08-30,anjali0688@ybl
C04668,Divya Mehta,9659322254,divya.mehta29@gmail.com,15-03-1971,lucknow,full,2025-01-28,divya2254@paytm
C03600,"Desai, Suresh",7456225541,suresh.desai50@gmail.com,09-02-2006,Lucknow,full_kyc,2021-05-26,suresh5541@paytm
C05019,Rahul Joshi,09871534526,rahul.joshi43@gmail.com,16/07/70,HYD,min kyc,2026-06-10,rahul4526@axl
C04176,ARJUN YADAV,8766650631,arjun.yadav54@gmail.com,1966-12-06,HYD,FULL,2026-04-20,arjun0631@okbank
C01062,Ritu Sharma,7646321466,N/A,"Dec 04, 1987",Ahmedabad,full,30-11-2024,ritu1466@paytm
C90245,aarti reddy,6333840628,aarti.reddy20@gmail.com,"Apr 16, 1965",Madras,FULL,2022-04-16,aarti0628@sbi
C00163,M. Iyer,9361799399,,"Nov 28, 1963",bangalore,min,10-12-2023,manish9399@axl
C01293,Manish  Bose ,07610878392,manish.bose46@gmail.com,04/01/78,HYD,full_kyc,15-05-2020,manish8392@okbank
C04833,Isha Kulkarni,+918395547445,,18/11/62,lucknow,minimum,25 Jul 2022,isha7445@ybl
C00532,Karan Bose,9167098614,karan.bose51@gmail.com,1982-12-04,lucknow,min,2021-08-02,karan8614@paytm
C01341,FATIMA SHAIKH,91030 60040,unknown,"Mar 30, 1971",kolkata,FULL,2020-02-17,fatima0040@paytm
C90291,RITU PILLAI,8689249959,ritu.pillai19@gmail.com,N/A,,min kyc,27 Oct 2022,
C02488,Swati Shaikh,8207724816,swati.shaikh4@gmail.com,2002-02-15,MUMBAI,Full KYC,2024-02-10,swati4816@paytm
C02309,PRIYA MEHTA,8327728103,priya.mehta91@gmail.com,07/07/62,,Full KYC,2024-07-26,priya8103@hdfcbank
C03230,P. Das,7484220009,pooja.das36@gmail.com,29-09-1992,Chennai,min kyc,2021-01-25,pooja0009@hdfcbank
C03499,Rahul Singh,8269549658,rahul.singh33@gmail.com,1972-04-06,Jaipur,Full KYC,26-04-2025,rahul9658@axl
C00259,Sunita Patel,6726182383,sunita.patel32@gmail.com,"Apr 10, 2003",Bombay,Full KYC,20-05-2020,sunita2383@ybl
C00578,ISHA VERMA,8426042857,isha.verma77@gmail.com,,Lucknow,MIN,19 Dec 2024,isha2857@icici
C04066,SUNITA IYER,7610926696,N/A,07/04/66,mumbai,min kyc,23-07-2020,sunita6696@paytm
C00093,"Kulkarni, Divya",8005323458,divya.kulkarni74@gmail.com,1971-08-30,BLR,pending,31 Dec 2021,divya3458@paytm
C01057,Fatima Sharma,91-7546097037,fatima.sharma42@gmail.com,27-01-1996,Calcutta,minimum,2025-08-18,fatima7037@icici
C02470,ARJUN SINGH,98944 88469,,"Jan 30, 1998",Lucknow,full_kyc,12 Dec 2020,arjun8469@okbank
C03866,Aarti Kulkarni,09233644595,aarti.kulkarni18@gmail.com,1976-04-24,kolkata,minimum,2020-10-21,aarti4595@paytm
C04067,Swati Shaikh,+916868701115,swati.shaikh54@gmail.com,1988-08-17,jaipur,minimum,07 Oct 2023,swati1115@icici
C03813,Imran Mehta,7364339061,NULL,1984-08-02,Calcutta,full,31-10-2023,imran9061@ybl
C01733,KARAN SINGH,+916613329223,karan.singh83@gmail.com,16-01-1994,hyderabad,Full KYC,2025-10-28,karan9223@okbank
C04590,Kavita Yadav,+917478619866,kavita.yadav75@gmail.com,"Oct 19, 1978",DELHI,MIN,14 Aug 2023,kavita9866@icici
C03479,Arjun Das,+917176090561,N/A,22/04/77,hyderabad,full,26 Jul 2021,arjun0561@okbank
C03899,vijay khan,08044158795,vijay.khan31@gmail.com,08/06/80,chennai,full,07 Apr 2026,vijay8795@okbank
C02043,P. Mehta,9557818534,,NULL,New Delhi,Full KYC,26-12-2019,priya8534@ybl
C01436,Karan Gupta,65631 89401,karan.gupta63@gmail.com,28-12-1998,lucknow,minimum,2026-02-19,karan9401@icici
C04055,amit menon,6604607596,NULL,19/09/70,Delhi,FULL,02 Mar 2025,amit7596@paytm
C00372,ISHA IYER,7176815011,N/A,"Oct 22, 2003",jaipur,min,2019-09-01,isha5011@axl
C03605,Pooja Bose,6323216598,pooja.bose88@gmail.com,28/09/92,,FULL,25-06-2020,pooja6598@ybl
C00333,Isha Iyer,6258756987,,"Mar 24, 1971",Calcutta,full,2025-07-24,isha6987@okbank
C01372,N. Khan,8974475881,N/A,"Dec 27, 1963",Bengaluru,full_kyc,2023-09-20,neha5881@icici
C03447,Vijay Kulkarni,9251648697,NULL,1971-04-11,Bangalore,full,2022-03-16,vijay8697@axl
C01026,Anjali Joshi,+918150469598,anjali.joshi25@gmail.com,29-07-1994,bangalore,full,25 Dec 2025,anjali9598@sbi
C01593,vijay patel,7135824178,vijay.patel41@gmail.com,"Oct 08, 1996",Jaipur,full,2023-01-18,vijay4178@axl
C03544,Rohan Shaikh,82643 95803,,1993-06-30,MUMBAI,FULL,14 Jan 2024,rohan5803@ybl
C01091,AARTI YADAV,8061599699,aarti.yadav47@gmail.com,09/01/69,Madras,Full KYC,14-02-2025,aarti9699@hdfcbank
C04193,deepak shaikh,9804547280,,29/09/69,Chennai,FULL,2021-09-20,deepak7280@icici
C01949,R. Pillai,07851562482,rahul.pillai65@gmail.com,1979-10-13,Delhi,Full KYC,06 Sep 2023,rahul2482@okbank
C01129,"Verma, Ritu",88848 15008,ritu.verma54@gmail.com,09/12/77,bangalore,Full KYC,2024-05-14,NULL
C04385,VIKRAM DAS,76684 42611,vikram.das77@gmail.com,10/01/78,MUMBAI,full,2020-05-08,vikram2611@hdfcbank
C03143,M. Nair,95994 53226,manish.nair58@gmail.com,26/07/85,chennai,Full KYC,13 Oct 2022,manish3226@paytm
C01515,Ritu Bose,6340375667,,14/11/95,Bangalore,MIN,19 Jun 2020,ritu5667@sbi
C03421,Vijay Menon,91-7811126705,vijay.menon44@gmail.com,"Dec 27, 2004",hyderabad,min,28 Nov 2025,vijay6705@okbank
C03491,sunita desai,7332492911,sunita.desai95@gmail.com,28/11/70,chennai,NA,18 Jul 2025,sunita2911@ybl
C04914,"Iyer, Harsh",07156234403,harsh.iyer71@gmail.com,03-03-1971,hyderabad,full_kyc,2025-11-22,harsh4403@hdfcbank
C03623,imran menon,99963 88203,imran.menon21@gmail.com,"Jan 21, 1964",pune,min kyc,12 May 2021,imran8203@icici
C04263,"Joshi, Ritu",6395551387,ritu.joshi68@gmail.com,05-08-1977,mumbai,min,2024-04-28,ritu1387@sbi
C02524,Neha Menon,7221747282,neha.menon79@gmail.com,06-09-1964,pune,FULL,26 Jan 2020,neha7282@ybl
C03077,Nisha Patel,9800184572,N/A,"Jan 16, 1991",,min,2022-01-01,nisha4572@okbank
C01382,Amit Patel,6632972433,amit.patel40@gmail.com,"Apr 03, 2001",kolkata,PENDING,09 Sep 2020,amit2433@axl
C01193,SANJAY BOSE,6307626449,sanjay.bose77@gmail.com,"Apr 25, 1985",kolkata,FULL,11 Oct 2022,sanjay6449@icici
C01835,Neha Nair,8738874103,neha.nair86@gmail.com,1999-02-18,Kolkata,full,10 Oct 2023,neha4103@icici
C01511,V. Sharma,9207324069,unknown,"Jan 14, 1981",Bombay,Full KYC,12-10-2021,vijay4069@paytm
C04639,sunita das,09787261476,sunita.das92@gmail.com,1982-10-02,Madras,minimum,28 May 2025,sunita1476@icici
C01059,IMRAN IYER,70285 74031,imran.iyer12@gmail.com,"Oct 06, 1971",MUMBAI,min kyc,2023-07-28,imran4031@paytm
C90118,Priya Singh,9320925107,,28-09-1994,ahmedabad,MIN,2025-11-05,
C03436,M. Sharma,6504110057,manish.sharma32@gmail.com,16-06-1988,pune,,05-07-2025,manish0057@ybl
C00789,ritu chopra,6941211616,ritu.chopra39@gmail.com,1972-11-19,Mumbai,FULL,13 Aug 2023,ritu1616@axl
C02236,TARUN SHARMA,9051970740,tarun.sharma3@gmail.com,09/12/90,Amdavad,MIN,17 Mar 2023,tarun0740@paytm
C02830,Anjali Das,91-6779651760,N/A,02/07/99,Amdavad,FULL,19-05-2020,anjali1760@ybl
C03225,"Mehta, Divya",91-6998631664,divya.mehta72@gmail.com,08-06-1988,hyderabad,min kyc,2022-03-22,divya1664@sbi
C02741,Manish  Yadav ,8134397795,,NULL,,minimum,2023-11-18,manish7795@ybl
C01771,P. Pillai,91-9261790543,priya.pillai44@gmail.com,02/09/81,Kolkata,full_kyc,2022-06-06,priya0543@axl
C03782,"Joshi, Arjun",6724337459,arjun.joshi34@gmail.com,"Jan 19, 1975",Bangalore,minimum,06-12-2019,arjun7459@okbank
C03625,KARAN MEHTA,8564180500,karan.mehta13@gmail.com,1973-09-01,New Delhi,Full KYC,2026-03-08,karan0500@axl
C90105,K. Reddy,8996433712,unknown,20/01/74,Ahmedabad,min kyc,27 Feb 2020,N/A
C03509,Anjali Reddy,+919370978067,anjali.reddy12@gmail.com,14/08/74,Kolkata,min,15 Sep 2022,anjali8067@axl
C00653,Pooja Yadav,6171345999,NULL,20-05-1977,Kolkata,MIN,08-09-2020,pooja5999@ybl
C00935,Farhan Iyer,+917646939296,farhan.iyer46@gmail.com,22/01/61,delhi,min,16-05-2024,farhan9296@sbi
C01791,POOJA NAIR,7941833629,unknown,30/08/90,pune,FULL,18 Nov 2022,pooja3629@okbank
C02516,Imran Singh,9326539698,imran.singh78@gmail.com,17-02-1999,lucknow,full_kyc,2022-08-22,imran9698@icici
C02626,swati bose,+917374712110,swati.bose3@gmail.com,"Aug 01, 1990",HYD,full_kyc,28 Mar 2024,swati2110@sbi
C03284,Pooja Joshi,6050584250,pooja.joshi42@gmail.com,19-02-2006,,full_kyc,05-06-2022,pooja4250@hdfcbank
C00055,Neha Verma,8912533965,neha.verma23@gmail.com,"Nov 12, 1974",kolkata,minimum,05 Dec 2020,neha3965@icici
C01521,Amit Desai,9851480616,,1999-07-27,pune,MIN,2022-10-04,amit0616@okbank
C00281,Karan Khan,06896174750,karan.khan95@gmail.com,"Dec 13, 1964",Lucknow,min kyc,2022-09-05,karan4750@sbi
C02577,VIKRAM IYER,+916372936532,vikram.iyer62@gmail.com,1968-06-16,Lucknow,min,14-12-2021,vikram6532@okbank
C01680,"Joshi, Rahul",+916392604936,NULL,NULL,Jaipur,full,2026-01-03,rahul4936@icici
C04709,P. Khan,+917416718647,priya.khan40@gmail.com,"Nov 23, 1983",hyderabad,full,2020-05-14,priya8647@ybl
C03955,Priya  Iyer ,7466988404,priya.iyer67@gmail.com,10-03-1997,Hyderabad,full_kyc,28-12-2024,priya8404@hdfcbank
C04288,P. Joshi,7239594601,N/A,"Jun 07, 1994",jaipur,,04 Apr 2026,NULL
C04859,Farhan Reddy,7544601807,farhan.reddy4@gmail.com,12-02-1983,pune,full_kyc,2020-03-16,farhan1807@icici
C01289,ritu das,+916993898082,ritu.das87@gmail.com,1970-11-05,jaipur,Full KYC,2020-06-19,N/A
C00221,FATIMA KULKARNI,8577601428,fatima.kulkarni41@gmail.com,01/06/86,Lucknow,min kyc,2021-11-01,fatima1428@paytm
C90263,Isha Desai,9012258635,isha.desai76@gmail.com,08/08/02,Bengaluru,PENDING,08-09-2024,isha8635@sbi
C90249,"Khan, Karan",89723 82407,karan.khan46@gmail.com,N/A,hyderabad,NA,20-04-2023,karan2407@axl
C01076,Amit Khan,6625344728,unknown,1984-03-13,HYD,full_kyc,2025-11-25,amit4728@paytm
C01534,HARSH PILLAI,91-9585469699,,1980-10-07,Pune,full,20-12-2020,harsh9699@axl
C01166,Sanjay Mehta,7639367222,sanjay.mehta76@gmail.com,N/A,BLR,full,15 Apr 2024,sanjay7222@icici
C01731,"Gupta, Aarti",70822 53083,aarti.gupta51@gmail.com,12/01/66,jaipur,full_kyc,2024-04-21,aarti3083@ybl
C04556,Arjun Singh,6445901407,arjun.singh22@gmail.com,24/06/86,Pune,PENDING,2019-12-10,arjun1407@icici
C01552,Harsh Mehta,91-7325645500,harsh.mehta27@gmail.com,"Jun 16, 1985",Kolkata,FULL,02-03-2021,harsh5500@sbi
C01709,Aarti Khan,7463102316,,15-10-1985,New Delhi,Full KYC,11-11-2025,aarti2316@okbank
C01157,Isha Sharma,8671528099,N/A,30/05/99,lucknow,pending,2025-04-08,isha8099@icici
C04700,ANJALI GUPTA,+918680315971,anjali.gupta45@gmail.com,06-10-1994,lucknow,min,25 Oct 2020,
C90232,T. Mehta,+917042337388,,1969-10-24,Pune,FULL,13-06-2021,tarun7388@hdfcbank
C00525,Harsh  Kulkarni ,+917438753976,harsh.kulkarni46@gmail.com,25-06-1970,Bengaluru,Full KYC,04 May 2022,harsh3976@sbi
C04933,Sunita Iyer,7408944735,N/A,22/08/69,delhi,full,29 Mar 2025,sunita4735@ybl
C04163,meera yadav,8279154384,meera.yadav24@gmail.com,1987-08-17,jaipur,full_kyc,11-04-2024,meera4384@axl
C90146,RITU SINGH,9339238689,ritu.singh61@gmail.com,28-02-1970,,pending,2021-11-01,unknown
C04410,ROHAN BOSE,6583937842,rohan.bose67@gmail.com,"Oct 25, 1974",,,29-07-2024,rohan7842@axl
C04145,N. Khan,9062450317,unknown,13-06-1968,Jaipur,min,19 Dec 2024,nisha0317@sbi
C02648,nisha reddy,93974 38378,nisha.reddy60@gmail.com,"Feb 04, 1990",Pune,full_kyc,22-10-2024,nisha8378@paytm
C04115,Imran Yadav,7629722899,NULL,28/01/74,Amdavad,minimum,23-08-2022,imran2899@axl
C03667,Ritu Yadav,91-9805189208,N/A,28-02-1983,chennai,Full KYC,17 Sep 2019,ritu9208@ybl
C00543,M. Khan,+916213506649,meera.khan24@gmail.com,28/10/92,bangalore,full_kyc,2021-04-11,meera6649@paytm
C04117,Meera Khan,+917361575628,,,Calcutta,min,27-11-2019,meera5628@paytm
C90070,karan menon,8944808215,karan.menon50@gmail.com,1979-05-08,Bangalore,pending,2021-03-27,karan8215@ybl
C03463,Neha Sharma,91-6115447636,neha.sharma16@gmail.com,,HYD,min,28-10-2021,neha7636@axl
C04692,Anjali Yadav,+918805981955,anjali.yadav88@gmail.com,"May 09, 1976",DELHI,,24 Oct 2021,anjali1955@ybl
C02216,rahul menon,+917912836878,unknown,1982-07-13,jaipur,FULL,05-10-2022,rahul6878@okbank
C01626,Tarun Reddy,6658223703,tarun.reddy4@gmail.com,05-09-2004,Ahmedabad,min,11 Apr 2026,tarun3703@paytm
C01268,Pooja Kulkarni,6334850148,pooja.kulkarni28@gmail.com,05/05/62,bangalore,full,12 Apr 2022,pooja0148@sbi
C04181,AARTI VERMA,91-9095664101,aarti.verma20@gmail.com,18/07/93,ahmedabad,full,2023-07-16,aarti4101@ybl
C02512,Pooja Singh,09930311757,,23-05-1985,MUMBAI,full,11 Mar 2021,pooja1757@ybl
C00460,POOJA PATEL,8115063328,,03-04-1981,hyderabad,FULL,2022-03-10,pooja3328@ybl
C00159,M. Bose,8313287095,NULL,1981-11-19,Bengaluru,full,2023-09-18,manish7095@paytm
C01637,"Pillai, Meera",8242924507,meera.pillai47@gmail.com,1990-03-18,Bangalore,Full KYC,30-12-2019,meera4507@okbank
C01905,Divya Menon,7557606859,N/A,1993-02-20,delhi,FULL,2022-09-03,divya6859@icici
C03400,A. Patel,+917797778133,arjun.patel40@gmail.com,"Aug 24, 1965",Pune,min,22-04-2025,arjun8133@paytm
C01438,"Mehta, Anjali",8326301008,,07-12-1968,Bangalore,PENDING,2023-09-04,anjali1008@ybl
C02377,rahul khan,7670014916,rahul.khan58@gmail.com,16/06/75,HYD,MIN,2022-09-07,rahul4916@okbank
C00805,Imran  Patel ,+919757312807,imran.patel60@gmail.com,"Jun 15, 1963",mumbai,minimum,2026-01-28,imran2807@okbank
C02785,Harsh  Iyer ,9663171541,N/A,14/10/63,Jaipur,FULL,09 Oct 2021,harsh1541@axl
C04575,Amit  Sharma ,09678345459,amit.sharma62@gmail.com,09/04/84,DELHI,FULL,2021-06-06,amit5459@okbank
C01149,Imran Kulkarni,62370 92317,imran.kulkarni87@gmail.com,30/08/88,mumbai,FULL,04-12-2023,imran2317@axl
C02837,S. Sharma,+917108360757,swati.sharma19@gmail.com,18-07-1978,chennai,min kyc,28 Nov 2020,swati0757@icici
C01660,Ritu Patel,91-7959821896,ritu.patel69@gmail.com,28/09/67,HYD,MIN,19-05-2020,ritu1896@hdfcbank
C00946,vikram menon,6149077139,vikram.menon35@gmail.com,1972-03-03,ahmedabad,Full KYC,2020-12-07,vikram7139@axl
C00972,"Nair, Swati",09437129261,swati.nair75@gmail.com,25/06/75,Ahmedabad,FULL,24 Mar 2025,swati9261@hdfcbank
C02740,KAVITA SHARMA,91-7910102538,kavita.sharma74@gmail.com,15-04-1969,HYD,min,2026-03-08,kavita2538@paytm
C03910,Nisha Gupta,9173549925,nisha.gupta3@gmail.com,2006-01-06,Madras,full_kyc,06-02-2020,nisha9925@axl
C02039,AARTI VERMA,91-8230761699,aarti.verma81@gmail.com,1963-06-11,New Delhi,full_kyc,19 Jun 2021,aarti1699@icici
C04087,"Desai, Harsh",+919654945650,harsh.desai40@gmail.com,06-12-2002,Amdavad,full,2025-01-30,harsh5650@sbi
C03151,Amit Desai,+918474262427,amit.desai69@gmail.com,"Dec 30, 2001",pune,FULL,20 Apr 2025,amit2427@axl
C03881,Vikram Menon,+916547742814,,1963-03-17,bangalore,,31 Aug 2021,vikram2814@axl
C04255,Amit Singh,9735596503,,NULL,lucknow,pending,2021-09-11,amit6503@paytm
C02682,Sneha Gupta,64369 41153,sneha.gupta70@gmail.com,1985-07-11,Poona,FULL,23-11-2022,sneha1153@axl
C00288,Sanjay Patel,91-6658360215,N/A,07/01/61,bangalore,minimum,2021-05-03,sanjay0215@icici
C02352,neha menon,6380922763,neha.menon62@gmail.com,"Nov 05, 1989",bangalore,minimum,2024-12-21,neha2763@paytm
C90267,harsh reddy,+918649296064,harsh.reddy50@gmail.com,21-10-1995,New Delhi,NA,01-04-2024,harsh6064@paytm
C00560,Manish Mehta,8840003654,,1968-02-20,HYD,minimum,26 Mar 2020,manish3654@paytm
C00632,Amit Shaikh,80836 81123,amit.shaikh9@gmail.com,"May 25, 1988",Chennai,minimum,15-02-2021,amit1123@okbank
C04945,"Iyer, Priya",8952752904,,28-08-1971,hyderabad,Full KYC,2023-10-28,priya2904@sbi
C03195,H. Menon,8994792006,harsh.menon49@gmail.com,07-01-1970,bangalore,min kyc,21 May 2023,harsh2006@axl
C00500,Aarti Gupta,+916113582863,aarti.gupta81@gmail.com,N/A,ahmedabad,,15-03-2021,aarti2863@okbank
C04800,Suresh  Shaikh ,+916980128245,suresh.shaikh72@gmail.com,"Oct 13, 1982",HYD,full_kyc,07 Oct 2023,suresh8245@okbank
C03904,T. Gupta,9615478142,tarun.gupta86@gmail.com,"Apr 15, 1969",Madras,minimum,11-07-2024,tarun8142@paytm
C00661,Priya Singh,91-7369437378,priya.singh75@gmail.com,06-05-1964,Kolkata,MIN,29 Jul 2021,priya7378@axl
C00457,"Shaikh, Sneha",6209925143,N/A,1992-08-04,Lucknow,Full KYC,24-01-2024,sneha5143@axl
C00816,Aarti Singh,66156 12432,aarti.singh73@gmail.com,1997-06-26,,minimum,23-06-2025,aarti2432@hdfcbank
C01775,HARSH SHAIKH,8752808550,harsh.shaikh92@gmail.com,"Jun 16, 1998",Hyderabad,Full KYC,2022-03-30,harsh8550@axl
C90272,Vijay Chopra,6736012398,vijay.chopra63@gmail.com,06/01/65,Hyderabad,PENDING,07-05-2026,vijay2398@axl
C02182,Suresh  Iyer ,9795659688,NULL,1996-01-06,,Full KYC,01 Aug 2023,suresh9688@sbi
C00428,Sanjay Reddy,91-7320493162,sanjay.reddy50@gmail.com,01-09-1969,BLR,minimum,03-12-2025,sanjay3162@sbi
C03317,Ritu Khan,+917783178213,ritu.khan50@gmail.com,"Dec 25, 1998",Chennai,Full KYC,03 Jan 2022,ritu8213@hdfcbank
C04955,S. Patel,7895578422,sanjay.patel23@gmail.com,15/01/93,Lucknow,FULL,18 Jun 2021,sanjay8422@icici
C00203,VIJAY MEHTA,6768375075,unknown,"Jul 01, 1977",ahmedabad,FULL,01 Oct 2020,vijay5075@ybl
C02901,Farhan Nair,8188840233,unknown,2005-01-04,Lucknow,Full KYC,20-03-2026,farhan0233@hdfcbank
C04908,N. Desai,8578012495,NULL,1984-01-04,Jaipur,full,22-02-2021,nisha2495@axl
C90228,DIVYA SHAIKH,07123772035,unknown,"Oct 15, 1989",Hyderabad,min kyc,03 Sep 2019,divya2035@icici
C00779,Vijay Singh,91-6907721735,vijay.singh57@gmail.com,29/09/02,Amdavad,full,19-04-2023,vijay1735@hdfcbank
C04374,S. Menon,85861 15347,,NULL,Delhi,full_kyc,2022-10-05,suresh5347@hdfcbank
C03201,Anjali Chopra,6486511677,anjali.chopra16@gmail.com,"Oct 14, 1998",Hyderabad,full_kyc,06-02-2026,unknown
C90286,Farhan Reddy,09036717076,farhan.reddy28@gmail.com,27-08-1968,Amdavad,min,05 Sep 2020,farhan7076@icici
C04416,Arjun Bose,9549736799,unknown,06/08/67,kolkata,FULL,01 Jun 2021,arjun6799@axl
C03185,"Desai, Harsh",84049 36126,harsh.desai7@gmail.com,26-07-1966,bangalore,full_kyc,04 Jun 2021,harsh6126@hdfcbank
C03042,amit shaikh,91-9411766995,amit.shaikh26@gmail.com,"Jan 05, 1967",HYD,FULL,16-01-2021,amit6995@axl
C01085,Ritu Yadav,6080029827,ritu.yadav17@gmail.com,14-07-2005,,Full KYC,08-03-2021,ritu9827@hdfcbank
C00116,Harsh Chopra,91-9473151899,harsh.chopra35@gmail.com,"Jan 14, 1964",delhi,pending,2025-11-15,harsh1899@hdfcbank
C02744,Rohan Nair,+918031944025,unknown,03/08/78,Calcutta,Full KYC,18-11-2019,rohan4025@okbank
C00083,Ritu Shaikh,76308 39299,,25/09/67,Kolkata,Full KYC,15-08-2024,ritu9299@okbank
C90264,"Reddy, Neha",8386429479,neha.reddy13@gmail.com,NULL,Calcutta,min,18 Jul 2022,neha9479@paytm
C01366,Divya Joshi,07271995342,unknown,"Dec 13, 1962",lucknow,min,02-08-2024,divya5342@hdfcbank
C02062,karan bose,+916587547751,karan.bose78@gmail.com,"Dec 23, 1986",hyderabad,min,29-03-2024,karan7751@hdfcbank
C03081,Suresh Chopra,6774881747,suresh.chopra59@gmail.com,1968-12-31,HYD,PENDING,24-01-2022,suresh1747@paytm
C03122,F. Sharma,91-9774656677,fatima.sharma68@gmail.com,1967-06-16,Delhi,min,2024-10-22,fatima6677@okbank
C00747,POOJA IYER,9269079240,pooja.iyer84@gmail.com,17/06/97,pune,Full KYC,2024-07-23,pooja9240@ybl
C01674,PRIYA IYER,7292382851,unknown,30-09-1988,Kolkata,Full KYC,09 Sep 2024,priya2851@paytm
C00619,Deepak Sharma,7169579325,deepak.sharma4@gmail.com,2003-05-04,delhi,pending,2026-02-28,deepak9325@axl
C00404,Priya Chopra,79885 20540,priya.chopra24@gmail.com,2001-01-20,lucknow,Full KYC,26-09-2025,priya0540@okbank
C04596,"Patel, Aarti",9376230249,aarti.patel53@gmail.com,19-06-1994,Calcutta,FULL,20-03-2026,aarti0249@axl
C01156,Neha Joshi,62128 41651,,"Jan 03, 2000",Madras,min,11 Feb 2022,neha1651@paytm
C00187,Priya Bose,6274678934,priya.bose65@gmail.com,23-05-1975,,full,02 Feb 2024,
C03097,Farhan Joshi,7021947233,farhan.joshi59@gmail.com,16/10/66,Delhi,minimum,2022-06-28,farhan7233@sbi
C04587,"Reddy, Pooja",9404770896,NULL,1992-02-02,Kolkata,full_kyc,2024-11-18,pooja0896@hdfcbank
C01361,Ritu Joshi,09479174039,ritu.joshi96@gmail.com,1961-09-22,Lucknow,MIN,22-03-2023,ritu4039@okbank
C02596,"Chopra, Farhan",+916929328352,farhan.chopra1@gmail.com,"May 02, 1988",Calcutta,full,2021-03-28,farhan8352@axl
C01352,Manish Reddy,6391076009,manish.reddy35@gmail.com,1992-03-24,pune,min,28 Jun 2024,manish6009@okbank
C04795,"Patel, Fatima",8035823104,fatima.patel38@gmail.com,"Apr 21, 1974",Amdavad,minimum,2020-06-04,fatima3104@paytm
C03029,nisha sharma,07606039471,nisha.sharma25@gmail.com,NULL,Pune,full_kyc,28 Dec 2022,nisha9471@axl
C01453,D. Shaikh,75195 31011,,"Aug 06, 1961",Jaipur,full_kyc,2022-10-13,divya1011@okbank
C00654,"Reddy, Rahul",85755 05569,rahul.reddy16@gmail.com,18-12-1975,chennai,full_kyc,23 Jul 2024,rahul5569@axl
C02749,Divya Sharma,71866 65845,divya.sharma75@gmail.com,"Feb 25, 1978",MUMBAI,min kyc,16 Feb 2024,divya5845@paytm
C01819,vikram kulkarni,09057883454,vikram.kulkarni55@gmail.com,22-02-1965,Pune,full_kyc,28-05-2023,vikram3454@okbank
C04311,Rahul Bose,+919358425711,,"Aug 04, 1973",jaipur,,2020-04-27,rahul5711@okbank
C01162,Amit Desai,6769689069,,"Dec 08, 1975",Ahmedabad,full,2025-07-15,amit9069@paytm
C00675,Isha Joshi,8165101163,isha.joshi40@gmail.com,2001-10-16,Amdavad,minimum,24-05-2021,isha1163@okbank
C04760,Aarti Menon,6156479873,NULL,"Aug 11, 2003",ahmedabad,min kyc,2026-03-21,aarti9873@icici
C04710,S. Gupta,9712229226,sneha.gupta3@gmail.com,1970-02-17,lucknow,full,23-05-2020,sneha9226@sbi
C05007,Swati Nair,98984 74415,swati.nair62@gmail.com,16-02-1999,bangalore,min kyc,19-06-2026,swati4415@paytm
C02125,divya yadav,9909976392,,,mumbai,min,19 May 2020,divya6392@paytm
C01472,divya verma,89318 38409,divya.verma87@gmail.com,1990-02-03,Ahmedabad,minimum,23 Oct 2025,divya8409@hdfcbank
C00202,Sunita Reddy,8490971022,sunita.reddy90@gmail.com,1975-06-10,Lucknow,MIN,09 May 2026,sunita1022@paytm
C00738,Priya Iyer,9568068174,priya.iyer10@gmail.com,"Jul 07, 1967",Lucknow,Full KYC,12 Oct 2021,priya8174@hdfcbank
C01502,priya chopra,91-6873987365,priya.chopra75@gmail.com,27-02-1977,kolkata,min kyc,07-07-2022,priya7365@ybl
C01644,Divya Yadav,+916903076025,,27-05-1971,Pune,PENDING,2022-03-24,divya6025@okbank
C00973,Divya Menon,7766819438,divya.menon48@gmail.com,"Apr 14, 1991",Poona,Full KYC,12-11-2025,divya9438@sbi
C01285,"Bose, Swati",8600261258,N/A,03/12/73,pune,FULL,2024-08-31,swati1258@axl
C00133,Pooja Joshi,61654 13166,pooja.joshi94@gmail.com,1976-07-17,Ahmedabad,FULL,06 Mar 2023,pooja3166@ybl
C00567,anjali mehta,+918145148114,N/A,1975-12-18,New Delhi,full_kyc,13 Mar 2020,anjali8114@axl
C01298,Karan  Khan ,9691704008,karan.khan59@gmail.com,"Jan 01, 1986",Bengaluru,full_kyc,01 Mar 2023,karan4008@sbi
C04534,Rohan  Yadav ,8584066583,NULL,12-05-1972,Mumbai,min kyc,2024-10-31,rohan6583@ybl
C05030,"Verma, Vikram",9249015121,vikram.verma76@gmail.com,1963-07-08,Madras,minimum,03-06-2026,vikram5121@okbank
C03578,"Yadav, Rohan",6857420015,rohan.yadav2@gmail.com,1992-12-29,Bangalore,full,10-07-2022,rohan0015@axl
C04619,A. Desai,9242520423,aarti.desai83@gmail.com,03-09-1993,Chennai,MIN,2021-02-16,aarti0423@okbank
C00437,Meera Kulkarni,91-8339089191,meera.kulkarni47@gmail.com,"Feb 22, 2000",HYD,MIN,2022-07-05,meera9191@icici
C04044,Suresh Chopra,7231065521,suresh.chopra56@gmail.com,1971-10-03,Chennai,full,25-10-2022,suresh5521@axl
C00492,Tarun Verma,7508685895,tarun.verma62@gmail.com,1981-05-24,Calcutta,pending,15-05-2023,tarun5895@okbank
C04153,Vikram Verma,6292086403,,"Jun 08, 1970",Bengaluru,MIN,2025-10-10,vikram6403@sbi
C04187,R. Bose,6865516730,,14-05-1998,lucknow,full,2022-04-04,rahul6730@axl
C00501,Priya Kulkarni,09133947420,priya.kulkarni94@gmail.com,1974-12-22,Jaipur,full_kyc,2024-01-09,priya7420@paytm
C04847,"Bose, Rahul",+918928509451,unknown,12/09/62,Poona,Full KYC,15-06-2024,rahul9451@hdfcbank
C02076,"Kulkarni, Anjali",60619 21849,anjali.kulkarni95@gmail.com,"May 20, 1995",Bombay,MIN,04-02-2024,anjali1849@okbank
C03488,Manish Shaikh,91-9088604822,manish.shaikh84@gmail.com,08-01-2002,Ahmedabad,MIN,2021-03-22,manish4822@sbi
C02008,meera chopra,84965 75754,meera.chopra97@gmail.com,1998-03-02,Delhi,minimum,24 Dec 2019,meera5754@paytm
C01232,Sunita Reddy,6401158963,sunita.reddy14@gmail.com,,Chennai,pending,13 Nov 2024,sunita8963@ybl
C04625,Divya Desai,6974722962,NULL,"Jun 13, 2003",Ahmedabad,PENDING,26 Oct 2024,divya2962@okbank
C02232,Sanjay Nair,+918313391582,sanjay.nair87@gmail.com,1986-03-06,Calcutta,min kyc,2023-05-27,sanjay1582@hdfcbank
C02863,S. Gupta,+918818783672,NULL,1982-03-31,Pune,FULL,2020-02-09,suresh3672@ybl
C00810,Rahul Desai,+917108982589,rahul.desai34@gmail.com,"Jun 12, 1961",hyderabad,MIN,2023-07-08,rahul2589@hdfcbank
C03464,Karan  Kulkarni ,+916141450807,,26/02/73,Amdavad,minimum,2026-02-01,karan0807@ybl
C01826,AARTI YADAV,9987384351,N/A,14/11/05,Chennai,minimum,2024-11-06,aarti4351@icici
C03614,Harsh  Nair ,+919280841132,harsh.nair45@gmail.com,"May 18, 2004",Poona,full,2024-03-09,harsh1132@okbank
C04813,meera patel,8623532097,meera.patel89@gmail.com,14/07/75,Bombay,full,22 Mar 2025,meera2097@paytm
C04555,Kavita Yadav,7362124053,,24-12-2004,Chennai,full,2024-06-07,kavita4053@hdfcbank
C01221,Aarti Joshi,+918638725682,,N/A,Lucknow,MIN,04 Jan 2025,aarti5682@icici
C00518,S. Mehta,+919730637130,NULL,,Poona,Full KYC,23-10-2022,sneha7130@ybl
C04910,farhan verma,+917796954276,farhan.verma7@gmail.com,06/06/00,Ahmedabad,min kyc,29-08-2023,farhan4276@hdfcbank
C01239,Tarun  Yadav ,8937635664,tarun.yadav48@gmail.com,04-06-1991,pune,full_kyc,23-02-2024,tarun5664@axl
C04470,I. Kulkarni,91-8307196154,NULL,31/10/97,mumbai,minimum,13-07-2022,isha6154@hdfcbank
C03471,Rahul Yadav,8509542400,rahul.yadav98@gmail.com,"Dec 21, 1975",mumbai,min kyc,12 Apr 2025,rahul2400@icici
C01865,SUNITA JOSHI,+917592840704,sunita.joshi12@gmail.com,11-12-1970,New Delhi,MIN,01 Mar 2021,sunita0704@hdfcbank
C00953,Harsh Patel,9280959290,harsh.patel43@gmail.com,31-03-1983,ahmedabad,minimum,01-09-2025,N/A
C01353,Farhan Reddy,9982483570,,19-01-1966,Pune,FULL,01 Aug 2024,farhan3570@icici
C04872,"Pillai, Priya",9858288775,priya.pillai33@gmail.com,"Dec 03, 1961",,full_kyc,01 May 2025,priya8775@icici
C01965,Imran Das,76459 92744,imran.das49@gmail.com,1967-03-28,Jaipur,FULL,26 Jun 2023,imran2744@hdfcbank
C90175,Aarti Khan,+918269076296,aarti.khan31@gmail.com,03-09-1974,lucknow,min,02 Nov 2020,N/A
C03252,Divya  Nair ,91-9389716274,divya.nair67@gmail.com,"May 26, 1972",Pune,FULL,16-05-2022,divya6274@sbi
C03758,Deepak Kulkarni,6531618751,,26/04/82,Chennai,full_kyc,2020-01-03,deepak8751@hdfcbank
C90152,P. Sharma,+919472632309,priya.sharma14@gmail.com,1966-03-26,DELHI,min kyc,07-02-2024,N/A
C03561,Aarti Singh,9980766648,aarti.singh85@gmail.com,29-02-1968,New Delhi,full_kyc,2026-03-05,aarti6648@hdfcbank
C04230,V. Mehta,76984 18259,vikram.mehta68@gmail.com,22/02/85,HYD,FULL,12-08-2022,vikram8259@okbank
C02563,VIKRAM SINGH,7212841495,vikram.singh96@gmail.com,"Jan 01, 1992",Pune,minimum,12-11-2025,vikram1495@axl
C04334,Rahul Khan,6309717717,,22-12-1972,Ahmedabad,FULL,22-05-2024,rahul7717@axl
C01045,Farhan Das,95226 76599,NULL,06-08-1999,New Delhi,Full KYC,2023-02-22,farhan6599@sbi
C02004,F. Desai,+918619913591,N/A,"Aug 28, 1984",Bengaluru,Full KYC,22-11-2020,fatima3591@sbi
C02102,fatima sharma,8545412949,N/A,02/09/77,Bengaluru,full_kyc,2025-10-23,fatima2949@icici
C04736,"Singh, Swati",08306445286,swati.singh66@gmail.com,1987-07-21,lucknow,Full KYC,12 May 2025,swati5286@okbank
C02925,Manish Nair,7863249813,,"Sep 29, 1972",Chennai,,16 Feb 2024,manish9813@okbank
C03680,Sunita Pillai,+916765644157,sunita.pillai15@gmail.com,18/12/83,Lucknow,PENDING,04-10-2021,sunita4157@axl
C01576,A. Khan,09975197711,anjali.khan59@gmail.com,2002-07-08,Calcutta,PENDING,2023-09-09,anjali7711@ybl
C90192,nisha yadav,9406744218,unknown,1970-01-07,BLR,Full KYC,03-06-2020,nisha4218@axl
C00745,Manish Shaikh,7296414311,manish.shaikh98@gmail.com,21/11/65,mumbai,minimum,22-04-2023,manish4311@okbank
C04916,V. Kulkarni,7461281036,,10-08-1964,Ahmedabad,full_kyc,28 Jun 2025,vijay1036@sbi
C03568,Vikram Patel,6718630664,vikram.patel32@gmail.com,1971-08-16,mumbai,min kyc,18-11-2024,vikram0664@axl
C01822,I. Yadav,9103443039,isha.yadav86@gmail.com,2006-01-01,Calcutta,Full KYC,18 Jul 2020,isha3039@ybl
C90048,S. Gupta,91-7722554830,sanjay.gupta82@gmail.com,"Nov 08, 1977",Kolkata,MIN,25 Sep 2021,sanjay4830@ybl
C04084,Sanjay Pillai,91-9403511842,sanjay.pillai96@gmail.com,1975-03-09,Kolkata,full,01-10-2022,sanjay1842@axl
C03767,"Mehta, Sunita",91-7185540412,,"Nov 08, 1983",HYD,FULL,2021-12-23,sunita0412@icici
C03279,nisha kulkarni,6543745167,nisha.kulkarni87@gmail.com,25/01/62,mumbai,PENDING,26-11-2019,nisha5167@axl
C00479,KAVITA GUPTA,8018927628,N/A,"Jun 05, 1971",Mumbai,min,12-04-2022,kavita7628@paytm
C90191,AMIT REDDY,08568493021,amit.reddy45@gmail.com,11/03/05,ahmedabad,full,08 May 2020,unknown
C03812,"Desai, Divya",8516412368,divya.desai81@gmail.com,"Sep 18, 1974",Ahmedabad,minimum,12-03-2023,divya2368@hdfcbank
C01380,S. Nair,6733522229,NULL,1990-12-04,kolkata,Full KYC,2022-08-01,swati2229@ybl
C00171,M. Patel,+919281537805,meera.patel59@gmail.com,05/04/90,Hyderabad,Full KYC,12 Apr 2026,meera7805@hdfcbank
C01939,divya singh,8347379288,unknown,1974-02-13,Chennai,full_kyc,18 Sep 2021,divya9288@axl
C90029,Suresh Desai,+919466146877,,20/08/73,Amdavad,MIN,27 Sep 2020,suresh6877@sbi
C90111,"Mehta, Anjali",8326301008,anjali.mehta22@gmail.com,07-12-1968,bangalore,NA,04 Sep 2023,anjali1008@ybl
C01027,Karan Das,91-9819718102,N/A,"Jun 17, 1987",Jaipur,min kyc,08 Jul 2023,karan8102@sbi
C90092,ISHA GUPTA,8084642022,unknown,2001-05-25,bangalore,minimum,17-09-2025,isha2022@ybl
C03822,Divya Das,6207774848,divya.das41@gmail.com,14-06-1962,,full_kyc,2023-03-02,divya4848@okbank
C00179,Deepak Joshi,7178886667,N/A,15-08-2005,hyderabad,full,21 Sep 2021,deepak6667@sbi
C04436,Pooja  Khan ,+916243136325,,1978-07-07,bangalore,MIN,25-10-2024,pooja6325@ybl
C03693,Harsh  Patel ,91-7747054274,,"Apr 25, 2004",chennai,full_kyc,2021-08-01,harsh4274@paytm
C02431,Swati Desai,91-7808537850,unknown,08/09/92,Ahmedabad,full,06-06-2023,swati7850@ybl
C02381,Suresh  Khan ,6211115257,suresh.khan94@gmail.com,30/08/78,Amdavad,,08 Oct 2022,suresh5257@ybl
C01694,Sunita  Reddy ,07494367057,sunita.reddy98@gmail.com,1997-04-15,Chennai,full_kyc,30-01-2026,sunita7057@hdfcbank
C03662,Kavita Das,6792457235,NULL,1979-08-03,Ahmedabad,FULL,2020-10-14,kavita7235@sbi
C01422,IMRAN SHARMA,7630460874,unknown,1964-03-01,kolkata,Full KYC,2023-05-24,imran0874@icici
C03678,suresh iyer,91-7499854425,suresh.iyer68@gmail.com,"Jan 06, 1989",bangalore,full_kyc,29-09-2020,suresh4425@paytm
C02360,Deepak Yadav,91-8635159629,NULL,"Aug 13, 1974",hyderabad,full,03 Apr 2021,deepak9629@hdfcbank
C04613,Pooja Desai,09540983685,pooja.desai9@gmail.com,"May 08, 2000",Kolkata,min,04 Jan 2020,pooja3685@icici
C00778,deepak gupta,90172 66492,,1975-09-15,Madras,full_kyc,07-03-2023,deepak6492@paytm
C02943,"Kulkarni, Nisha",+918521438257,N/A,05-03-1981,pune,minimum,19-06-2023,nisha8257@icici
C03505,RAHUL REDDY,+919861123376,unknown,20-10-1979,Bangalore,,18-09-2021,rahul3376@okbank
C00730,S. Sharma,+918333696569,unknown,2005-11-09,Chennai,Full KYC,20-07-2023,sanjay6569@axl
C04274,V. Nair,63782 80635,,19/11/02,delhi,full,17-08-2025,vikram0635@ybl
C02840,F. Menon,+916470332059,fatima.menon70@gmail.com,1994-02-14,Lucknow,full_kyc,09-11-2025,fatima2059@icici
C03348,Tarun Khan,9984909376,tarun.khan75@gmail.com,"Mar 22, 2005",Amdavad,MIN,21-08-2022,tarun9376@hdfcbank
C02567,Ritu Yadav,91-7628862221,ritu.yadav12@gmail.com,"Nov 13, 1963",MUMBAI,min kyc,2025-07-05,ritu2221@axl
C90069,Divya Pillai,9317447805,NULL,1965-11-28,chennai,PENDING,2024-01-15,divya7805@icici
C04189,RAHUL BOSE,09232243826,,1971-02-09,Hyderabad,Full KYC,14 Jun 2024,rahul3826@ybl
C02245,Arjun Gupta,7032898819,N/A,12/11/03,HYD,full_kyc,27-02-2024,
C02961,Suresh Kulkarni,+918361384543,suresh.kulkarni55@gmail.com,02-01-2000,HYD,FULL,2024-10-30,suresh4543@icici
C03717,MEERA GUPTA,6059327116,meera.gupta63@gmail.com,2000-06-19,Kolkata,full_kyc,2023-07-08,meera7116@icici
C00861,Ritu Patel,91-9362108796,ritu.patel11@gmail.com,"Oct 01, 1976",DELHI,Full KYC,03 Jan 2024,ritu8796@ybl
C02203,S. Verma,9160988351,suresh.verma21@gmail.com,2002-12-16,Lucknow,pending,2024-07-14,suresh8351@axl
C01951,R. Gupta,6207632317,rohan.gupta19@gmail.com,1973-11-22,Amdavad,full,06-11-2022,rohan2317@paytm
C03730,Deepak Menon,9247742871,deepak.menon77@gmail.com,"May 28, 1998",Delhi,Full KYC,04-12-2023,deepak2871@sbi
C00668,"Khan, Farhan",08892519754,NULL,"Feb 15, 1989",Delhi,min kyc,2023-11-11,farhan9754@axl
C01452,Farhan Mehta,9999765454,farhan.mehta66@gmail.com,2005-08-05,pune,minimum,24 Jul 2025,farhan5454@paytm
C00391,"Mehta, Sanjay",06987687577,,N/A,ahmedabad,FULL,2020-05-04,sanjay7577@icici
C05009,Karan Reddy,7414401746,karan.reddy45@gmail.com,29-05-1980,,min,06-06-2026,karan1746@axl
C01640,Suresh Kulkarni,8118638505,suresh.kulkarni4@gmail.com,1965-01-14,Poona,FULL,08-12-2022,suresh8505@sbi
C03769,SUNITA KULKARNI,8259015317,sunita.kulkarni34@gmail.com,1990-12-31,ahmedabad,pending,2021-12-27,sunita5317@okbank
C01892,Deepak Joshi,+916581250376,deepak.joshi20@gmail.com,"Nov 09, 1989",kolkata,Full KYC,24 Aug 2022,deepak0376@ybl
C04329,Divya Desai,6541383289,divya.desai4@gmail.com,14/04/91,Bangalore,full,2020-09-13,divya3289@axl
C01746,"Mehta, Pooja",8160525441,pooja.mehta74@gmail.com,1977-09-18,Amdavad,full,16 Oct 2019,pooja5441@hdfcbank
C02650,A. Pillai,7641824091,anjali.pillai59@gmail.com,"Jan 24, 2006",Bombay,FULL,18-08-2025,anjali4091@okbank
C02393,Rohan Pillai,6867011082,,1976-07-09,MUMBAI,full,05-09-2019,rohan1082@ybl
C02279,sunita das,9795334783,,23/05/73,lucknow,full_kyc,12-08-2022,sunita4783@icici
C02589,Priya Verma,6987897577,N/A,15-01-1971,MUMBAI,MIN,2021-03-22,priya7577@sbi
C02917,"Nair, Harsh",8851303649,N/A,1989-12-21,chennai,minimum,2023-11-08,harsh3649@okbank
C02338,FARHAN KHAN,8360636382,farhan.khan86@gmail.com,"Nov 01, 1990",Ahmedabad,PENDING,2020-12-24,farhan6382@sbi
C00603,Vikram  Khan ,7670071334,,26/03/74,Poona,min,14-01-2023,vikram1334@paytm
C02651,Karan  Bose ,09266263428,N/A,1981-01-30,lucknow,MIN,30 Aug 2023,karan3428@icici
C02548,Sneha Chopra,9765884813,unknown,,lucknow,FULL,08-03-2026,sneha4813@hdfcbank
C02691,Isha Kulkarni,63043 31489,isha.kulkarni78@gmail.com,1984-05-05,lucknow,Full KYC,24 Jul 2022,isha1489@hdfcbank
C00962,Sanjay Kulkarni,8818249137,,25-08-1971,HYD,FULL,2025-01-16,sanjay9137@hdfcbank
C02308,farhan das,6140640977,,2001-10-05,Pune,minimum,02-09-2024,farhan0977@paytm
C03466,Rohan Nair,9235006179,,1973-04-18,Lucknow,Full KYC,11-04-2025,rohan6179@paytm
C04865,Rohan Sharma,9255594172,unknown,"Aug 24, 2003",HYD,full,2024-02-27,rohan4172@ybl
C04299,ROHAN PILLAI,6089821981,rohan.pillai42@gmail.com,1975-05-02,Pune,min,15 May 2026,rohan1981@sbi
C03688,Neha Pillai,9780406538,neha.pillai88@gmail.com,1974-01-01,Bangalore,min,22-04-2021,neha6538@icici
C03802,NEHA YADAV,85076 83317,neha.yadav9@gmail.com,,Mumbai,min kyc,2022-12-06,neha3317@sbi
C02659,D. Das,6065546716,deepak.das38@gmail.com,"Jan 08, 1985",Chennai,MIN,02 Oct 2022,deepak6716@okbank
C04994,"Iyer, Sneha",91-7212125690,unknown,"Mar 08, 1969",bangalore,full,30-11-2024,sneha5690@hdfcbank
C04101,AMIT VERMA,91-8600307162,amit.verma10@gmail.com,"May 19, 1994",hyderabad,min kyc,10-01-2021,amit7162@sbi
C02356,"Yadav, Deepak",8665881610,,09/10/03,Chennai,Full KYC,2024-01-04,deepak1610@hdfcbank
C02944,SWATI JOSHI,8965967984,,1989-11-17,pune,full,22 May 2021,swati7984@axl
C00332,Deepak Iyer,6513387263,deepak.iyer79@gmail.com,"Jul 19, 1992",Bangalore,full,2020-08-09,deepak7263@paytm
C03027,"Reddy, Harsh",70309 36023,unknown,07-12-1977,Poona,full_kyc,17 Dec 2023,harsh6023@paytm
C90236,NISHA MEHTA,91-9567988876,nisha.mehta11@gmail.com,18/04/97,Ahmedabad,FULL,09-03-2023,
C00426,NISHA YADAV,91-9406744218,nisha.yadav6@gmail.com,07-01-1970,,Full KYC,03 Jun 2020,nisha4218@axl
C04359,Amit  Nair ,91-7259273425,N/A,24/04/96,delhi,min,18 Oct 2021,amit3425@icici
C03373,Deepak Gupta,9590579752,deepak.gupta81@gmail.com,"Dec 27, 1988",Mumbai,full,25 Dec 2020,deepak9752@okbank
C04701,Ritu Sharma,9352262026,NULL,08/12/02,Lucknow,full_kyc,2020-10-30,ritu2026@sbi
C02593,DIVYA IYER,7143541610,divya.iyer95@gmail.com,30/06/62,Kolkata,Full KYC,2024-02-07,divya1610@icici
C02461,Ritu Verma,91-8959770736,ritu.verma58@gmail.com,NULL,BLR,Full KYC,24 Aug 2025,ritu0736@sbi
C00855,"Nair, Karan",8743878253,karan.nair24@gmail.com,25/08/71,Delhi,min kyc,13-08-2021,karan8253@paytm
C90090,S. Kulkarni,+918576726574,sneha.kulkarni65@gmail.com,24/08/65,Kolkata,MIN,03-09-2020,sneha6574@paytm
C04024,Arjun Khan,6072518316,,N/A,ahmedabad,full_kyc,09-11-2019,arjun8316@axl
C90104,Isha Yadav,+919317384791,NULL,"Dec 20, 1976",delhi,,10-08-2025,
C02688,KAVITA VERMA,+919137855258,kavita.verma37@gmail.com,"Apr 30, 1995",Amdavad,full,05-11-2024,kavita5258@hdfcbank
C03473,DEEPAK VERMA,9409594930,N/A,1990-12-27,kolkata,full,06-04-2022,deepak4930@ybl
C03497,S. Khan,6816460874,sunita.khan37@gmail.com,N/A,kolkata,FULL,01-08-2023,sunita0874@icici
C04383,Vikram Singh,71048 24988,,1964-08-17,bangalore,minimum,2020-11-26,vikram4988@okbank
C90009,isha iyer,+916494649399,NULL,08/12/63,mumbai,min kyc,2021-04-22,
C01003,ROHAN YADAV,6803676073,rohan.yadav32@gmail.com,"Mar 18, 2001",Jaipur,Full KYC,18 May 2024,rohan6073@sbi
C04956,DIVYA PILLAI,06846104197,divya.pillai46@gmail.com,2005-12-11,Ahmedabad,full_kyc,21-03-2026,divya4197@axl
C90169,K. Pillai,+916046002379,unknown,02/05/63,Jaipur,,29-03-2021,
C00721,"Nair, Rahul",63351 02148,NULL,N/A,Hyderabad,Full KYC,2026-03-02,rahul2148@paytm
C01444,Priya Singh,+916494342744,priya.singh3@gmail.com,"Nov 26, 2001",bangalore,full,14 Dec 2019,priya2744@ybl
C03765,Sanjay  Iyer ,+917380983068,sanjay.iyer63@gmail.com,05-05-1964,lucknow,,08 Mar 2024,sanjay3068@hdfcbank
C90067,Neha Yadav,07540258068,NULL,12/07/61,chennai,full_kyc,25-04-2026,neha8068@hdfcbank
C04412,Vijay Mehta,91-8549168408,vijay.mehta32@gmail.com,10/01/05,Poona,full_kyc,11 Feb 2024,vijay8408@axl
C00344,Swati Iyer,6349639300,swati.iyer29@gmail.com,15-11-1993,Madras,minimum,14 Nov 2019,unknown
C05028,NEHA NAIR,6300176394,,"Jul 13, 1966",Chennai,minimum,14-06-2026,neha6394@icici
C01955,Rohan Nair,6486041502,unknown,17-04-1963,Chennai,min kyc,2026-01-28,rohan1502@hdfcbank
C90021,Arjun  Khan ,+916096748573,arjun.khan46@gmail.com,08/11/96,pune,NA,10 May 2026,arjun8573@hdfcbank
C03249,Rahul Iyer,8614685293,rahul.iyer61@gmail.com,1992-02-16,Delhi,min,2019-12-22,rahul5293@paytm
C02552,SURESH CHOPRA,9274868719,,N/A,mumbai,min kyc,29-10-2024,suresh8719@ybl
C03430,PRIYA REDDY,8737077084,,"Jun 17, 1973",Mumbai,PENDING,24 Dec 2024,priya7084@ybl
C02705,Ritu Pillai,7699918558,unknown,13-04-2002,hyderabad,full,2024-06-22,ritu8558@ybl
C03828,Amit Mehta,6634835062,N/A,26/11/67,Chennai,FULL,09 May 2024,amit5062@icici
C00741,A. Chopra,+919386696654,anjali.chopra80@gmail.com,"Mar 01, 1969",Jaipur,PENDING,10-06-2020,anjali6654@icici
C01089,POOJA VERMA,91-9851912075,pooja.verma43@gmail.com,27/07/92,Jaipur,min,20-10-2020,pooja2075@okbank
C01306,KARAN PATEL,91-6532184678,unknown,"Oct 11, 1978",pune,Full KYC,2021-09-12,karan4678@hdfcbank
C02804,Amit Desai,07499884724,unknown,N/A,BLR,PENDING,15-10-2020,amit4724@okbank
C04222,tarun reddy,+919477131515,tarun.reddy51@gmail.com,1983-01-13,,FULL,09-03-2022,tarun1515@icici
C04445,HARSH PATEL,9296483538,NULL,31/07/70,mumbai,min,15-09-2025,harsh3538@hdfcbank
C03647,ANJALI VERMA,09594173914,unknown,15/08/04,Bombay,pending,31-01-2024,anjali3914@hdfcbank
C01781,Priya Pillai,+918374586782,priya.pillai24@gmail.com,08/03/71,ahmedabad,full_kyc,2026-01-27,priya6782@sbi
C04840,Tarun Shaikh,7340581854,tarun.shaikh86@gmail.com,22/10/99,HYD,full_kyc,07-01-2022,tarun1854@icici
C04228,Karan Patel,+919739009574,karan.patel82@gmail.com,17-08-1980,Madras,Full KYC,21 Feb 2025,karan9574@paytm
C02983,"Menon, Suresh",+919194227860,suresh.menon97@gmail.com,1984-04-16,delhi,FULL,26 Jun 2024,suresh7860@paytm
C01676,Harsh Menon,8520251174,NULL,"May 03, 1996",Chennai,full_kyc,2024-06-05,harsh1174@sbi
C04056,POOJA MENON,91-8919360699,pooja.menon48@gmail.com,1978-08-30,Chennai,minimum,2021-08-27,pooja0699@hdfcbank
C01698,Meera  Desai ,91-6132901964,meera.desai35@gmail.com,1978-07-28,Poona,full,07-09-2019,meera1964@hdfcbank
C01237,Swati Gupta,86561 42473,,1976-12-06,kolkata,PENDING,19-11-2021,swati2473@paytm
C01831,A. Mehta,+916998157023,,27-08-1996,Kolkata,PENDING,28-07-2021,arjun7023@ybl
C00071,Ritu Iyer,91-8324357600,ritu.iyer73@gmail.com,1995-09-06,HYD,FULL,29 Aug 2019,ritu7600@hdfcbank
C01782,nisha verma,7673433157,nisha.verma84@gmail.com,09-03-1990,Pune,minimum,04 Nov 2024,nisha3157@okbank
C03387,arjun pillai,6520606299,unknown,"May 14, 1969",Mumbai,FULL,05 Mar 2025,arjun6299@paytm
C90250,Tarun Menon,9606936966,,12-12-1970,Calcutta,,27-08-2021,tarun6966@icici
C02532,Rahul Yadav,8017684961,rahul.yadav39@gmail.com,23/07/01,Jaipur,full_kyc,21 Oct 2025,rahul4961@ybl
C04869,VIJAY REDDY,+916561433916,vijay.reddy51@gmail.com,"Nov 01, 1989",,FULL,2020-09-21,vijay3916@sbi
C04723,"Desai, Amit",91-6471918205,amit.desai34@gmail.com,"May 15, 1996",Amdavad,Full KYC,19 Jul 2021,amit8205@sbi
C00906,Aarti Shaikh,+916111227834,,1995-08-15,Ahmedabad,full_kyc,2020-03-15,aarti7834@paytm
C01897,Karan Iyer,8437700307,karan.iyer97@gmail.com,07/05/79,hyderabad,min kyc,2025-07-24,karan0307@okbank
C02022,Manish  Pillai ,+916496937937,manish.pillai51@gmail.com,N/A,jaipur,Full KYC,27 Dec 2024,manish7937@icici
C01779,POOJA DESAI,8486103778,unknown,,Amdavad,NA,29 Apr 2021,pooja3778@sbi
C03516,Rohan Patel,6338547558,N/A,10/04/63,hyderabad,NA,28-10-2022,rohan7558@ybl
C01430,Arjun  Menon ,+916628757588,N/A,15/03/68,Hyderabad,FULL,2024-11-27,arjun7588@ybl
C02965,Vijay Yadav,91-9938789506,unknown,25/11/04,Poona,MIN,03 Sep 2023,vijay9506@axl
C02217,AARTI REDDY,6356457166,aarti.reddy55@gmail.com,16-09-1993,DELHI,full,2025-07-31,aarti7166@axl
C00984,Meera Reddy,9298696553,,20/04/96,Chennai,,10 Oct 2021,meera6553@axl
C03541,Harsh Patel,91-7184897641,harsh.patel79@gmail.com,17/03/69,lucknow,Full KYC,2025-04-18,harsh7641@axl
C04303,rohan verma,6033841174,,24-02-2005,kolkata,full,2024-11-18,rohan1174@hdfcbank
C01139,Sanjay Reddy,07874196849,sanjay.reddy76@gmail.com,28/11/76,ahmedabad,MIN,2025-07-08,sanjay6849@axl
C03849,N. Iyer,+917331493873,nisha.iyer76@gmail.com,"May 17, 1964",Bangalore,full,02-12-2022,nisha3873@okbank
C00553,Farhan Shaikh,7116933920,farhan.shaikh74@gmail.com,26/11/61,Pune,full_kyc,27 May 2020,farhan3920@icici
C01008,Tarun  Sharma ,+916713503318,tarun.sharma65@gmail.com,1961-02-01,MUMBAI,min,04-06-2024,tarun3318@icici
C03940,Imran Sharma,8183659622,imran.sharma70@gmail.com,30/01/62,Lucknow,Full KYC,21 Feb 2020,imran9622@icici
C04001,Vikram  Khan ,08193445760,NULL,06-07-2001,Kolkata,minimum,2023-08-18,vikram5760@okbank
C90216,Sunita Das,7969996041,sunita.das4@gmail.com,1981-03-12,Bangalore,full_kyc,02 Dec 2024,sunita6041@icici
C02686,rohan shaikh,91-6399341492,rohan.shaikh24@gmail.com,1968-12-14,Pune,Full KYC,27-11-2020,rohan1492@icici
C04633,tarun gupta,7672453485,tarun.gupta19@gmail.com,12/04/05,Bombay,Full KYC,2026-04-01,tarun3485@ybl
C02668,V. Patel,08030975142,vijay.patel71@gmail.com,01/10/92,Amdavad,Full KYC,05-10-2022,vijay5142@paytm
C04319,Kavita Mehta,6109950498,kavita.mehta21@gmail.com,N/A,Chennai,min kyc,09 Sep 2020,kavita0498@sbi
C02316,"Nair, Anjali",8046505661,anjali.nair86@gmail.com,1977-03-24,MUMBAI,min,2021-12-16,anjali5661@sbi
C04045,Suresh Reddy,9627574709,suresh.reddy81@gmail.com,N/A,DELHI,full_kyc,2024-12-21,
C03597,SNEHA VERMA,8102129019,sneha.verma65@gmail.com,1987-07-27,ahmedabad,PENDING,15 Nov 2025,sneha9019@okbank
C02903,Sneha Iyer,+916153073529,sneha.iyer47@gmail.com,28-08-1976,BLR,full,12 Nov 2020,sneha3529@ybl
C02513,Divya  Yadav ,9865019763,,31-08-1997,mumbai,FULL,2022-09-18,divya9763@axl
C00359,Ritu Shaikh,08191505798,ritu.shaikh31@gmail.com,2005-05-02,Delhi,full_kyc,20 Feb 2024,ritu5798@ybl
C01880,Deepak Joshi,7705716321,unknown,1993-12-07,delhi,Full KYC,2025-03-03,deepak6321@okbank
C04196,harsh bose,+918847128140,N/A,25-08-2001,Lucknow,full,09 Jun 2022,harsh8140@okbank
C00210,Aarti Pillai,91-6899452007,aarti.pillai71@gmail.com,16-09-2004,Chennai,FULL,15 Oct 2023,aarti2007@okbank
C01753,Divya Kulkarni,6688296339,divya.kulkarni16@gmail.com,04/01/90,HYD,full,04 Aug 2024,divya6339@okbank
C90132,Karan Iyer,7456425724,NULL,"Aug 17, 1980",Poona,min,17 Nov 2019,karan5724@paytm
C00471,"Shaikh, Amit",7671212764,amit.shaikh86@gmail.com,08-07-2003,Delhi,minimum,13-10-2020,amit2764@icici
C04622,RITU GUPTA,+916700989120,,30-10-1969,jaipur,full_kyc,2023-12-04,ritu9120@paytm
C04041,MANISH PATEL,7609038351,manish.patel66@gmail.com,"Mar 12, 1984",jaipur,Full KYC,20-04-2021,manish8351@axl
C01785,"Bose, Farhan",7681919741,farhan.bose9@gmail.com,"Oct 27, 1961",HYD,full_kyc,08-12-2022,farhan9741@sbi
C04206,Vijay Joshi,7495762364,,12-11-1985,chennai,minimum,2021-11-06,vijay2364@okbank
C00239,"Menon, Deepak",8942034105,deepak.menon57@gmail.com,25/03/73,Madras,Full KYC,2020-06-01,deepak4105@okbank
C02710,vikram sharma,6560587853,vikram.sharma92@gmail.com,"Feb 04, 1988",DELHI,full,26-05-2022,vikram7853@hdfcbank
C00834,Harsh Chopra,91-9995907096,harsh.chopra5@gmail.com,30/07/84,Delhi,pending,11-03-2024,harsh7096@ybl
C01031,Amit Yadav,6095635242,amit.yadav26@gmail.com,"Aug 31, 1981",Chennai,MIN,02-06-2022,amit5242@hdfcbank
C01887,Divya Verma,96768 74819,divya.verma89@gmail.com,20/01/67,Hyderabad,full,24-05-2023,divya4819@ybl
C00621,Suresh Singh,8892707645,suresh.singh1@gmail.com,2003-03-09,Kolkata,full_kyc,27-09-2021,suresh7645@paytm
C02613,Divya Nair,7319242621,divya.nair65@gmail.com,25/05/68,Bangalore,Full KYC,11 Sep 2019,divya2621@icici
C04965,Rohan  Verma ,91-9422035056,rohan.verma89@gmail.com,29/12/88,New Delhi,min,29-10-2024,rohan5056@ybl
C04543,DIVYA BOSE,6209197265,divya.bose10@gmail.com,"Dec 19, 1974",jaipur,full_kyc,30-11-2021,divya7265@axl
C04664,Vijay Reddy,6167096814,,"Sep 23, 1994",chennai,min,22-05-2022,vijay6814@hdfcbank
C04548,Manish Singh,91-6271704661,NULL,23/09/78,Calcutta,,2022-10-31,manish4661@icici
C01930,Neha Pillai,91-8538738647,N/A,"Sep 01, 1964",Bombay,full_kyc,30-11-2019,neha8647@axl
C00995,Vijay Chopra,8738023091,unknown,1981-09-16,Lucknow,FULL,09-07-2023,vijay3091@hdfcbank
C02441,Farhan Chopra,6357310882,farhan.chopra65@gmail.com,05-07-1988,Madras,full,02 Apr 2024,farhan0882@hdfcbank
C02692,"Joshi, Vikram",8063641030,vikram.joshi10@gmail.com,16/04/63,lucknow,FULL,11 Apr 2021,vikram1030@ybl
C03588,"Desai, Fatima",+919035840574,fatima.desai45@gmail.com,01/04/67,,PENDING,21 Jul 2024,fatima0574@hdfcbank
C03139,sneha reddy,91-9640545828,sneha.reddy91@gmail.com,1999-09-08,HYD,NA,13-10-2021,sneha5828@icici
C02337,"Yadav, Isha",9317384791,NULL,1976-12-20,Delhi,Full KYC,2025-08-10,isha4791@sbi
C03539,Anjali Das,8743329835,anjali.das30@gmail.com,"Oct 23, 1969",Amdavad,full_kyc,2025-09-19,anjali9835@ybl
C01362,Ritu Menon,06843818966,ritu.menon57@gmail.com,1977-01-25,kolkata,MIN,16 Aug 2025,ritu8966@okbank
C02324,Rahul Sharma,7373238742,rahul.sharma43@gmail.com,07/01/69,kolkata,FULL,07-11-2024,rahul8742@paytm
C04990,A. Pillai,09362376475,aarti.pillai29@gmail.com,30-11-1972,Bombay,Full KYC,2020-11-30,aarti6475@sbi
C01679,Sneha  Reddy ,9941096085,sneha.reddy12@gmail.com,30/04/96,DELHI,MIN,2022-02-08,sneha6085@hdfcbank
C00828,Nisha Desai,+918685650820,nisha.desai51@gmail.com,NULL,Calcutta,min,04 Feb 2025,nisha0820@ybl
C90290,SANJAY MEHTA,90282 61525,,14/07/72,New Delhi,PENDING,14 May 2021,sanjay1525@axl
C04750,Meera Shaikh,+918344394707,meera.shaikh7@gmail.com,"Apr 11, 1987",Bangalore,FULL,03 Dec 2024,meera4707@ybl
C03056,DEEPAK SHARMA,8185421607,deepak.sharma78@gmail.com,31-08-1989,Kolkata,min kyc,2020-02-18,deepak1607@ybl
C01238,Fatima Kulkarni,+917326094149,fatima.kulkarni31@gmail.com,1980-08-30,Poona,FULL,2019-11-23,fatima4149@axl
C01210,Pooja  Pillai ,9619766308,pooja.pillai4@gmail.com,"Dec 14, 1969",bangalore,,2020-05-12,pooja6308@icici
C02634,SURESH NAIR,95576 45935,suresh.nair78@gmail.com,07/02/05,lucknow,MIN,2022-06-06,suresh5935@sbi
C02750,"Chopra, Ritu",8281602958,ritu.chopra34@gmail.com,"Nov 11, 1961",Lucknow,full_kyc,2026-05-02,ritu2958@okbank
C00267,Nisha Reddy,7099843424,,"Oct 02, 1964",lucknow,MIN,24 Feb 2022,nisha3424@axl
C00602,Nisha Kulkarni,08092991425,nisha.kulkarni56@gmail.com,"Jul 25, 1963",Bengaluru,Full KYC,2023-01-17,nisha1425@icici
C01921,kavita verma,9718318676,kavita.verma60@gmail.com,26-11-2005,Madras,Full KYC,11-09-2019,kavita8676@icici
C02288,Suresh Menon,6220423431,,1996-01-08,delhi,pending,2023-09-18,suresh3431@hdfcbank
C00489,V. Gupta,6209059903,vikram.gupta61@gmail.com,"Jul 03, 1973",HYD,full_kyc,26-03-2020,vikram9903@sbi
C00809,Rohan  Bose ,79303 15750,rohan.bose15@gmail.com,23-02-2003,Mumbai,full_kyc,21-09-2023,rohan5750@sbi
C03467,Priya Iyer,6935725136,unknown,1976-02-10,Calcutta,min kyc,2024-01-22,priya5136@okbank
C00096,Nisha Gupta,+916571444256,nisha.gupta15@gmail.com,24-04-2003,Bombay,min kyc,07-08-2020,nisha4256@ybl
C00913,Tarun Desai,6394781862,tarun.desai27@gmail.com,1981-11-12,Mumbai,min,16-09-2019,tarun1862@icici
C03917,Deepak Kulkarni,7867210563,deepak.kulkarni23@gmail.com,01-05-1971,bangalore,PENDING,2023-07-03,deepak0563@icici
C01324,Isha  Chopra ,91-7852736629,unknown,"Sep 10, 1966",kolkata,Full KYC,23 Feb 2020,isha6629@paytm
C01902,Pooja Verma,7126826936,unknown,02/04/89,Chennai,MIN,2026-02-05,pooja6936@sbi
C01891,rahul desai,91-9234904870,NULL,"Dec 13, 1968",Amdavad,FULL,2022-01-18,rahul4870@ybl
C00207,"Nair, Sneha",6522364065,sneha.nair10@gmail.com,1966-09-04,lucknow,full,2025-08-08,sneha4065@paytm
C03878,Fatima Patel,09688054656,NULL,1971-09-05,Madras,min kyc,2021-07-27,fatima4656@okbank
C00043,HARSH SHARMA,+919413767259,unknown,22-04-2000,jaipur,Full KYC,25 Sep 2023,harsh7259@axl
C02109,FATIMA KHAN,6384614241,fatima.khan30@gmail.com,1989-10-28,MUMBAI,min,25 Sep 2022,fatima4241@hdfcbank
C03562,Arjun Verma,06804444916,arjun.verma75@gmail.com,03-06-1983,Pune,full_kyc,29 Apr 2023,arjun4916@paytm
C04290,Neha Mehta,+919707722969,,"Jun 27, 1985",Madras,full_kyc,01 Apr 2022,neha2969@icici
C03961,Amit Verma,9899159498,,"Nov 05, 1991",pune,full_kyc,08-03-2020,amit9498@okbank
C03883,Arjun Shaikh,8710158009,unknown,"Mar 10, 1970",Chennai,Full KYC,13 Feb 2025,arjun8009@sbi
C04276,ritu khan,7089301565,ritu.khan59@gmail.com,"Apr 17, 1992",BLR,full_kyc,2023-08-10,ritu1565@sbi
C02335,Anjali Bose,90765 34170,anjali.bose61@gmail.com,03-01-1989,chennai,FULL,2024-09-07,anjali4170@sbi
C05000,"Gupta, Karan",+918879559076,karan.gupta58@gmail.com,18/02/95,ahmedabad,MIN,15-09-2025,karan9076@ybl
C02566,Priya  Chopra ,+917270229783,priya.chopra76@gmail.com,1977-11-15,hyderabad,Full KYC,2023-03-27,priya9783@icici
C04532,Suresh Pillai,7533379280,suresh.pillai78@gmail.com,"May 23, 1970",Bengaluru,pending,23-08-2023,suresh9280@icici
C04202,Ritu  Kulkarni ,+916610848755,unknown,"Mar 30, 1992",Mumbai,pending,2022-05-27,ritu8755@ybl
C04960,sunita desai,89463 06160,sunita.desai66@gmail.com,"Jul 30, 1992",Bangalore,full,08-01-2024,sunita6160@axl
C03474,AARTI KHAN,9644484265,aarti.khan75@gmail.com,13/09/90,Hyderabad,min,14-05-2025,aarti4265@axl
C03595,F. Reddy,91-8470920456,,04-03-1988,pune,Full KYC,05 Aug 2022,farhan0456@ybl
C00405,swati patel,91-7080641008,swati.patel98@gmail.com,1997-01-14,Delhi,min,22-10-2021,swati1008@ybl
C00111,S. Gupta,+919309896449,suresh.gupta72@gmail.com,13-03-1995,ahmedabad,full,30-09-2021,suresh6449@sbi
C01636,M. Verma,6549297665,,20-04-1962,HYD,Full KYC,29-11-2020,meera7665@hdfcbank
C00600,Arjun Yadav,8016115335,arjun.yadav5@gmail.com,15/01/64,chennai,min,2022-05-24,arjun5335@hdfcbank
C00519,Arjun Bose,+917126880847,N/A,06/07/89,,Full KYC,10 Nov 2025,arjun0847@hdfcbank
C00196,Farhan Shaikh,06211828137,farhan.shaikh12@gmail.com,"Mar 04, 1965",Lucknow,full_kyc,2021-05-13,farhan8137@sbi
C90213,Anjali Sharma,07366790688,anjali.sharma51@gmail.com,"Aug 05, 1981",Mumbai,Full KYC,2023-08-30,anjali0688@ybl
C04072,Rahul Bose,9603761661,,N/A,Kolkata,full,13-05-2021,rahul1661@ybl
C03486,"Bose, Neha",6187261730,unknown,"Apr 13, 1965",Bengaluru,min,25 Aug 2023,neha1730@icici
C04858,"Sharma, Fatima",91-6187376404,,1963-08-07,DELHI,FULL,23-09-2024,fatima6404@sbi
C00814,Priya Das,7551939480,,01-07-1991,Bombay,Full KYC,2025-10-09,priya9480@hdfcbank
C04567,Priya Mehta,+919536552647,NULL,"Jul 16, 1991",MUMBAI,min,27 Feb 2023,priya2647@ybl
C90252,Vijay Sharma,8560760219,unknown,20-02-2000,delhi,min,03 Sep 2023,vijay0219@sbi
C04028,I. Kulkarni,+916211129202,N/A,"Feb 01, 1969",HYD,full,03-12-2024,imran9202@axl
C04608,Rohan Reddy,9463557784,N/A,09/08/89,ahmedabad,full,25-05-2025,rohan7784@hdfcbank
C01950,fatima iyer,09917228308,fatima.iyer8@gmail.com,1986-06-24,Jaipur,full,06-07-2025,fatima8308@axl
C02673,Vijay Yadav,99207 81620,vijay.yadav21@gmail.com,"Aug 31, 1967",lucknow,Full KYC,08-07-2021,vijay1620@axl
C04563,"Bose, Fatima",8589569384,fatima.bose2@gmail.com,"Apr 26, 1971",HYD,pending,16 Jul 2025,fatima9384@sbi
C90153,Amit Khan,76866 60785,NULL,07-04-1998,hyderabad,NA,17 Feb 2024,amit0785@axl
C03226,"Bose, Swati",7743018761,NULL,12/01/63,kolkata,minimum,04-05-2024,swati8761@okbank
C03969,Sneha Chopra,+916728737377,sneha.chopra53@gmail.com,"Apr 21, 1993",BLR,min kyc,23 Jun 2024,sneha7377@ybl
C00588,ANJALI REDDY,7653041352,anjali.reddy36@gmail.com,1962-04-08,Poona,full_kyc,2021-08-21,anjali1352@icici
C02036,ISHA IYER,8487491299,N/A,"Jun 18, 1997",Chennai,FULL,2022-03-31,isha1299@hdfcbank
C02897,Karan  Menon ,07277504546,karan.menon75@gmail.com,"Jul 27, 1993",jaipur,Full KYC,02-04-2024,karan4546@sbi
C02312,amit sharma,+918055755189,,11/05/62,lucknow,full_kyc,2024-05-25,amit5189@axl
C04046,KARAN KULKARNI,07860448562,karan.kulkarni60@gmail.com,14-12-1985,Mumbai,min,24-01-2025,karan8562@axl
C01421,Fatima Pillai,9786913330,fatima.pillai34@gmail.com,NULL,Jaipur,NA,27 Mar 2022,fatima3330@axl
C04677,F. Khan,+918920778713,unknown,1977-02-21,Kolkata,MIN,29 Apr 2023,farhan8713@okbank
C03936,Harsh Chopra,61384 36941,NULL,19-03-1990,Lucknow,full,13-08-2020,harsh6941@hdfcbank
C04684,sunita das,77027 52772,,"Aug 28, 1961",Jaipur,minimum,09-06-2022,sunita2772@paytm
C02385,Deepak Nair,08533593911,deepak.nair58@gmail.com,1978-02-22,Bombay,FULL,14 May 2026,deepak3911@icici
C00473,Anjali Singh,8397281063,anjali.singh31@gmail.com,1986-08-07,jaipur,FULL,2025-04-15,anjali1063@sbi
C04551,NISHA DESAI,6485704961,nisha.desai82@gmail.com,"Nov 23, 1999",Pune,minimum,27-02-2024,nisha4961@okbank
C02968,Fatima Patel,91-9859878563,unknown,03/06/97,BLR,min,29 Jun 2023,fatima8563@ybl
C02365,SURESH PATEL,+917054276253,suresh.patel20@gmail.com,06-05-1976,pune,minimum,2023-06-26,suresh6253@paytm
C03682,Priya Menon,08737427544,NULL,22/04/04,pune,FULL,04 Apr 2025,priya7544@sbi
C01127,S. Gupta,6281409620,unknown,2000-01-20,hyderabad,full,2024-03-04,swati9620@axl
C04238,Arjun  Shaikh ,6860824738,N/A,2002-09-09,New Delhi,full,24-11-2019,arjun4738@hdfcbank
C90237,tarun iyer,65340 07190,NULL,"Jul 12, 1993",DELHI,MIN,10-03-2021,tarun7190@paytm
C03659,S. Chopra,63593 19910,,27/02/95,ahmedabad,min,22 Jun 2022,sanjay9910@okbank
C02156,TARUN DAS,08686338744,unknown,31-05-1997,Chennai,Full KYC,20-12-2021,tarun8744@hdfcbank
C04152,"Nair, Ritu",7267118970,,13-09-1988,Lucknow,min kyc,02-12-2020,ritu8970@icici
C01848,meera sharma,6767974318,meera.sharma78@gmail.com,"May 29, 1985",Ahmedabad,full,2024-11-06,meera4318@okbank
C01798,Anjali Menon,91-9174884578,anjali.menon47@gmail.com,"Jul 19, 1992",hyderabad,min kyc,2022-02-27,anjali4578@okbank
C00345,D. Das,91-9362659033,divya.das30@gmail.com,1962-10-08,ahmedabad,full,01 Apr 2021,divya9033@axl
C01879,Rohan Nair,91-8377892890,rohan.nair47@gmail.com,11/06/70,jaipur,FULL,2019-12-17,rohan2890@paytm
C90063,Priya  Yadav ,91-9684657852,NULL,"Oct 20, 2003",hyderabad,minimum,2021-05-20,
C04353,S. Das,+916915542880,suresh.das33@gmail.com,1964-05-04,ahmedabad,FULL,2022-12-08,suresh2880@sbi
C01413,Karan Menon,7011293452,unknown,"Jun 23, 1996",mumbai,Full KYC,02-03-2026,karan3452@hdfcbank
C02401,"Chopra, Sneha",+917576888580,,"Apr 16, 1967",Bangalore,full_kyc,23 Nov 2024,sneha8580@axl
C03355,"Bose, Isha",87510 63265,,13/11/95,jaipur,minimum,2021-07-22,isha3265@sbi
C03722,Sunita  Patel ,+919569526273,sunita.patel16@gmail.com,16-02-1974,Bangalore,FULL,2023-03-13,sunita6273@sbi
C01032,"Bose, Swati",08174338512,,25-03-1979,MUMBAI,Full KYC,09 Dec 2020,NULL
C00530,I. Khan,6640981703,imran.khan88@gmail.com,06/07/03,,FULL,2023-08-23,imran1703@sbi
C03914,KAVITA PILLAI,7843404671,N/A,1987-08-13,lucknow,,16-06-2023,kavita4671@axl
C02201,AMIT YADAV,7066833087,amit.yadav52@gmail.com,2002-09-13,Calcutta,full,06 Nov 2025,amit3087@ybl
C04306,F. Desai,93150 00448,farhan.desai19@gmail.com,"Jan 09, 1996",Calcutta,minimum,24 Oct 2020,farhan0448@axl
C00629,Anjali Verma,07255457361,anjali.verma42@gmail.com,1971-06-12,Jaipur,FULL,15-03-2024,anjali7361@okbank
C04899,Divya  Singh ,75433 23474,N/A,"May 22, 1981",jaipur,full,03 May 2022,divya3474@ybl
C03244,Amit Patel,7489009560,NULL,26-08-1980,jaipur,Full KYC,26-02-2025,amit9560@okbank
C01684,ARJUN REDDY,9280313448,,"Jun 17, 1992",,FULL,17 Jun 2023,arjun3448@axl
C03759,Ritu Singh,9994276857,ritu.singh66@gmail.com,"Jul 19, 2003",Pune,full,17 Nov 2025,ritu6857@okbank
C02655,A. Verma,+919449854477,NULL,04/04/04,Delhi,full,2025-08-29,amit4477@icici
C00122,S. Shaikh,7660677017,,"Nov 04, 1974",Calcutta,Full KYC,2025-03-22,sanjay7017@okbank
C04558,Ritu Gupta,91-7735721997,NULL,25/10/97,Bombay,pending,2023-04-13,ritu1997@okbank
C03280,aarti verma,7496742492,aarti.verma77@gmail.com,"Sep 08, 1987",MUMBAI,Full KYC,2021-04-19,aarti2492@okbank
C04259,Isha Reddy,+919731406168,unknown,,lucknow,full,2025-11-10,isha6168@okbank
C02154,Nisha Verma,+918588667589,nisha.verma59@gmail.com,1963-08-17,Delhi,full_kyc,25 Jul 2024,nisha7589@paytm
C02158,H. Menon,9985288796,harsh.menon71@gmail.com,17-03-2000,kolkata,Full KYC,18-02-2023,harsh8796@icici
C00948,NEHA MEHTA,07476809619,neha.mehta66@gmail.com,"Jan 11, 2004",BLR,minimum,28 Apr 2023,neha9619@paytm
C00143,arjun khan,+919642811734,arjun.khan35@gmail.com,"Jul 18, 1973",pune,full,21-06-2025,arjun1734@ybl
C04401,isha singh,95028 25984,,1999-05-09,lucknow,full,21-06-2021,isha5984@icici
C04689,"Desai, Harsh",+919515716943,harsh.desai34@gmail.com,"Jan 08, 1983",kolkata,full_kyc,09 Sep 2019,harsh6943@okbank
C02136,Neha Mehta,+918146186375,,18/10/02,Bengaluru,full_kyc,26 Feb 2020,
C03933,Amit  Bose ,91-7403016035,amit.bose15@gmail.com,26/01/04,mumbai,min kyc,2025-12-19,amit6035@icici
C00123,DIVYA NAIR,6114540305,divya.nair28@gmail.com,08-02-1990,Kolkata,FULL,2021-10-11,divya0305@sbi
C04864,KAVITA CHOPRA,7128292253,kavita.chopra15@gmail.com,29/05/63,Poona,MIN,20-06-2021,kavita2253@icici
C04174,Vijay  Mehta ,+919488364296,vijay.mehta10@gmail.com,11-02-2005,Madras,FULL,03-01-2023,vijay4296@ybl
C02676,N. Das,8962143898,neha.das77@gmail.com,"Mar 08, 1985",pune,min,06-09-2022,neha3898@sbi
C04248,Farhan Pillai,+918726289345,NULL,,Pune,NA,11-12-2021,farhan9345@hdfcbank
C01554,SWATI CHOPRA,6690375026,,1997-01-05,Kolkata,full,14 Feb 2021,swati5026@hdfcbank
C04959,Farhan Kulkarni,91-7172147129,farhan.kulkarni7@gmail.com,"Nov 18, 1977",Mumbai,min,25-05-2026,farhan7129@okbank
C00771,V. Mehta,8574169559,N/A,27-10-1979,Jaipur,minimum,02 May 2022,vikram9559@ybl
C01492,Rohan Yadav,06857888678,rohan.yadav42@gmail.com,12/12/94,lucknow,full_kyc,04-01-2023,rohan8678@axl
C01277,Pooja  Khan ,07145501852,pooja.khan45@gmail.com,"Dec 25, 1993",Calcutta,FULL,31-10-2020,pooja1852@okbank
C01096,Priya Khan,7574031867,,09/06/02,BLR,full,12-02-2022,priya1867@okbank
C01402,Pooja  Joshi ,09123074683,pooja.joshi38@gmail.com,31-10-1980,,min,31-12-2021,pooja4683@sbi
C00606,Karan Bose,6679611243,,1977-02-20,Kolkata,FULL,05 Dec 2022,karan1243@sbi
C03078,Fatima Iyer,6321622910,,1991-09-21,kolkata,PENDING,12 Feb 2024,fatima2910@axl
C04836,KARAN SHAIKH,97639 54467,NULL,01-01-1983,hyderabad,full_kyc,2020-06-15,karan4467@ybl
C05006,Kavita  Khan ,+916380957875,kavita.khan36@gmail.com,"May 21, 1987",Mumbai,min kyc,09-06-2026,kavita7875@paytm
C03621,fatima chopra,91-9479223839,NULL,14-12-1975,Chennai,min kyc,08 Jan 2025,fatima3839@okbank
C01000,"Das, Pooja",9870990884,pooja.das18@gmail.com,27-03-1964,pune,Full KYC,19-06-2022,pooja0884@okbank
C02482,Tarun Iyer,06534007190,tarun.iyer76@gmail.com,NULL,New Delhi,minimum,2021-03-10,tarun7190@paytm
C01520,harsh iyer,+916047506243,harsh.iyer66@gmail.com,"Jan 27, 1987",Ahmedabad,full_kyc,09-05-2024,harsh6243@okbank
C04490,Farhan Kulkarni,8564845315,,1992-10-17,Bengaluru,full_kyc,04 Apr 2021,farhan5315@hdfcbank
C01528,swati joshi,9913813709,N/A,13-04-1975,chennai,FULL,2021-07-14,swati3709@hdfcbank
C01406,Farhan Yadav,8067256914,farhan.yadav63@gmail.com,18-10-1971,delhi,min kyc,2020-11-20,farhan6914@sbi
C01666,Isha Kulkarni,8617730642,isha.kulkarni64@gmail.com,1968-05-17,,MIN,2023-06-19,N/A
C03025,Kavita Chopra,8065369521,unknown,16/07/81,Madras,FULL,2020-02-15,kavita9521@axl
C02399,NISHA SHARMA,7785078705,nisha.sharma4@gmail.com,03/04/71,Bangalore,min,08 May 2021,nisha8705@axl
C01247,Nisha Reddy,8510572798,unknown,"Apr 15, 2005",Lucknow,Full KYC,03 Aug 2025,nisha2798@paytm
C00534,Suresh Mehta,+916449729464,unknown,"Jun 24, 1974",ahmedabad,,2020-02-27,suresh9464@axl
C02642,Isha Joshi,7961011851,isha.joshi50@gmail.com,25/07/91,New Delhi,NA,2022-08-21,isha1851@okbank
C00271,Neha Iyer,8561817437,neha.iyer70@gmail.com,2001-01-13,hyderabad,min kyc,05 Feb 2025,neha7437@ybl
C01294,farhan khan,8299557114,NULL,28/09/73,DELHI,full_kyc,04 Jan 2021,farhan7114@paytm
C02993,VIKRAM GUPTA,+916600548261,,"Mar 18, 1993",Jaipur,full_kyc,2024-01-11,vikram8261@paytm
C04799,fatima singh,6027361890,unknown,"Nov 22, 1964",Kolkata,full,20 May 2021,fatima1890@sbi
C02911,Amit Chopra,6046334221,,23-07-1998,Jaipur,min,2023-02-01,amit4221@paytm
C04731,M. Chopra,+916920536522,meera.chopra38@gmail.com,1971-10-05,Bangalore,min,2024-06-24,meera6522@sbi
C00381,aarti chopra,8212746275,N/A,,Bengaluru,min kyc,2021-10-12,aarti6275@sbi
C00265,meera shaikh,8498927117,NULL,"Dec 10, 1984",lucknow,full,30-10-2023,meera7117@icici
C00786,Sanjay Verma,8946200951,,"Oct 17, 2003",Bombay,full,14 May 2022,sanjay0951@sbi
C04982,Farhan Singh,+917878599021,farhan.singh30@gmail.com,29-03-1964,ahmedabad,full_kyc,11 Jun 2023,farhan9021@hdfcbank
C02351,Suresh Nair,8737228511,suresh.nair45@gmail.com,10-09-1996,Madras,minimum,03 Mar 2026,suresh8511@sbi
C00818,F. Kulkarni,+918472291740,farhan.kulkarni31@gmail.com,1980-03-04,Kolkata,Full KYC,16-07-2022,farhan1740@ybl
C02543,vijay sharma,60067 47126,vijay.sharma3@gmail.com,05-06-1982,,full,17-02-2026,vijay7126@icici
C04512,Amit  Yadav ,60077 89473,amit.yadav93@gmail.com,"Aug 02, 1996",,Full KYC,23-02-2026,amit9473@icici
C03148,Anjali Singh,86903 56445,,09-09-1995,Lucknow,full,2023-05-14,anjali6445@icici
C04304,PRIYA JOSHI,7364998675,priya.joshi34@gmail.com,2004-01-23,Madras,pending,2020-11-12,priya8675@icici
C04109,"Iyer, Swati",78542 97686,swati.iyer76@gmail.com,17-11-1981,bangalore,,06-08-2021,swati7686@paytm
C00976,Deepak Patel,8092076325,,1969-03-12,lucknow,MIN,10 Oct 2019,deepak6325@ybl
C02132,Meera Pillai,7722503536,meera.pillai56@gmail.com,"Jul 28, 1971",New Delhi,min kyc,2024-06-17,meera3536@icici
C01850,"Iyer, Neha",91-9007151073,neha.iyer69@gmail.com,02/05/74,Hyderabad,min kyc,2024-04-13,neha1073@icici
C00679,DIVYA VERMA,7098702260,divya.verma66@gmail.com,24-03-1995,pune,,10-02-2025,divya2260@paytm
C01434,MANISH DESAI,6439760727,unknown,1963-12-24,lucknow,minimum,2020-12-17,manish0727@axl
C05013,Rohan Das,6004898810,rohan.das65@gmail.com,16/12/81,HYD,min kyc,10-06-2026,rohan8810@icici
C02670,S. Kulkarni,72890 39592,sanjay.kulkarni96@gmail.com,10-02-1996,New Delhi,full,29-04-2025,sanjay9592@ybl
C03617,Rohan Singh,91-6893896056,rohan.singh52@gmail.com,28-12-2004,Bangalore,full,26-10-2020,rohan6056@paytm
C00833,Divya Gupta,82845 30987,divya.gupta51@gmail.com,06-12-1997,,FULL,21-07-2022,divya0987@okbank
C03374,SURESH DESAI,90420 94534,suresh.desai59@gmail.com,08-09-1972,Kolkata,minimum,01-12-2020,suresh4534@sbi
C00156,Priya Khan,6089183665,priya.khan93@gmail.com,22-03-1984,DELHI,FULL,10-09-2025,priya3665@ybl
C00870,Nisha Khan,06176131906,nisha.khan28@gmail.com,N/A,Jaipur,full_kyc,28 Jul 2022,nisha1906@axl
C02291,Fatima Yadav,+919996866771,fatima.yadav25@gmail.com,14-05-1995,,full_kyc,2025-07-11,fatima6771@icici
C04614,MEERA BOSE,98911 43203,N/A,1993-03-04,Mumbai,,23 Apr 2020,meera3203@axl
C02284,Karan Chopra,8521009470,,NULL,kolkata,full,2022-08-20,karan9470@paytm
C00694,Tarun Kulkarni,9310689518,tarun.kulkarni27@gmail.com,13/02/05,lucknow,full_kyc,10 Aug 2022,tarun9518@okbank
C04849,Suresh Gupta,8339347766,,23/04/62,chennai,FULL,29-08-2024,suresh7766@sbi
C04103,ANJALI PATEL,9522243697,anjali.patel33@gmail.com,15/08/96,DELHI,FULL,2022-07-28,anjali3697@ybl
C03398,ROHAN SHARMA,9621098469,NULL,2005-06-25,Jaipur,NA,2024-04-11,rohan8469@sbi
C01479,Neha Das,+916639751450,NULL,1975-01-02,jaipur,FULL,25 May 2026,neha1450@axl
C00162,Suresh Das,6393131197,unknown,2004-09-16,Madras,Full KYC,12 Feb 2020,suresh1197@axl
C02322,Vikram Das,9588268357,vikram.das35@gmail.com,1986-01-28,jaipur,,2025-06-26,vikram8357@hdfcbank
C01942,Sunita Das,9222513932,sunita.das39@gmail.com,20-10-1989,Jaipur,FULL,2025-07-21,sunita3932@paytm
C03893,Sanjay Reddy,8484608409,,1999-10-04,Lucknow,full_kyc,01 Jul 2023,sanjay8409@okbank
C03564,FARHAN NAIR,+916480120061,farhan.nair19@gmail.com,"Aug 23, 1984",,PENDING,17 Jan 2022,NULL
C01186,MEERA BOSE,06942494232,NULL,1964-02-07,Chennai,min kyc,07-07-2024,meera4232@icici
C02046,VIJAY DAS,6216856506,,21/09/89,chennai,full_kyc,20 Sep 2024,vijay6506@ybl
C03947,S. Yadav,6800700316,suresh.yadav87@gmail.com,1990-02-13,Delhi,FULL,2024-06-24,suresh0316@icici
C00338,Pooja Shaikh,6734543270,pooja.shaikh43@gmail.com,17-04-2005,delhi,full,17-04-2021,pooja3270@icici
C05001,Sanjay Shaikh,7755212848,sanjay.shaikh39@gmail.com,17/02/70,Jaipur,min kyc,13 Jun 2026,sanjay2848@paytm
C02948,Rahul Singh,91-6746149235,NULL,23/07/87,Ahmedabad,NA,2023-06-11,rahul9235@icici
C02783,Ritu Yadav,6183798826,,16-09-1972,Hyderabad,full_kyc,06 Feb 2023,ritu8826@paytm
C02720,P. Gupta,91-8164930401,pooja.gupta39@gmail.com,1967-11-06,Madras,full,2024-09-02,pooja0401@paytm
C03220,Anjali Reddy,7528960681,anjali.reddy71@gmail.com,"Mar 31, 1974",pune,minimum,11-09-2019,anjali0681@ybl
C00190,Harsh Mehta,71448 64481,harsh.mehta52@gmail.com,21/11/72,MUMBAI,PENDING,18 Aug 2024,harsh4481@okbank
C04881,Imran Patel,8601232440,imran.patel86@gmail.com,27/07/04,Hyderabad,full_kyc,12-11-2021,imran2440@icici
C00300,ritu patel,6968967181,ritu.patel97@gmail.com,30/07/77,New Delhi,MIN,2023-07-30,ritu7181@paytm
C01204,deepak gupta,91-7947357714,deepak.gupta40@gmail.com,12-02-2004,HYD,NA,24-01-2024,deepak7714@okbank
C00936,N. Sharma,7876033899,neha.sharma55@gmail.com,19/02/92,lucknow,full_kyc,2022-08-10,neha3899@okbank
C00010,P. Sharma,6700035245,NULL,"May 29, 2003",Poona,MIN,07 Nov 2021,pooja5245@ybl
C01491,Neha Gupta,+916889016689,neha.gupta49@gmail.com,27-11-1971,lucknow,minimum,2019-12-25,neha6689@sbi
C01952,Rahul Menon,84983 15086,rahul.menon4@gmail.com,04/01/89,Ahmedabad,full,2026-01-03,rahul5086@sbi
C05036,swati verma,6995250475,NULL,01-01-1992,,MIN,2026-06-04,swati0475@paytm
C02150,Vijay Sharma,+919960605923,,"May 20, 2003",Bengaluru,minimum,20 Nov 2023,vijay5923@icici
C04585,Neha Das,+916806717007,neha.das98@gmail.com,1980-05-01,Bombay,full_kyc,2023-11-23,neha7007@icici
C03869,Deepak Sharma,06653677613,,1989-06-18,ahmedabad,minimum,2026-01-09,deepak7613@axl
C01007,swati iyer,91-6808087326,NULL,"Feb 09, 1971",chennai,full_kyc,14 Jul 2021,swati7326@icici
C01721,Nisha Das,+919550838137,nisha.das55@gmail.com,1999-01-27,HYD,MIN,02-09-2019,nisha8137@paytm
C02230,Arjun Joshi,06889497856,arjun.joshi99@gmail.com,23/10/98,,min kyc,30 May 2025,arjun7856@ybl
C02123,P. Desai,7818156248,,"Jul 09, 2005",Mumbai,full_kyc,08 Jun 2022,priya6248@sbi
C00346,Farhan Chopra,06933581635,,19-06-1991,bangalore,minimum,05 May 2022,farhan1635@sbi
C01001,Ritu Mehta,+916411432241,ritu.mehta56@gmail.com,,HYD,FULL,24-02-2025,ritu2241@sbi
C02097,Deepak Chopra,7681763161,deepak.chopra20@gmail.com,30/05/00,Lucknow,FULL,08-01-2021,NULL
C02233,SURESH VERMA,9069075725,suresh.verma55@gmail.com,29-06-1991,New Delhi,FULL,08-02-2022,suresh5725@axl
C02219,Kavita Pillai,69796 64850,N/A,27/11/05,Calcutta,NA,2025-11-09,kavita4850@axl
C01685,S. Kulkarni,8869738828,,04/09/83,Madras,min,17-12-2024,sanjay8828@paytm
C02018,Imran Kulkarni,8946913267,NULL,11-05-1979,kolkata,MIN,2023-10-07,imran3267@okbank
C00051,Anjali Joshi,6962567064,,05/09/86,Pune,min kyc,19-06-2022,anjali7064@ybl
C01128,tarun joshi,6911485449,tarun.joshi33@gmail.com,N/A,kolkata,minimum,30 Jan 2024,tarun5449@hdfcbank
C01834,Isha Chopra,66076 87881,isha.chopra6@gmail.com,01-10-2001,Bangalore,FULL,22 Dec 2024,isha7881@okbank
C03720,NISHA GUPTA,91-6153070202,nisha.gupta93@gmail.com,"Apr 08, 1993",Delhi,MIN,17 Apr 2022,nisha0202@paytm
C01639,ARJUN BOSE,6370255562,arjun.bose75@gmail.com,1975-11-03,Hyderabad,,27-01-2023,arjun5562@hdfcbank
C04977,Arjun Mehta,73132 16969,arjun.mehta77@gmail.com,23-03-2002,ahmedabad,FULL,21 Feb 2025,arjun6969@ybl
C04950,Rohan Verma,91-6834036198,rohan.verma78@gmail.com,05-02-1963,New Delhi,min kyc,17 May 2020,rohan6198@ybl
C03846,Amit Chopra,97245 65307,amit.chopra1@gmail.com,12/07/66,Pune,full,24-05-2022,amit5307@ybl
C04691,Divya Khan,+917200817135,N/A,"Sep 15, 1968",MUMBAI,full,16 Aug 2024,divya7135@paytm
C01269,arjun gupta,7635398358,arjun.gupta26@gmail.com,17/09/95,Poona,full_kyc,11 Mar 2026,arjun8358@hdfcbank
C00873,Sunita Sharma,7753758724,N/A,24/09/73,hyderabad,full_kyc,23-05-2022,sunita8724@icici
C03672,TARUN SHAIKH,07921514277,,24-07-1987,Bengaluru,min kyc,28-05-2020,tarun4277@icici
C02041,Aarti Mehta,+916758569634,,"Apr 19, 1989",Pune,min,23-05-2026,aarti9634@paytm
C02511,"Patel, Arjun",06685847932,arjun.patel49@gmail.com,11/03/84,mumbai,min,07 Feb 2025,NULL
C00615,KAVITA SHARMA,8334472662,kavita.sharma24@gmail.com,24-11-1963,Lucknow,,2020-12-17,kavita2662@icici
C00903,Isha Verma,91-6661112974,unknown,"Dec 02, 2003",Jaipur,FULL,28-11-2024,isha2974@hdfcbank
C02297,Manish Desai,7861394699,manish.desai25@gmail.com,"Apr 26, 1988",Calcutta,min kyc,2025-05-21,manish4699@hdfcbank
C02073,Kavita Kulkarni,+918325088572,N/A,,pune,Full KYC,2019-09-14,kavita8572@hdfcbank
C00341,vikram yadav,61429 07840,vikram.yadav41@gmail.com,25-01-1977,kolkata,MIN,01 Oct 2022,vikram7840@ybl
C00732,"Gupta, Karan",9037824018,karan.gupta11@gmail.com,"Jul 15, 1963",Amdavad,full,14-10-2020,karan4018@ybl
C02340,Swati  Sharma ,+917883473480,swati.sharma79@gmail.com,1970-10-19,mumbai,min,18-02-2023,swati3480@axl
C00461,I. Singh,7585803522,NULL,"Nov 21, 1969",Bombay,full_kyc,18 Jan 2022,isha3522@ybl
C01071,Arjun  Nair ,91-6027244355,,04/06/86,lucknow,minimum,09-05-2023,arjun4355@hdfcbank
C04707,Divya Bose,91-7569306906,divya.bose8@gmail.com,2004-08-31,jaipur,Full KYC,18 Nov 2025,divya6906@sbi
C03356,S. Shaikh,95099 25130,suresh.shaikh25@gmail.com,1978-12-08,Poona,FULL,2024-04-22,suresh5130@hdfcbank
C04179,NEHA KHAN,9474047583,,08-03-1985,Jaipur,Full KYC,03-11-2024,neha7583@hdfcbank
C04943,"Iyer, Sunita",91-8340381085,sunita.iyer45@gmail.com,"Jan 14, 1988",Bangalore,FULL,2021-03-10,sunita1085@hdfcbank
C00289,Imran Reddy,07635939493,imran.reddy84@gmail.com,04-01-1969,Lucknow,FULL,10-09-2020,imran9493@sbi
C04739,R. Pillai,91-6441075818,unknown,"Dec 20, 1972",Jaipur,full_kyc,18 Feb 2025,rahul5818@okbank
C01929,farhan verma,8555012098,farhan.verma94@gmail.com,"Nov 24, 1998",kolkata,FULL,14-05-2023,farhan2098@sbi
C00260,Fatima Desai,76639 52026,fatima.desai22@gmail.com,04-05-1985,MUMBAI,Full KYC,28 Apr 2026,fatima2026@okbank
C01606,Fatima Nair,7667778355,fatima.nair75@gmail.com,19-12-1965,lucknow,Full KYC,11 May 2021,fatima8355@okbank
C04012,M. Das,8290726215,manish.das88@gmail.com,18/10/00,MUMBAI,Full KYC,2022-01-13,manish6215@hdfcbank
C90198,Anjali Khan,90071 65081,anjali.khan85@gmail.com,1982-11-11,Jaipur,min,2024-04-20,anjali5081@axl
C00896,Neha Reddy,91-8274847890,,1972-05-17,hyderabad,Full KYC,28-12-2019,neha7890@hdfcbank
C00458,N. Reddy,7289623160,neha.reddy28@gmail.com,16-11-1983,Hyderabad,full,2024-08-02,neha3160@sbi
C90035,suresh gupta,+919753081569,suresh.gupta20@gmail.com,1997-03-08,Poona,min kyc,08 Sep 2020,suresh1569@axl
C01090,Rohan Joshi,7718918309,N/A,1995-04-24,Ahmedabad,full_kyc,21-04-2021,NULL
C03536,MANISH MENON,+917754019652,manish.menon70@gmail.com,2002-10-26,HYD,FULL,13-12-2025,manish9652@okbank
C02924,fatima iyer,+919545124669,,21-10-1967,Jaipur,FULL,2021-11-03,fatima4669@sbi
C01255,Farhan Yadav,91-8593325920,farhan.yadav19@gmail.com,16/02/94,Delhi,Full KYC,06 Aug 2022,farhan5920@sbi
C02758,Suresh Pillai,+916232358278,suresh.pillai50@gmail.com,"Oct 08, 1964",Lucknow,Full KYC,2019-09-04,suresh8278@sbi
C03489,Isha  Kulkarni ,+919696417881,isha.kulkarni71@gmail.com,1973-03-25,jaipur,minimum,2026-02-07,isha7881@axl
C03988,"Das, Harsh",+918469876429,unknown,17/07/76,Lucknow,MIN,15-01-2025,harsh6429@icici
C02101,Sunita Singh,7281210427,,28/07/03,Mumbai,PENDING,18 Dec 2019,sunita0427@paytm
C02296,kavita iyer,06249619565,unknown,"Feb 03, 2004",Jaipur,full_kyc,24 Feb 2021,kavita9565@paytm
C02775,Vijay Nair,8362597639,N/A,10/07/63,lucknow,FULL,14-07-2020,vijay7639@ybl
C03292,SANJAY CHOPRA,8894878167,sanjay.chopra48@gmail.com,,chennai,FULL,18 Feb 2022,sanjay8167@sbi
C00777,Swati Joshi,6455578937,swati.joshi91@gmail.com,"Nov 25, 1976",Ahmedabad,MIN,2026-04-04,swati8937@axl
C04919,KAVITA PATEL,08274607806,kavita.patel77@gmail.com,"Oct 03, 2000",,NA,01 May 2024,kavita7806@ybl
C03852,Nisha Patel,8628065621,,,Lucknow,FULL,09 Jul 2025,nisha5621@paytm
C03832,isha mehta,7111633215,unknown,NULL,Mumbai,FULL,16 Apr 2022,isha3215@icici
C03987,Meera Mehta,06232567831,unknown,1997-06-01,Chennai,Full KYC,04 Jan 2022,meera7831@okbank
C01995,Amit Nair,9393787348,amit.nair40@gmail.com,"Aug 30, 1969",Pune,Full KYC,2019-12-22,amit7348@icici
C04922,Arjun Shaikh,91-7444023966,arjun.shaikh5@gmail.com,23-11-1995,Lucknow,full,24-02-2023,arjun3966@axl
C04460,Kavita Iyer,7120631081,,02/05/93,,Full KYC,30 Nov 2019,kavita1081@paytm
C04414,Anjali Nair,+916275084714,anjali.nair79@gmail.com,17/11/87,,full,05-11-2024,anjali4714@sbi
C00881,VIJAY PATEL,8558640944,vijay.patel75@gmail.com,1988-11-12,Madras,MIN,2026-02-19,vijay0944@hdfcbank
C03592,SANJAY DAS,6850463888,sanjay.das31@gmail.com,N/A,Poona,min,2024-12-09,sanjay3888@paytm
C04924,Swati Singh,08810158432,unknown,1981-06-18,Chennai,min kyc,2026-02-07,swati8432@axl
C04137,VIJAY SHARMA,8560760219,vijay.sharma79@gmail.com,20-02-2000,DELHI,min kyc,2023-09-03,vijay0219@sbi
C00807,Anjali Nair,70865 44901,anjali.nair2@gmail.com,05/12/86,Amdavad,MIN,2025-12-10,anjali4901@paytm
C02591,Imran Khan,+916080782383,,28-04-1990,Mumbai,PENDING,2023-04-30,imran2383@axl
C02099,Swati Menon,9487227443,unknown,1974-05-14,Pune,full,20-04-2025,swati7443@sbi
C02539,Ritu Das,+916857238662,ritu.das46@gmail.com,"Jun 20, 1977",Amdavad,full,2023-02-06,ritu8662@okbank
C01604,S. Sharma,83729 91393,sunita.sharma87@gmail.com,03/12/83,pune,full,31 May 2025,sunita1393@paytm
C04368,"Singh, Sanjay",+916449556167,sanjay.singh59@gmail.com,"Aug 10, 1978",lucknow,minimum,09-04-2024,sanjay6167@icici
C90261,Nisha Gupta,+917863407992,nisha.gupta22@gmail.com,1979-01-05,,minimum,2021-01-06,nisha7992@icici
C01934,Imran Kulkarni,90688 59888,imran.kulkarni48@gmail.com,1988-10-15,mumbai,min,2020-02-03,imran9888@icici
C00627,"Pillai, Imran",6887522630,imran.pillai74@gmail.com,1990-07-25,Ahmedabad,FULL,2020-03-18,imran2630@icici
C04011,Vikram Singh,9153813266,vikram.singh79@gmail.com,1968-08-05,Jaipur,,2024-03-08,vikram3266@axl
C00940,Manish Shaikh,6034278956,manish.shaikh1@gmail.com,"Mar 30, 1972",pune,minimum,09 Jan 2020,manish8956@hdfcbank
C02315,karan khan,+916275042568,karan.khan85@gmail.com,22-07-1983,Jaipur,,14-04-2024,karan2568@icici
C03409,R. Desai,91-9130134513,unknown,23/01/73,bangalore,min,08 Feb 2025,rahul4513@axl
C00562,Rohan Nair,91-6683763045,N/A,N/A,Poona,full,02-04-2022,rohan3045@hdfcbank
C02464,Nisha Iyer,91-6601099376,nisha.iyer70@gmail.com,1982-11-21,HYD,Full KYC,2022-11-30,nisha9376@axl
C03357,"Verma, Harsh",6622509027,,17/12/81,Chennai,minimum,11-03-2025,harsh9027@icici
C04061,"Singh, Nisha",66985 31018,unknown,23-01-1981,MUMBAI,min kyc,18-07-2025,nisha1018@sbi
C00689,N. Kulkarni,7722118669,,"Aug 16, 1997",Madras,min,2024-01-09,nisha8669@sbi
C01772,Rahul Nair,06449121845,,2002-10-26,mumbai,NA,10 Mar 2024,rahul1845@hdfcbank
C00682,Kavita Mehta,7926935251,unknown,1971-09-18,kolkata,min,25 Feb 2024,kavita5251@okbank
C03235,Rohan Nair,6866013791,rohan.nair1@gmail.com,22/02/90,Chennai,MIN,15-05-2024,rohan3791@hdfcbank
C02678,T. Desai,+918240843893,tarun.desai16@gmail.com,1993-06-25,Hyderabad,min,2022-11-25,tarun3893@axl
C02868,Vijay Iyer,8919443227,vijay.iyer93@gmail.com,26-11-1992,Delhi,minimum,09-05-2021,vijay3227@axl
C00892,Sunita Nair,91-9043005119,sunita.nair35@gmail.com,25-11-1992,Lucknow,MIN,2021-11-09,sunita5119@paytm
C00939,Karan  Desai ,+917937235130,NULL,28/04/66,kolkata,pending,2020-01-12,karan5130@icici
C00883,S. Verma,+918658288936,sneha.verma32@gmail.com,"Mar 19, 2005",Pune,minimum,2024-03-10,sneha8936@sbi
C01764,"Shaikh, Isha",99397 84804,isha.shaikh35@gmail.com,"Apr 30, 1991",BLR,MIN,01 Nov 2025,isha4804@okbank
C01467,Amit Das,7801497474,,14-12-1961,Mumbai,MIN,23-10-2024,amit7474@icici
C01100,Sunita Menon,09463184540,sunita.menon10@gmail.com,17/09/63,hyderabad,full,2020-07-19,sunita4540@sbi
C01327,Pooja Bose,7563306406,pooja.bose13@gmail.com,"Apr 02, 1968",lucknow,full_kyc,13-05-2025,pooja6406@okbank
C02907,Arjun Chopra,8586574227,NULL,"Sep 07, 1965",kolkata,min,29-03-2020,arjun4227@ybl
C04863,"Reddy, Manish",+917616501145,manish.reddy61@gmail.com,12-06-1980,ahmedabad,min,2024-09-17,manish1145@icici
C00060,R. Bose,91-8460786772,N/A,06-07-2001,Poona,FULL,01 May 2021,ritu6772@sbi
C01056,Vijay Iyer,8086610560,NULL,"May 28, 1988",,full_kyc,2025-04-21,vijay0560@axl
C02313,IMRAN BOSE,+917085586575,imran.bose88@gmail.com,1997-04-07,mumbai,min kyc,20-02-2023,imran6575@paytm
C05021,Ritu Menon,+919151618821,ritu.menon53@gmail.com,"May 26, 2002",New Delhi,minimum,26-06-2026,ritu8821@paytm
C03332,Anjali Das,09440150145,,"Jul 05, 1981",delhi,NA,2023-09-13,anjali0145@ybl
C00158,Anjali Chopra,9840346729,,"Oct 02, 1962",Calcutta,min kyc,2022-05-23,anjali6729@sbi
C03132,Priya Desai,9251739086,priya.desai64@gmail.com,1971-04-14,Jaipur,min kyc,11-08-2020,priya9086@hdfcbank
C00507,Swati Shaikh,91-8799008009,swati.shaikh42@gmail.com,1970-04-21,jaipur,min,2020-04-22,swati8009@okbank
C03608,PRIYA SHARMA,8108796463,priya.sharma49@gmail.com,1973-07-08,Pune,FULL,07-04-2024,priya6463@axl
C02289,Sneha Iyer,7866290172,sneha.iyer14@gmail.com,10-01-1990,chennai,MIN,23-09-2019,sneha0172@okbank
C04698,vikram nair,6145298918,vikram.nair36@gmail.com,11-03-1982,Delhi,full_kyc,2021-03-28,
C03412,Sanjay  Bose ,7888171441,sanjay.bose55@gmail.com,20/06/62,jaipur,minimum,2025-06-21,sanjay1441@hdfcbank
C03181,TARUN MEHTA,+919465448514,tarun.mehta39@gmail.com,1976-12-17,Bombay,Full KYC,04-03-2020,tarun8514@hdfcbank
C00266,Rahul Das,6645673841,rahul.das33@gmail.com,"May 04, 1978",pune,Full KYC,01-04-2026,rahul3841@paytm
C01042,Kavita Shaikh,9527083577,kavita.shaikh83@gmail.com,"Sep 09, 2002",MUMBAI,min,05 Nov 2022,kavita3577@ybl
C02045,Imran  Iyer ,7546034933,imran.iyer50@gmail.com,1982-11-06,chennai,full,2026-05-20,imran4933@paytm
C01841,Sneha Chopra,8588428586,sneha.chopra79@gmail.com,1964-11-23,Poona,full_kyc,2025-02-28,sneha8586@axl
C02988,Isha Gupta,67036 46828,,"Mar 11, 2000",ahmedabad,NA,2024-03-07,isha6828@ybl
C03382,"Desai, Anjali",7870018146,anjali.desai77@gmail.com,1968-08-21,Jaipur,full,2019-11-23,anjali8146@axl
C02746,Farhan Menon,8758527708,,11-03-2004,mumbai,MIN,2022-04-24,farhan7708@axl
C04929,Harsh Patel,70733 03711,harsh.patel79@gmail.com,1993-03-03,jaipur,min,27-04-2026,harsh3711@ybl
C01741,Priya Singh,8467930423,priya.singh24@gmail.com,24/06/93,Kolkata,minimum,08 Feb 2020,priya0423@axl
C04369,Arjun Shaikh,9317702228,,,pune,full_kyc,16-06-2021,arjun2228@hdfcbank
C00558,"Pillai, Vikram",7738447701,,27-10-1995,hyderabad,minimum,02-06-2020,vikram7701@sbi
C90088,"Yadav, Vikram",9843065843,vikram.yadav68@gmail.com,03-08-2005,jaipur,Full KYC,09-06-2021,vikram5843@okbank
C02930,SWATI SINGH,8801599737,swati.singh3@gmail.com,22/02/91,delhi,pending,23 Jun 2023,swati9737@okbank
C04853,Imran Desai,08006516333,imran.desai2@gmail.com,"Jun 28, 1973",Bangalore,min,20 Nov 2021,imran6333@sbi
C00283,KAVITA DAS,08298513850,kavita.das36@gmail.com,NULL,jaipur,NA,2025-11-07,kavita3850@okbank
C00922,Swati  Bose ,7330879599,swati.bose9@gmail.com,"May 11, 2002",,full_kyc,2022-11-22,swati9599@okbank
C00053,"Nair, Sneha",99288 40726,sneha.nair25@gmail.com,27-08-1996,ahmedabad,full_kyc,2021-12-28,sneha0726@okbank
C03931,Fatima Sharma,9508108211,fatima.sharma30@gmail.com,09-10-1995,mumbai,full,06 Dec 2025,fatima8211@hdfcbank
C03437,Tarun Sharma,+918256611738,tarun.sharma53@gmail.com,N/A,Bengaluru,FULL,16 Oct 2024,tarun1738@ybl
C03912,Pooja Nair,6635910109,N/A,"Oct 28, 1967",DELHI,FULL,10 May 2020,pooja0109@hdfcbank
C01909,Nisha  Patel ,09833136776,nisha.patel99@gmail.com,20-01-1979,bangalore,min,2021-12-08,nisha6776@sbi
C00889,Fatima Patel,7830506018,fatima.patel87@gmail.com,05-04-1985,Bengaluru,full_kyc,2021-09-01,fatima6018@icici
C02303,Pooja Mehta,9969052333,NULL,27-02-1998,Bengaluru,min kyc,2022-05-03,pooja2333@okbank
C00842,VIJAY MEHTA,+919979556265,,1962-06-14,Bengaluru,Full KYC,2025-12-29,vijay6265@hdfcbank
C00449,Divya Khan,91-7108382261,divya.khan57@gmail.com,05/06/86,BLR,min kyc,12 Jan 2026,divya2261@icici
C02753,Suresh  Menon ,7349441964,N/A,"Dec 19, 1966",jaipur,pending,14-04-2021,suresh1964@paytm
C00821,AARTI VERMA,6117001952,aarti.verma68@gmail.com,16/01/96,Kolkata,MIN,04 Jun 2025,aarti1952@hdfcbank
C01178,Suresh Yadav,06313253503,suresh.yadav50@gmail.com,"Sep 14, 1984",Madras,Full KYC,2022-10-30,suresh3503@axl
C03023,Ritu Pillai,9203626492,,07/05/05,chennai,Full KYC,2020-04-16,ritu6492@sbi
C03502,Harsh Joshi,7444209831,NULL,07-01-1985,Pune,FULL,14-04-2021,harsh9831@okbank
C00480,"Shaikh, Vijay",83088 29195,vijay.shaikh12@gmail.com,NULL,Calcutta,NA,13 Jul 2023,vijay9195@hdfcbank
C03882,Nisha  Bose ,9056910185,nisha.bose72@gmail.com,30/12/01,Amdavad,FULL,2026-01-26,
C04547,Divya Bose,62461 11420,divya.bose9@gmail.com,1971-05-19,Chennai,full_kyc,24 Aug 2020,divya1420@paytm
C02619,SNEHA DAS,+917892404368,sneha.das51@gmail.com,N/A,Bombay,Full KYC,2025-10-05,sneha4368@ybl
C00800,ANJALI YADAV,66211 92682,unknown,1999-09-28,Bangalore,minimum,2024-08-19,anjali2682@sbi
C00410,Sneha Sharma,8035146939,sneha.sharma27@gmail.com,12/11/78,Pune,full_kyc,18 Dec 2023,sneha6939@paytm
C03823,Ritu Gupta,7423756811,N/A,"Jun 24, 1979",Chennai,full_kyc,2025-09-21,ritu6811@paytm
C04673,Swati Reddy,91-6402583262,swati.reddy20@gmail.com,20-10-1988,Ahmedabad,FULL,03 Jan 2024,swati3262@hdfcbank
C02396,Nisha Khan,6323131948,nisha.khan2@gmail.com,31/03/03,New Delhi,full_kyc,09-04-2022,nisha1948@icici
C04019,Deepak Yadav,+916219569940,deepak.yadav97@gmail.com,1978-09-30,kolkata,min,01-08-2021,deepak9940@okbank
C01203,Tarun  Shaikh ,8967257167,tarun.shaikh36@gmail.com,26/07/96,Ahmedabad,MIN,2023-04-26,tarun7167@okbank
C90031,Neha Mehta,91-8146186375,N/A,2002-10-18,bangalore,full,26-02-2020,neha6375@axl
C01213,Karan Das,9042118823,N/A,"Jul 12, 1991",mumbai,min,06-11-2022,karan8823@sbi
C02135,Sunita Chopra,+917357028784,sunita.chopra40@gmail.com,"Apr 05, 1973",New Delhi,NA,18-12-2019,sunita8784@ybl
C04501,Sneha Shaikh,+919553636044,NULL,04/11/86,,NA,2024-07-10,sneha6044@hdfcbank
C03513,Sunita Bose,+917376110200,NULL,"May 24, 1977",DELHI,FULL,2019-11-18,sunita0200@hdfcbank
C03942,KAVITA PILLAI,08289913572,kavita.pillai77@gmail.com,29/08/80,Chennai,full_kyc,07 Oct 2019,kavita3572@icici
C00929,ROHAN PATEL,85328 15455,rohan.patel53@gmail.com,1997-12-22,,Full KYC,14-07-2023,rohan5455@paytm
C01881,Fatima Desai,7962589142,N/A,NULL,Lucknow,min,09-11-2020,fatima9142@paytm
C02402,R. Reddy,6744564500,rohan.reddy64@gmail.com,,Hyderabad,NA,2020-10-09,rohan4500@icici
C04671,Priya Sharma,+919472632309,,NULL,New Delhi,Full KYC,07-02-2024,priya2309@ybl
C03982,Manish Patel,+919384736160,manish.patel78@gmail.com,"Aug 11, 1985",Jaipur,minimum,11-12-2023,manish6160@okbank
C00775,"Joshi, Kavita",91-9034674899,,20-09-1981,Chennai,min,02-12-2023,kavita4899@sbi
C00722,V. Nair,9988297609,NULL,2003-10-02,Bangalore,full_kyc,14-06-2025,vijay7609@axl
C03263,R. Patel,6469035035,rahul.patel21@gmail.com,10/03/79,BLR,full,04 May 2020,rahul5035@sbi
C03594,Vikram Menon,07314071631,unknown,2001-09-13,ahmedabad,FULL,07-12-2022,vikram1631@ybl
C04780,Vijay Nair,+916413657160,N/A,"Jul 31, 1966",Bengaluru,FULL,22-12-2023,vijay7160@icici
C02370,N. Khan,7361103738,unknown,12/04/82,MUMBAI,minimum,22 Jul 2025,neha3738@okbank
C90167,DEEPAK SHAIKH,6754501651,deepak.shaikh49@gmail.com,09-12-1979,,minimum,09-05-2023,deepak1651@axl
C00048,Neha Desai,91-6262209771,unknown,"Dec 05, 1975",hyderabad,pending,25-11-2025,neha9771@paytm
C01230,Farhan  Menon ,91-9902000244,farhan.menon83@gmail.com,"Apr 28, 1970",MUMBAI,FULL,07 Apr 2020,farhan0244@okbank
C01465,"Verma, Harsh",6612914839,harsh.verma31@gmail.com,15-03-1984,Jaipur,NA,26 Sep 2022,harsh4839@sbi
C90288,S. Khan,+917015933157,sunita.khan27@gmail.com,"Jun 30, 1970",Mumbai,FULL,12-04-2024,
C03254,Harsh Sharma,9953567216,N/A,"Aug 02, 1981",pune,minimum,2023-04-20,harsh7216@paytm
C01183,"Mehta, Kavita",70215 29062,unknown,1976-09-19,,Full KYC,12 Nov 2024,kavita9062@ybl
C90135,Swati Yadav,+916101414184,,11-08-2000,Madras,,16 Feb 2020,swati4184@sbi
C00734,Aarti  Iyer ,91-9013682479,aarti.iyer89@gmail.com,10/02/70,Bengaluru,full,2020-02-08,aarti2479@okbank
C00065,Meera Singh,+918655329029,meera.singh17@gmail.com,24-04-1973,HYD,Full KYC,26 Jan 2025,meera9029@okbank
C03634,Suresh Mehta,9419826655,suresh.mehta23@gmail.com,20-12-1994,HYD,PENDING,27-07-2020,suresh6655@okbank
C01682,Nisha  Yadav ,7184163684,unknown,NULL,Poona,MIN,13 May 2024,nisha3684@axl
C04886,FATIMA YADAV,6631914193,fatima.yadav48@gmail.com,25-10-1986,BLR,MIN,26-10-2022,fatima4193@hdfcbank
C04498,"Menon, Kavita",+916765729516,kavita.menon17@gmail.com,"Nov 18, 1994",Lucknow,min kyc,26 Mar 2020,kavita9516@okbank
C00245,Rohan Pillai,+916329566172,rohan.pillai22@gmail.com,07-11-2005,DELHI,MIN,15-08-2022,rohan6172@hdfcbank
C04060,NEHA REDDY,08670958647,NULL,31/12/02,pune,Full KYC,29-09-2024,neha8647@ybl
C02229,DIVYA MENON,+917811270448,,13-09-1966,DELHI,full,23-11-2024,divya0448@axl
C03543,Rohan Gupta,+916094390869,rohan.gupta87@gmail.com,01/12/94,bangalore,full,2023-09-16,rohan0869@hdfcbank
C90186,Pooja Pillai,+916616412566,,"Nov 08, 1977",delhi,min kyc,25 Oct 2022,
C00134,Imran Desai,06894135644,imran.desai42@gmail.com,27-10-2000,jaipur,FULL,29-01-2020,imran5644@okbank
C00711,tarun menon,07869517717,N/A,05/05/86,Pune,minimum,03-09-2021,tarun7717@axl
C90043,Imran Pillai,97688 88256,,16-07-2001,delhi,Full KYC,26-09-2022,imran8256@hdfcbank
C01910,Amit Das,6485537138,NULL,1998-05-11,delhi,MIN,07 Oct 2021,amit7138@icici
C00331,Suresh Pillai,6810381124,NULL,08/12/92,mumbai,full,23-06-2020,suresh1124@axl
C03031,"Patel, Imran",86574 78913,imran.patel66@gmail.com,13/04/92,Madras,FULL,05-06-2020,imran8913@paytm
C04816,RAHUL IYER,09666729630,unknown,22/02/01,Bangalore,Full KYC,15 May 2021,rahul9630@axl
C03975,"Iyer, Kavita",84884 21424,kavita.iyer67@gmail.com,"Nov 26, 2000",Amdavad,MIN,01 Oct 2019,kavita1424@okbank
C00097,Karan Iyer,+919933776661,unknown,12/02/83,Hyderabad,FULL,23-11-2023,karan6661@paytm
C90156,F. Yadav,91-7278383832,,"Mar 31, 1967",Bombay,,19 Oct 2019,fatima3832@sbi
C02889,RAHUL VERMA,+918062784629,NULL,01-07-2003,Amdavad,FULL,25 Jun 2025,rahul4629@okbank
C00994,RAHUL KHAN,8492822240,unknown,09/01/72,Calcutta,min kyc,2022-04-28,
C04906,AARTI MENON,91-8114505696,NULL,"Oct 09, 1991",Madras,Full KYC,2024-02-24,aarti5696@icici
C00715,Amit Chopra,9556318841,amit.chopra76@gmail.com,24/05/84,Poona,full,29 Feb 2020,amit8841@okbank
C03535,Harsh Chopra,7968357779,harsh.chopra60@gmail.com,,Calcutta,MIN,25 May 2023,harsh7779@axl
C01310,Swati  Patel ,+916969670642,swati.patel77@gmail.com,2001-03-07,Lucknow,Full KYC,2024-11-07,swati0642@okbank
C04645,H. Singh,91-7337988730,unknown,26-12-1979,lucknow,full_kyc,24-06-2022,harsh8730@ybl
C04852,Meera Mehta,09857465398,,"Dec 10, 1999",Poona,full_kyc,2025-09-27,meera5398@paytm
C03726,Nisha Bose,+919589905992,nisha.bose53@gmail.com,1987-12-25,Amdavad,min kyc,06 Dec 2022,nisha5992@sbi
C02119,Nisha Joshi,6951800724,nisha.joshi98@gmail.com,"May 24, 1972",hyderabad,,16-04-2023,
C01517,anjali patel,6136594249,,,Lucknow,min kyc,2020-12-07,anjali4249@hdfcbank
C01357,Vikram  Chopra ,91-9577664637,vikram.chopra12@gmail.com,14-09-2002,bangalore,minimum,21-01-2026,vikram4637@icici
C04979,Fatima Khan,6846782075,N/A,1967-01-06,Jaipur,FULL,2026-05-22,fatima2075@okbank
C02106,Fatima Das,+917494238920,fatima.das84@gmail.com,1962-06-13,kolkata,full,18 Nov 2020,fatima8920@okbank
C01598,nisha mehta,6758065112,N/A,"Oct 01, 1963",kolkata,Full KYC,2020-06-03,nisha5112@hdfcbank
C02086,M. Nair,91-7263690184,,1987-03-02,Calcutta,NA,18 Oct 2024,meera0184@paytm
C04007,Ritu Kulkarni,+917189930455,ritu.kulkarni2@gmail.com,19/10/74,bangalore,MIN,27 Feb 2026,ritu0455@okbank
C04030,Tarun Gupta,+917674384136,unknown,1961-05-23,Chennai,full_kyc,06 Sep 2019,tarun4136@okbank
C01767,Sanjay Reddy,+917746549926,sanjay.reddy19@gmail.com,02-11-1981,Madras,PENDING,2021-04-18,sanjay9926@hdfcbank
C00546,TARUN IYER,9740618076,unknown,"Aug 24, 1963",Bangalore,full,2021-05-17,tarun8076@sbi
C04262,SANJAY NAIR,7108594367,unknown,"Jul 07, 1971",delhi,NA,2026-05-16,sanjay4367@icici
C00804,Neha  Bose ,6253523114,neha.bose21@gmail.com,03-06-1979,Bengaluru,min,2023-12-11,neha3114@axl
C02909,NEHA IYER,7597926352,neha.iyer12@gmail.com,19/02/02,kolkata,min kyc,10-07-2024,neha6352@sbi
C02188,Imran Shaikh,8286741463,,"Sep 12, 1989",Pune,Full KYC,2020-12-01,imran1463@axl
C02787,Amit Patel,6894690819,N/A,"Mar 15, 1993",,Full KYC,18 Jul 2024,amit0819@okbank
C00054,Divya Nair,+919891208592,divya.nair44@gmail.com,03-09-1966,jaipur,PENDING,11 Jan 2023,divya8592@axl
C01448,Manish Gupta,8204708959,manish.gupta43@gmail.com,30/04/81,Bombay,full_kyc,24 Jul 2022,manish8959@axl
C04343,Deepak Das,+917551242910,deepak.das36@gmail.com,"Oct 01, 1983",Jaipur,FULL,2025-08-16,deepak2910@sbi
C90071,A. Reddy,7068230481,aarti.reddy60@gmail.com,24-05-1997,Jaipur,pending,2021-05-02,aarti0481@icici
C00382,Imran Khan,06750347430,imran.khan3@gmail.com,1974-07-18,Lucknow,FULL,2020-08-02,imran7430@paytm
C03798,Isha Gupta,8132655493,isha.gupta9@gmail.com,01/05/92,delhi,minimum,2021-12-29,isha5493@ybl
C04091,I. Menon,6113689872,imran.menon91@gmail.com,1994-03-08,delhi,full,11 Mar 2023,imran9872@icici
C90002,KARAN KULKARNI,9543055261,,"Mar 19, 2002",Ahmedabad,full_kyc,2019-12-26,
C03689,Imran Joshi,+916590636984,unknown,"May 14, 1985",BLR,min,28-08-2021,imran6984@ybl
C01102,Arjun Mehta,+919475843240,arjun.mehta76@gmail.com,"Jun 25, 1963",pune,min kyc,2020-07-04,arjun3240@paytm
C01215,Isha Singh,7997815437,NULL,13/09/67,mumbai,Full KYC,2021-07-04,isha5437@hdfcbank
C03805,Nisha Joshi,9904592195,unknown,17-05-2001,Chennai,full,05 May 2022,nisha2195@ybl
C02908,Meera Kulkarni,91-9793599793,NULL,,Pune,full,2023-12-04,meera9793@icici
C01039,I. Pillai,91-9768888256,imran.pillai94@gmail.com,"Jul 16, 2001",DELHI,full_kyc,26-09-2022,imran8256@hdfcbank
C04897,Neha Das,+918142907331,neha.das56@gmail.com,"Jun 26, 1980",ahmedabad,full_kyc,25 Jan 2021,neha7331@hdfcbank
C00767,amit sharma,7540986901,amit.sharma17@gmail.com,1972-12-22,hyderabad,NA,21-04-2022,amit6901@axl
C00225,Ritu Verma,+917642682055,ritu.verma6@gmail.com,14/10/81,lucknow,full,05 Jan 2026,ritu2055@paytm
C01194,Manish  Kulkarni ,7859884280,manish.kulkarni62@gmail.com,29/04/66,Lucknow,minimum,27 Sep 2021,manish4280@okbank
C90039,vijay shaikh,7174267423,NULL,15-12-1995,BLR,pending,2021-07-22,vijay7423@ybl
C03596,amit singh,6633947219,amit.singh2@gmail.com,1961-08-10,Mumbai,full,15-11-2021,unknown
C02368,"Shaikh, Nisha",6198392327,nisha.shaikh21@gmail.com,29/01/77,lucknow,min,11-11-2020,nisha2327@okbank
C03692,S. Singh,91-8908651628,suresh.singh78@gmail.com,"Jan 09, 1974",Bengaluru,Full KYC,16-07-2024,suresh1628@icici
C00141,D. Iyer,6336267041,divya.iyer5@gmail.com,"Apr 17, 1981",Amdavad,min,24 Apr 2026,divya7041@okbank
C00034,Tarun Desai,+918551245247,tarun.desai32@gmail.com,,Mumbai,full_kyc,07 Dec 2023,tarun5247@sbi
C00746,A. Singh,+919285036242,aarti.singh11@gmail.com,1984-12-06,Ahmedabad,Full KYC,07-10-2023,aarti6242@ybl
C04844,P. Shaikh,8078302576,priya.shaikh98@gmail.com,23/02/89,,MIN,06-03-2021,priya2576@okbank
C01757,Nisha Reddy,09370595934,nisha.reddy65@gmail.com,31/08/89,ahmedabad,full_kyc,22-04-2025,nisha5934@axl
C04128,IMRAN SHARMA,6271133036,imran.sharma16@gmail.com,1963-04-11,Chennai,FULL,05-03-2025,imran3036@okbank
C03747,tarun kulkarni,+916641608517,tarun.kulkarni81@gmail.com,31/03/74,Poona,full,22 Jul 2024,tarun8517@ybl
C01561,Imran Shaikh,9776457970,imran.shaikh5@gmail.com,24-09-1989,Chennai,full_kyc,04 Jun 2025,imran7970@hdfcbank
C01496,Arjun Yadav,8266946267,arjun.yadav80@gmail.com,10-04-1996,Lucknow,full,2024-05-01,arjun6267@hdfcbank
C01550,Vikram Verma,91-8254587890,unknown,13-05-1978,BLR,full_kyc,08-08-2020,vikram7890@hdfcbank
C03590,Farhan Pillai,8947043562,farhan.pillai86@gmail.com,"Sep 20, 1979",Calcutta,Full KYC,17-09-2020,farhan3562@axl
C03603,"Menon, Kavita",8814072307,kavita.menon86@gmail.com,NULL,ahmedabad,full,2021-11-04,kavita2307@okbank
C90204,Suresh Menon,+919194227860,suresh.menon22@gmail.com,1984-04-16,DELHI,,2024-06-26,suresh7860@paytm
C04194,Ritu  Khan ,65811 23695,,2001-05-19,ahmedabad,min,10 Sep 2019,ritu3695@icici
C00977,"Iyer, Divya",6401241066,unknown,15/08/69,bangalore,min kyc,2025-05-30,divya1066@ybl
C01296,K. Gupta,8368711594,N/A,"May 27, 1982",mumbai,MIN,06 Mar 2021,kavita1594@hdfcbank
C00456,tarun singh,7860430560,tarun.singh57@gmail.com,14/01/84,MUMBAI,full,07-01-2025,tarun0560@icici
C03323,sanjay mehta,9426368994,sanjay.mehta28@gmail.com,NULL,BLR,PENDING,2024-03-24,sanjay8994@sbi
C02962,Rahul Patel,71378 32871,rahul.patel5@gmail.com,1999-01-27,Calcutta,Full KYC,07 Jun 2022,rahul2871@ybl
C02186,HARSH SHARMA,81736 59491,,2005-10-10,Poona,full_kyc,19-10-2021,harsh9491@sbi
C03521,"Sharma, Vijay",+919997064839,NULL,NULL,Madras,min,17-09-2022,vijay4839@sbi
C04694,Priya Joshi,6098965503,N/A,05/06/03,Lucknow,,2020-04-07,priya5503@paytm
C01701,Farhan  Verma ,79092 24937,farhan.verma16@gmail.com,"Jul 20, 2004",Lucknow,full,15 Feb 2024,farhan4937@icici
C04076,Meera Shaikh,9549258699,N/A,1968-09-27,bangalore,full,2025-07-01,meera8699@icici
C04861,KAVITA CHOPRA,6080714203,kavita.chopra88@gmail.com,09/07/01,Chennai,full,2022-08-31,kavita4203@axl
C04937,Fatima Khan,8085926341,fatima.khan44@gmail.com,1978-03-29,Ahmedabad,Full KYC,14-03-2024,fatima6341@okbank
C90241,Isha Singh,6581733718,isha.singh81@gmail.com,1965-07-13,Madras,NA,2022-10-21,
C01494,Deepak Singh,9863454520,NULL,01-09-1995,jaipur,FULL,2020-10-09,deepak4520@sbi
C02241,Swati Nair,63148 08152,swati.nair44@gmail.com,"Oct 25, 1964",mumbai,,21 Aug 2025,swati8152@sbi
C02202,R. Verma,+917446738598,rahul.verma66@gmail.com,20/08/02,Bombay,MIN,25 Jun 2022,rahul8598@okbank
C04628,SUNITA CHOPRA,+916412197819,sunita.chopra32@gmail.com,"May 29, 1986",chennai,minimum,17 Dec 2023,sunita7819@okbank
C04657,fatima gupta,8794431318,fatima.gupta80@gmail.com,"May 30, 1987",BLR,full,16-10-2024,fatima1318@sbi
C01585,"Pillai, Karan",8633836635,karan.pillai72@gmail.com,12/06/68,jaipur,FULL,2020-08-26,karan6635@paytm
C00388,"Bose, Suresh",6640159181,suresh.bose22@gmail.com,"Feb 27, 1994",lucknow,Full KYC,2020-07-21,suresh9181@ybl
C01852,nisha joshi,9460941343,nisha.joshi91@gmail.com,"Sep 08, 1988",Amdavad,full_kyc,13-05-2026,nisha1343@axl
C04038,Amit Nair,9683735650,unknown,21-07-1971,ahmedabad,MIN,25-01-2021,amit5650@ybl
C02306,Anjali  Reddy ,8938216948,anjali.reddy70@gmail.com,08-12-1998,MUMBAI,FULL,07 Sep 2020,anjali6948@okbank
C03389,S. Chopra,63769 63387,NULL,"Apr 14, 1967",jaipur,Full KYC,04 Jun 2022,swati3387@axl
C03698,KARAN CHOPRA,09249902149,karan.chopra68@gmail.com,21-11-2001,delhi,Full KYC,28-10-2025,karan2149@icici
C01340,VIKRAM KULKARNI,6762825609,vikram.kulkarni28@gmail.com,NULL,pune,MIN,08-09-2019,vikram5609@okbank
C01918,I. Patel,6095046823,isha.patel32@gmail.com,15-07-1995,Kolkata,full_kyc,04-01-2023,isha6823@sbi
C02228,Sanjay Iyer,08757587047,N/A,"May 28, 1993",ahmedabad,pending,2023-12-23,sanjay7047@sbi
C03303,"Patel, Neha",8199969510,,"Jul 16, 1984",Chennai,Full KYC,13-10-2024,neha9510@axl
C01727,SUNITA DAS,6240789154,,06-06-1991,pune,min,2025-03-07,sunita9154@paytm
C01673,Rohan  Reddy ,7102769417,rohan.reddy32@gmail.com,03/02/97,Kolkata,MIN,18-12-2021,rohan9417@okbank
C03911,"Das, Divya",+917177863812,divya.das4@gmail.com,05-07-1961,MUMBAI,min kyc,2025-02-10,divya3812@axl
C03736,Neha Verma,+918136001411,neha.verma27@gmail.com,"May 30, 1964",Lucknow,min,08-03-2023,neha1411@okbank
C02573,Sanjay Gupta,6915014941,sanjay.gupta90@gmail.com,1971-02-27,New Delhi,full,27 Jul 2020,sanjay4941@okbank
C01212,TARUN GUPTA,+917276866407,tarun.gupta36@gmail.com,"Dec 20, 1964",kolkata,Full KYC,2021-04-03,tarun6407@icici
C04346,M. Yadav,7599659536,NULL,1997-12-11,HYD,full_kyc,2022-01-21,meera9536@sbi
C01112,Pooja Das,91-6089839182,,17/04/91,Hyderabad,FULL,16-01-2026,pooja9182@ybl
C04509,Suresh Nair,91-6364807834,N/A,11/11/77,delhi,min kyc,29-10-2021,suresh7834@axl
C04154,Arjun Das,8612327356,arjun.das49@gmail.com,"Apr 03, 1972",Amdavad,FULL,2022-12-09,arjun7356@ybl
C00678,Harsh Verma,7935956750,harsh.verma48@gmail.com,06-03-1988,kolkata,full_kyc,2020-05-21,harsh6750@okbank
C00478,Arjun Iyer,6126874753,arjun.iyer76@gmail.com,1980-10-07,hyderabad,min,23-03-2020,arjun4753@okbank
C02570,"Yadav, Neha",09560192074,unknown,05-01-1993,DELHI,full,2022-05-26,neha2074@hdfcbank
C90274,VIJAY PILLAI,+917276813410,,17-12-2002,,full,2020-02-28,vijay3410@hdfcbank
C00782,divya reddy,6015063370,divya.reddy98@gmail.com,11/04/89,Jaipur,Full KYC,04-05-2025,divya3370@icici
C90059,"Verma, Rahul",07143074121,rahul.verma46@gmail.com,1963-01-11,Chennai,Full KYC,15 Sep 2022,rahul4121@axl
C03096,isha das,+918651307352,isha.das32@gmail.com,25/11/94,Calcutta,min,28 Dec 2022,isha7352@paytm
C00966,imran yadav,9146410208,,1993-01-14,,MIN,24-05-2020,imran0208@okbank
C02669,"Desai, Rahul",7594946148,NULL,13/08/65,Chennai,full_kyc,15 Apr 2021,rahul6148@paytm
C01138,SUNITA MEHTA,08886511428,NULL,30/11/98,,FULL,2021-11-30,sunita1428@axl
C04759,Neha Nair,87194 99191,neha.nair1@gmail.com,02-10-1975,,minimum,2022-04-01,neha9191@okbank
C01420,Deepak  Singh ,+917427693001,,"Dec 04, 1996",lucknow,pending,2021-06-06,deepak3001@axl
C00343,Sanjay Yadav,9016781433,unknown,1970-10-25,lucknow,minimum,2020-03-16,sanjay1433@axl
C03848,Fatima Gupta,+919408803897,fatima.gupta34@gmail.com,30-08-1968,Pune,MIN,15-05-2026,fatima3897@ybl
C04513,sanjay verma,7071557022,NULL,25-07-2005,Chennai,minimum,2021-05-12,sanjay7022@hdfcbank
C00313,PRIYA GUPTA,+919832448194,,1995-10-02,Madras,full_kyc,28-03-2024,NULL
C01070,Pooja Gupta,9108900836,,20/02/94,HYD,full,30-10-2024,pooja0836@hdfcbank
C02799,"Gupta, Manish",+916658164477,manish.gupta71@gmail.com,09/01/61,Calcutta,min kyc,17-01-2023,manish4477@okbank
C03442,ISHA JOSHI,91-7909345977,isha.joshi56@gmail.com,19/01/81,mumbai,PENDING,2024-03-04,isha5977@sbi
C01895,N. Shaikh,08826465961,nisha.shaikh10@gmail.com,07-02-1981,ahmedabad,full_kyc,28-12-2025,nisha5961@sbi
C04097,Divya Bose,9586884051,,"Apr 01, 1968",jaipur,FULL,04-11-2020,divya4051@sbi
C04925,Priya Desai,7750305930,priya.desai23@gmail.com,"Aug 02, 1970",Kolkata,full,26 Mar 2023,priya5930@axl
C02791,"Nair, Isha",66962 77425,,"Dec 29, 1994",jaipur,Full KYC,2023-07-26,isha7425@sbi
C02178,TARUN PATEL,08735627208,tarun.patel10@gmail.com,19-09-1971,jaipur,MIN,25 Jan 2022,tarun7208@ybl
C02557,Imran Kulkarni,+919263838172,,06-11-1990,Bombay,min,2025-04-16,imran8172@okbank
C00469,Meera Sharma,8871214306,,01-01-2004,hyderabad,FULL,06-12-2020,meera4306@icici
C03231,Ritu Das,6340348477,N/A,"May 29, 1979",jaipur,FULL,27 Nov 2020,ritu8477@okbank
C03223,sunita pillai,81733 41059,sunita.pillai74@gmail.com,1988-11-09,MUMBAI,min kyc,10 Feb 2025,sunita1059@hdfcbank
C03310,S. Bose,7207995603,suresh.bose56@gmail.com,"Mar 20, 1984",chennai,min kyc,2026-04-23,suresh5603@ybl
C01580,Priya Shaikh,09959356836,priya.shaikh17@gmail.com,21/11/81,ahmedabad,FULL,2022-07-26,priya6836@sbi
C01411,T. Shaikh,+919898474032,tarun.shaikh31@gmail.com,"Oct 26, 1987",Lucknow,FULL,20 Mar 2025,tarun4032@icici
C00075,MANISH YADAV,9775411680,manish.yadav2@gmail.com,NULL,chennai,full_kyc,07 Apr 2025,manish1680@axl
C02475,S. Joshi,+918742966689,,20-05-1970,chennai,FULL,2022-10-01,sunita6689@hdfcbank
C01257,RAHUL VERMA,+916299129369,N/A,25/02/77,HYD,FULL,2020-09-04,rahul9369@sbi
C02955,ritu verma,+918820038461,N/A,1980-06-04,Kolkata,min kyc,18-01-2026,ritu8461@sbi
C03687,Anjali Yadav,65167 50628,,NULL,delhi,full,16 Mar 2023,anjali0628@axl
C03245,Rahul Bose,+918272829634,rahul.bose42@gmail.com,"Jan 08, 1969",Delhi,Full KYC,11 Sep 2022,rahul9634@okbank
C02754,Nisha Pillai,8976632569,nisha.pillai58@gmail.com,21/11/68,Hyderabad,full,12-11-2024,nisha2569@paytm
C04479,Priya Mehta,91-8896956047,N/A,29/07/95,Jaipur,pending,02-10-2025,priya6047@hdfcbank
C00319,farhan reddy,91-7921495927,farhan.reddy6@gmail.com,24-03-1981,Chennai,Full KYC,02-06-2023,farhan5927@icici
C03298,Nisha Pillai,6268036425,nisha.pillai27@gmail.com,1997-07-25,hyderabad,full_kyc,17 Feb 2022,nisha6425@paytm
C02290,Sanjay Kulkarni,+919123244516,NULL,22/03/94,New Delhi,PENDING,2025-10-29,sanjay4516@paytm
C03868,Rohan Patel,+918129493616,rohan.patel79@gmail.com,1976-04-06,bangalore,MIN,2020-08-23,rohan3616@okbank
C01603,A. Das,09113230431,amit.das15@gmail.com,11-09-1995,MUMBAI,min kyc,18-03-2022,amit0431@okbank
C02349,Sanjay Reddy,+916805395306,unknown,"Sep 23, 1997",delhi,FULL,09-11-2019,sanjay5306@icici
C01408,suresh iyer,+916831073461,,1986-03-11,Bangalore,full_kyc,08-04-2023,suresh3461@hdfcbank
C01513,tarun kulkarni,9918256638,unknown,25-09-1977,Madras,full_kyc,08-10-2021,N/A
C00195,Pooja Yadav,8564671723,pooja.yadav59@gmail.com,"Mar 13, 1987",ahmedabad,full,23-03-2025,pooja1723@okbank
C01926,Imran Khan,6608262910,,"Jan 09, 1962",lucknow,min kyc,2021-12-22,imran2910@hdfcbank
C01177,S. Sharma,91-7170503104,sanjay.sharma98@gmail.com,02-02-1969,Kolkata,full,13 May 2025,sanjay3104@paytm
C03785,Ritu Bose,7252971979,,"Nov 04, 1993",Madras,FULL,03 May 2023,ritu1979@paytm
C01597,Meera Kulkarni,9036458362,meera.kulkarni13@gmail.com,"Apr 14, 1973",pune,FULL,30-03-2021,meera8362@okbank
C02579,Amit Das,6628490580,amit.das88@gmail.com,14/08/82,Chennai,full_kyc,11 Apr 2022,amit0580@paytm
C00895,Sneha Gupta,69354 77939,N/A,07-02-1988,jaipur,full,07-01-2025,sneha7939@icici
C03764,SNEHA SHARMA,09901305049,sneha.sharma90@gmail.com,2000-09-05,Lucknow,Full KYC,24-01-2023,sneha5049@sbi
C00671,Vikram Das,6700411979,vikram.das3@gmail.com,05/04/77,,minimum,12 Nov 2020,vikram1979@axl
C04835,Isha Menon,08661745230,isha.menon30@gmail.com,03-05-1986,ahmedabad,FULL,2022-01-30,isha5230@okbank
C00146,Amit  Menon ,72352 85368,amit.menon1@gmail.com,07-12-1966,HYD,minimum,28 Sep 2023,amit5368@okbank
C04095,S. Patel,6930621711,unknown,30/08/78,Calcutta,min,08 Sep 2020,swati1711@icici
C00205,"Kulkarni, Priya",+918529838408,priya.kulkarni61@gmail.com,1978-04-10,Madras,FULL,04 May 2025,priya8408@ybl
C00091,"Das, Vijay",63422 02362,,01/05/75,chennai,PENDING,2022-11-29,vijay2362@ybl
C03221,SUNITA BOSE,9278468866,sunita.bose94@gmail.com,"Nov 28, 1997",ahmedabad,minimum,03-02-2022,sunita8866@paytm
C04631,Priya Yadav,9948801886,N/A,27-11-2005,Jaipur,Full KYC,19-08-2024,priya1886@sbi
C00574,Harsh Menon,6962582144,harsh.menon88@gmail.com,15-10-1977,jaipur,full_kyc,10-03-2024,harsh2144@axl
C03729,harsh bose,08379897641,,"Mar 17, 1971",Ahmedabad,min,19 Mar 2026,harsh7641@sbi
C03296,R. Iyer,91-7140196288,rahul.iyer1@gmail.com,"Aug 16, 2002",ahmedabad,min,24 Mar 2026,rahul6288@okbank
C03624,"Patel, Harsh",70905 39243,harsh.patel72@gmail.com,16/02/82,Jaipur,,09-12-2022,harsh9243@sbi
C04403,farhan pillai,60000 96393,farhan.pillai77@gmail.com,"Apr 04, 1983",Ahmedabad,full_kyc,26 Apr 2026,farhan6393@hdfcbank
C02679,SWATI KULKARNI,74843 63512,unknown,1986-04-06,BLR,full_kyc,15-02-2020,swati3512@okbank
C01288,Sunita Patel,7386298850,NULL,28-03-1994,Kolkata,full,2025-11-01,sunita8850@okbank
C04457,Fatima Khan,9743702939,unknown,"May 20, 1990",,FULL,24 Sep 2025,fatima2939@okbank
C02600,Sanjay Shaikh,+917975978763,unknown,"May 07, 1974",,NA,2023-12-09,sanjay8763@hdfcbank
C00997,T. Das,06484865798,tarun.das33@gmail.com,24/09/03,jaipur,Full KYC,2023-07-01,tarun5798@sbi
C00130,Imran Mehta,6381866192,,"Aug 26, 1976",ahmedabad,Full KYC,20-02-2020,imran6192@sbi
C04078,Meera Yadav,6669282486,unknown,14/05/91,New Delhi,minimum,10 Mar 2020,meera2486@sbi
C04572,D. Desai,8179318589,deepak.desai27@gmail.com,"Jul 01, 1968",HYD,full_kyc,01 May 2026,deepak8589@hdfcbank
C02969,Deepak Patel,6474632788,N/A,1972-04-01,Delhi,minimum,2023-01-30,deepak2788@axl
C01763,Sneha Sharma,91-7399815404,sneha.sharma9@gmail.com,1995-07-13,mumbai,full,27 Nov 2024,sneha5404@icici
C04569,Rohan Das,6684922752,,,lucknow,FULL,2022-09-09,rohan2752@icici
C01876,Arjun Desai,+918722145273,arjun.desai90@gmail.com,1992-02-12,Bangalore,minimum,28-08-2019,arjun5273@okbank
C02250,Ritu Shaikh,08488574908,N/A,25-01-1984,ahmedabad,pending,07-07-2025,unknown
C04747,V. Shaikh,09931857462,vijay.shaikh62@gmail.com,27/12/83,Bengaluru,min kyc,12-07-2023,vijay7462@icici
C03325,Imran Iyer,08650459435,imran.iyer43@gmail.com,24/07/67,mumbai,Full KYC,08-08-2022,
C00723,Manish Menon,8274710604,manish.menon50@gmail.com,2002-10-13,kolkata,full,08-04-2026,manish0604@icici
C00996,RAHUL REDDY,8791120957,rahul.reddy37@gmail.com,N/A,delhi,FULL,2024-08-03,rahul0957@ybl
C01189,Ritu Chopra,7199654552,ritu.chopra81@gmail.com,1967-12-11,HYD,full,28 Sep 2020,ritu4552@sbi
C04659,Isha  Sharma ,7410153776,N/A,"Nov 07, 1985",Lucknow,Full KYC,31-05-2022,isha3776@axl
C90047,SUNITA KHAN,8780831734,sunita.khan27@gmail.com,1965-05-17,New Delhi,NA,06-06-2022,unknown
C90020,Imran Kulkarni,9068859888,imran.kulkarni68@gmail.com,15/10/88,MUMBAI,PENDING,03 Feb 2020,imran9888@icici
C00129,Imran Pillai,73014 91913,imran.pillai43@gmail.com,"Nov 07, 2001",Poona,full_kyc,06-07-2022,imran1913@sbi
C00246,D. Khan,06129778416,deepak.khan47@gmail.com,18/02/93,bangalore,full_kyc,2025-12-22,deepak8416@sbi
C03380,priya kulkarni,8827107691,unknown,"Aug 02, 1997",hyderabad,Full KYC,2026-03-05,priya7691@sbi
C03306,"Reddy, Aarti",76175 84134,,"May 27, 2003",Amdavad,min,12-02-2025,aarti4134@icici
C90269,Tarun Iyer,+917256363367,tarun.iyer37@gmail.com,"Dec 09, 1978",pune,full_kyc,06-10-2022,tarun3367@ybl
C02375,M. Pillai,+919818325770,,10/01/88,Bengaluru,min kyc,09-09-2024,meera5770@icici
C04491,Vikram Kulkarni,8462869663,vikram.kulkarni16@gmail.com,10-09-2001,ahmedabad,min,01-06-2024,vikram9663@icici
C04602,Rohan  Singh ,84962 20984,rohan.singh76@gmail.com,"Feb 06, 1974",lucknow,full,2020-12-29,rohan0984@ybl
C01931,arjun bose,8247234245,NULL,"Nov 29, 1963",ahmedabad,min,30-03-2025,arjun4245@ybl
C01584,"Nair, Imran",7341645499,unknown,27/10/93,Lucknow,full,16 Apr 2022,imran5499@sbi
C02713,Deepak Iyer,9794800611,deepak.iyer94@gmail.com,1995-06-20,Kolkata,full,04-07-2023,deepak0611@ybl
C03589,FATIMA BOSE,+918052102656,,07/02/67,Ahmedabad,Full KYC,29-01-2026,fatima2656@sbi
C03307,Nisha Khan,75300 40875,nisha.khan61@gmail.com,"Dec 10, 1983",chennai,min,17 Apr 2025,nisha0875@paytm
C03806,sneha verma,6155786256,,N/A,,min kyc,02-07-2025,sneha6256@axl
C90101,"Joshi, Swati",8965967984,swati.joshi35@gmail.com,17-11-1989,Pune,FULL,22-05-2021,swati7984@axl
C01770,Manish Das,66857 21953,manish.das49@gmail.com,1978-08-07,Pune,min kyc,29 Sep 2022,manish1953@icici
C01360,TARUN SHARMA,+916807217581,tarun.sharma36@gmail.com,1963-10-07,bangalore,minimum,2023-09-03,tarun7581@hdfcbank
C03898,S. Patel,91-6680442940,unknown,09/10/72,,,2020-12-30,sanjay2940@paytm
C02015,F. Chopra,66615 94995,fatima.chopra80@gmail.com,"Mar 09, 2004",Hyderabad,NA,2022-01-04,fatima4995@axl
C02252,Divya Das,06990689734,NULL,1989-04-10,kolkata,PENDING,2023-07-26,divya9734@ybl
C02521,neha bose,7515806605,neha.bose5@gmail.com,06-12-1992,MUMBAI,full,14-05-2025,neha6605@paytm
C00753,AMIT DESAI,+916578872441,amit.desai58@gmail.com,1962-07-18,Pune,minimum,2025-07-21,amit2441@okbank
C04092,SANJAY SHAIKH,6494412748,,16/10/80,hyderabad,full_kyc,05-02-2023,sanjay2748@icici
C04860,IMRAN BOSE,7508323118,imran.bose54@gmail.com,1965-11-30,DELHI,pending,05 Dec 2020,imran3118@paytm
C03514,ARJUN KHAN,+918184690534,NULL,24/11/64,Lucknow,Full KYC,16-09-2024,arjun0534@icici
C03311,Karan Menon,91-8478087677,unknown,13/02/64,HYD,pending,02 Feb 2023,karan7677@hdfcbank
C00960,Tarun Nair,+918932348395,N/A,09-02-2006,Kolkata,PENDING,14 Sep 2025,tarun8395@sbi
C01868,AARTI CHOPRA,8460062042,NULL,1987-05-22,mumbai,Full KYC,12 Sep 2020,aarti2042@ybl
C01842,D. Desai,07573602170,divya.desai24@gmail.com,"Oct 10, 1977",BLR,FULL,2022-01-10,divya2170@hdfcbank
C00455,Farhan Shaikh,+918500971805,farhan.shaikh3@gmail.com,31/10/04,Delhi,full_kyc,10-11-2019,farhan1805@icici
C03890,VIJAY MEHTA,9495081221,vijay.mehta58@gmail.com,,Poona,Full KYC,2023-12-29,vijay1221@axl
C02625,arjun patel,9951377498,arjun.patel3@gmail.com,02-12-1991,chennai,min,25-11-2020,arjun7498@sbi
C00706,Fatima Khan,8303395247,fatima.khan10@gmail.com,01/11/99,Kolkata,PENDING,16 Aug 2024,fatima5247@sbi
C01582,MANISH PILLAI,89404 65209,manish.pillai89@gmail.com,"Mar 27, 1965",Poona,MIN,2023-09-02,manish5209@icici
C90028,"Iyer, Kavita",+919476113429,kavita.iyer41@gmail.com,1984-10-31,jaipur,Full KYC,06 Sep 2024,kavita3429@hdfcbank
C03052,VIKRAM KULKARNI,+916475348123,vikram.kulkarni99@gmail.com,"Jun 29, 1984",mumbai,min kyc,2021-04-17,vikram8123@okbank
C01894,Sneha Iyer,8978478068,unknown,30/03/76,BLR,minimum,24-10-2019,sneha8068@hdfcbank
C01774,Sneha Yadav,+918947480382,sneha.yadav64@gmail.com,1970-06-08,MUMBAI,PENDING,07-10-2020,sneha0382@sbi
C04018,ISHA BOSE,8308750806,,N/A,hyderabad,FULL,26-09-2025,isha0806@paytm
C00862,Manish Pillai,7993155678,manish.pillai17@gmail.com,17-01-1970,Kolkata,minimum,2019-11-09,manish5678@okbank
C90128,Sunita Yadav,+918320611525,sunita.yadav77@gmail.com,07/06/72,Lucknow,,06 May 2022,N/A
C01788,IMRAN VERMA,8627418675,imran.verma67@gmail.com,28-04-2004,HYD,minimum,2025-09-29,imran8675@hdfcbank
C03959,Sunita Sharma,8493213115,,31-01-1963,pune,minimum,2021-09-10,sunita3115@okbank
C00216,Deepak Patel,91-8395384465,deepak.patel10@gmail.com,"Jun 20, 1973",Jaipur,FULL,21 Jul 2025,deepak4465@icici
C03228,"Bose, Divya",9183099689,divya.bose35@gmail.com,15/02/93,Bangalore,MIN,08 Sep 2019,divya9689@ybl
C04769,Aarti Shaikh,91-9585866221,aarti.shaikh84@gmail.com,"Jan 25, 1999",BLR,min kyc,25 Jun 2025,aarti6221@sbi
C04223,Ritu Desai,6436820160,ritu.desai42@gmail.com,"Jun 09, 1981",Bombay,FULL,19-12-2025,ritu0160@axl
C00788,Aarti Reddy,09502615345,aarti.reddy4@gmail.com,,HYD,full,2025-01-07,aarti5345@axl
C01493,Nisha Reddy,08002210199,nisha.reddy53@gmail.com,17/04/70,Hyderabad,full_kyc,01-08-2022,nisha0199@okbank
C01425,Imran Joshi,74364 89377,imran.joshi87@gmail.com,1998-02-23,Jaipur,min kyc,18-09-2025,imran9377@axl
C90209,Kavita Chopra,9467175871,kavita.chopra33@gmail.com,08-10-1982,Lucknow,FULL,2020-10-08,kavita5871@ybl
C90211,S. Das,+916021153867,,25-04-1966,Madras,minimum,05-09-2021,
C02738,Kavita Singh,91-7632043043,NULL,26-02-1977,Jaipur,full,12 Mar 2020,kavita3043@icici
C01110,SUNITA SHARMA,9307978000,sunita.sharma26@gmail.com,1970-04-08,Lucknow,pending,28 Jun 2024,sunita8000@icici
C02220,Harsh Joshi,+918846831768,harsh.joshi35@gmail.com,1985-12-20,Bengaluru,,29 Oct 2021,harsh1768@hdfcbank
C01688,AARTI NAIR,6373192018,aarti.nair72@gmail.com,"Aug 31, 1973",kolkata,FULL,01-11-2023,aarti2018@hdfcbank
C03980,Aarti Verma,6376745366,aarti.verma83@gmail.com,01-11-1961,Bangalore,minimum,10-11-2021,aarti5366@sbi
C02211,"Desai, Kavita",6970845056,kavita.desai13@gmail.com,1970-12-31,Chennai,min kyc,17 Jan 2021,kavita5056@okbank
C02108,NISHA VERMA,7469094624,nisha.verma15@gmail.com,,Bombay,MIN,15-03-2023,nisha4624@paytm
C03754,Aarti Sharma,+916625385077,aarti.sharma92@gmail.com,1982-02-28,Bangalore,Full KYC,2022-12-20,
C03665,Aarti  Chopra ,07334557406,aarti.chopra41@gmail.com,"May 24, 1983",Pune,min kyc,16 Dec 2021,aarti7406@hdfcbank
C04478,I. Desai,+918143458993,,13/01/82,BLR,FULL,08 Apr 2025,imran8993@icici
C03907,SUNITA SHARMA,+918705749199,sunita.sharma61@gmail.com,20-01-1997,,full_kyc,18 Apr 2025,sunita9199@axl
C04494,anjali bose,+917702251236,anjali.bose80@gmail.com,,Bangalore,pending,2019-11-19,anjali1236@sbi
C04037,Neha Yadav,+917292977082,neha.yadav14@gmail.com,1979-11-17,DELHI,full,2020-08-28,neha7082@hdfcbank
C90040,Nisha Reddy,8002210199,,1970-04-17,Hyderabad,min,01 Aug 2022,
C03792,A. Iyer,6806111099,anjali.iyer33@gmail.com,14-12-2004,MUMBAI,Full KYC,03 Mar 2023,anjali1099@axl
C03795,kavita bose,08782139775,NULL,NULL,Madras,full,2021-09-03,kavita9775@icici
C02115,sunita menon,9330956831,,2000-10-15,kolkata,FULL,04-04-2024,sunita6831@icici
C00975,VIKRAM KULKARNI,+917407628430,N/A,02-11-1985,jaipur,FULL,2022-11-05,vikram8430@paytm
C04335,manish bose,06731625536,manish.bose11@gmail.com,19/07/04,Ahmedabad,min kyc,22-01-2021,manish5536@icici
C90225,Suresh Reddy,6083529259,suresh.reddy76@gmail.com,12-08-1976,mumbai,min,04 Feb 2021,suresh9259@hdfcbank
C03610,Arjun Menon,67648 50081,N/A,2003-07-29,HYD,Full KYC,2024-12-12,arjun0081@axl
C03886,Suresh Kulkarni,9206153182,,07-10-1998,Hyderabad,minimum,2025-06-24,suresh3182@sbi
C01920,Farhan Reddy,+916612384648,farhan.reddy77@gmail.com,1991-09-17,Bombay,min,14 Aug 2023,farhan4648@okbank
C01602,P. Chopra,61413 85402,N/A,01-02-1988,,full_kyc,2025-03-04,pooja5402@axl
C00794,Sanjay Sharma,06582287656,sanjay.sharma71@gmail.com,"May 31, 1977",jaipur,pending,19-05-2026,sanjay7656@ybl
C01610,A. Yadav,8631314221,anjali.yadav70@gmail.com,"Dec 26, 1985",Amdavad,MIN,24-05-2025,anjali4221@axl
C02319,FATIMA JOSHI,6833620381,fatima.joshi44@gmail.com,05-02-1982,Delhi,FULL,2024-11-04,fatima0381@ybl
C02343,Aarti Menon,7168206352,,13/11/74,lucknow,FULL,12-09-2021,aarti6352@paytm
C01389,Suresh  Singh ,09471590259,,24-03-1969,Amdavad,min,15-12-2025,suresh0259@axl
C01485,"Chopra, Swati",9625133077,swati.chopra58@gmail.com,1983-04-26,Amdavad,full_kyc,01 Oct 2025,swati3077@okbank
C00199,Nisha Khan,75631 34564,unknown,27/08/86,Calcutta,min kyc,2020-07-21,nisha4564@okbank
C04394,Nisha Bose,9345347995,N/A,09-03-1963,delhi,min kyc,09-10-2022,nisha7995@axl
C02144,Karan Verma,91-6879753989,NULL,"Jun 19, 1997",MUMBAI,min,21-09-2024,karan3989@sbi
C00090,R. Chopra,86328 44614,NULL,01/09/02,Poona,full,2024-10-21,rahul4614@paytm
C04272,Manish Khan,91-8029838548,,1984-07-27,kolkata,full_kyc,2023-03-17,manish8548@icici
C03085,Karan Menon,6181524222,karan.menon10@gmail.com,23-11-1984,delhi,FULL,2021-09-30,karan4222@paytm
C90200,Neha Desai,+919546049620,neha.desai83@gmail.com,29/07/04,hyderabad,NA,01 Mar 2021,neha9620@paytm
C00591,"Kulkarni, Kavita",+919773830621,,1985-12-01,BLR,min,2020-02-18,
C03843,A. Sharma,7776522603,N/A,20/12/81,pune,min,15 Nov 2025,arjun2603@icici
C02480,Sneha Das,+916021153867,sneha.das89@gmail.com,25-04-1966,Chennai,min kyc,05 Sep 2021,sneha3867@axl
C03778,RAHUL REDDY,9770139116,unknown,1986-11-08,BLR,min,2026-01-14,rahul9116@paytm
C02244,Arjun Das,6141190853,NULL,22/09/71,Jaipur,full_kyc,06-05-2022,arjun0853@axl
C04521,PRIYA DAS,+919523052985,unknown,1983-03-03,Kolkata,min kyc,15 Oct 2019,priya2985@paytm
C04708,SURESH VERMA,09920715641,suresh.verma58@gmail.com,"Jun 20, 1981",Mumbai,FULL,26-02-2023,suresh5641@sbi
C01587,A. Desai,91-7083221808,amit.desai64@gmail.com,27-02-1973,jaipur,min kyc,24 Jun 2023,amit1808@sbi
C01607,Vikram Desai,6493504628,vikram.desai68@gmail.com,24/09/62,pune,full,2020-07-01,N/A
C90277,Arjun Gupta,91-9606964098,NULL,1971-05-03,New Delhi,full_kyc,28-06-2020,arjun4098@okbank
C02776,Swati Shaikh,8495555127,swati.shaikh24@gmail.com,"Nov 20, 1995",Pune,full_kyc,22 Jun 2020,swati5127@axl
C04296,Fatima Das,95320 93814,fatima.das52@gmail.com,1989-07-03,MUMBAI,MIN,07 Jan 2023,fatima3814@paytm
C02801,"Chopra, Manish",8213128955,unknown,1969-06-22,Ahmedabad,min kyc,26 Jan 2025,manish8955@axl
C90116,Swati Khan,7132831663,swati.khan54@gmail.com,11-10-1967,Delhi,min kyc,19 Apr 2023,
C04686,Suresh Joshi,85397 20279,suresh.joshi92@gmail.com,27/05/61,Amdavad,full_kyc,15-08-2024,suresh0279@hdfcbank
C02137,Pooja Bose,08801541427,pooja.bose39@gmail.com,31-05-1995,Lucknow,FULL,2023-02-11,pooja1427@okbank
C04757,Vikram Patel,6149071331,vikram.patel13@gmail.com,"Jun 23, 1965",Hyderabad,min kyc,2023-01-18,vikram1331@paytm
C01207,fatima pillai,+916087488764,fatima.pillai19@gmail.com,"Mar 04, 1986",Jaipur,PENDING,26 Nov 2019,fatima8764@paytm
C02421,Amit  Das ,70087 10254,amit.das62@gmail.com,NULL,Bombay,full,20 Sep 2025,amit0254@icici
C04768,Anjali Khan,91-8620222723,,21-05-1961,Lucknow,full,03 Apr 2022,anjali2723@icici
C01966,Pooja  Chopra ,09818926097,N/A,,pune,FULL,2024-11-23,pooja6097@axl
C90017,Isha Kulkarni,9696417881,isha.kulkarni84@gmail.com,25-03-1973,Jaipur,minimum,2026-02-07,isha7881@axl
C00958,A. Menon,88879 24986,arjun.menon40@gmail.com,19-09-1993,Amdavad,Full KYC,31 Aug 2023,arjun4986@paytm
C00885,Manish Singh,9808288912,manish.singh61@gmail.com,1965-07-29,Ahmedabad,full,09 May 2020,manish8912@hdfcbank
C04724,Manish Shaikh,8083856586,manish.shaikh25@gmail.com,17/07/61,Bombay,min,2019-09-23,manish6586@icici
C00719,Vikram  Pillai ,+918868830658,vikram.pillai67@gmail.com,22/08/83,Poona,full_kyc,10-12-2022,vikram0658@okbank
C90187,tarun singh,9959031622,tarun.singh35@gmail.com,15/11/92,Chennai,minimum,2024-02-25,tarun1622@axl
C01886,I. Chopra,7585795219,isha.chopra98@gmail.com,23/05/66,Amdavad,full,09-07-2025,isha5219@paytm
C03347,Sunita  Nair ,+919098370145,,08-08-2001,HYD,,02 Feb 2025,sunita0145@okbank
C04995,R. Khan,+917492871715,rohan.khan36@gmail.com,01-10-1977,jaipur,full_kyc,02 Feb 2022,rohan1715@sbi
C03859,Vijay Khan,9612381496,,1992-02-08,Bombay,min,2024-08-06,vijay1496@ybl
C01635,Rahul Joshi,9390497437,rahul.joshi68@gmail.com,27/09/78,Jaipur,full_kyc,06 May 2022,rahul7437@axl
C01242,Sanjay Bose,7602421067,N/A,"May 14, 1961",DELHI,full_kyc,31 Aug 2021,sanjay1067@hdfcbank
C03045,S. Patel,06548133954,sneha.patel1@gmail.com,22/09/80,chennai,MIN,07-02-2025,sneha3954@okbank
C01136,meera pillai,91-7236604781,NULL,1973-03-03,Bangalore,MIN,2021-09-13,meera4781@sbi
C04964,Swati Chopra,9629480631,swati.chopra37@gmail.com,1983-09-06,Jaipur,FULL,15-05-2023,swati0631@paytm
C01634,Sanjay Yadav,+917781725229,N/A,24/03/99,Calcutta,full_kyc,04-05-2025,sanjay5229@icici
C00061,MEERA MEHTA,91-8319080078,unknown,NULL,lucknow,pending,2020-02-13,meera0078@paytm
C01280,Priya Singh,91-8603373147,NULL,07-10-1980,Chennai,full_kyc,18-10-2024,priya3147@sbi
C01988,K. Reddy,68182 88366,karan.reddy66@gmail.com,09/03/05,kolkata,min kyc,28 Feb 2025,karan8366@ybl
C04789,SURESH MENON,8683142318,,20/10/61,ahmedabad,NA,30 Jul 2020,suresh2318@hdfcbank
C02347,RAHUL KHAN,91-9761858964,,19/10/90,Ahmedabad,min kyc,02 Oct 2023,rahul8964@paytm
C01777,RITU PILLAI,91-9882101342,unknown,"May 22, 1979",hyderabad,full,31 Mar 2025,ritu1342@okbank
C02759,"Reddy, Imran",6749508569,,2005-12-11,,full_kyc,18 Sep 2021,imran8569@okbank
C02937,RITU GUPTA,6329467236,ritu.gupta93@gmail.com,07-09-2004,Chennai,MIN,07-07-2025,ritu7236@sbi
C02839,Manish Bose,73686 91728,manish.bose44@gmail.com,19/11/87,mumbai,Full KYC,03 Mar 2021,manish1728@sbi
C01072,Farhan Verma,+916018787505,,12/05/73,Poona,full,2019-09-23,farhan7505@hdfcbank
C04728,sanjay patel,+919812572758,,10-07-1980,pune,MIN,2023-08-08,sanjay2758@paytm
C90123,Neha Singh,06755918616,neha.singh26@gmail.com,31/07/61,Jaipur,MIN,01 Mar 2024,neha8616@okbank
C04559,Amit Gupta,+918794420177,amit.gupta20@gmail.com,07-04-1976,Delhi,Full KYC,14-06-2025,amit0177@axl
C02793,Aarti Iyer,7918966247,NULL,03/10/75,Bangalore,min,2024-01-27,aarti6247@axl
C00087,Vijay Desai,60374 44513,vijay.desai15@gmail.com,1967-08-28,jaipur,full,2020-08-12,vijay4513@paytm
C03635,ISHA SINGH,+916581733718,isha.singh98@gmail.com,13/07/65,Madras,Full KYC,21 Oct 2022,isha3718@icici
C01144,"Reddy, Rahul",9710516082,rahul.reddy52@gmail.com,28-10-1963,Amdavad,min kyc,06 Sep 2025,rahul6082@sbi
C04129,Suresh Verma,+917068213954,suresh.verma63@gmail.com,"Dec 13, 1964",hyderabad,full,05 Jan 2022,suresh3954@okbank
C04606,Sunita Das,9319322371,sunita.das82@gmail.com,1973-07-13,Lucknow,Full KYC,07-03-2025,sunita2371@okbank
C02883,Aarti Kulkarni,7611740965,,2004-02-21,jaipur,FULL,15-02-2023,aarti0965@icici
C04573,Rahul Shaikh,7874757994,rahul.shaikh95@gmail.com,N/A,DELHI,FULL,2022-08-12,rahul7994@hdfcbank
C90294,ROHAN SINGH,8496220984,NULL,1974-02-06,Lucknow,min kyc,2020-12-29,rohan0984@ybl
C03309,VIKRAM YADAV,6811453229,vikram.yadav1@gmail.com,"Mar 20, 1981",,full_kyc,2024-01-30,vikram3229@okbank
C04615,Kavita  Nair ,6285633251,kavita.nair17@gmail.com,14-03-2004,MUMBAI,Full KYC,2021-11-21,kavita3251@icici
C02287,Sanjay Sharma,9529432516,NULL,2000-01-18,Lucknow,Full KYC,08 Nov 2025,sanjay2516@icici
C00474,Divya Mehta,8166713875,divya.mehta56@gmail.com,04-05-1994,,min,23-01-2024,divya3875@icici
C00727,AARTI PILLAI,07978388955,aarti.pillai48@gmail.com,"May 13, 1961",HYD,PENDING,27 Jul 2024,aarti8955@axl
C03556,TARUN YADAV,06146643898,tarun.yadav12@gmail.com,1972-09-16,Pune,min,08 Sep 2025,tarun3898@sbi
C00184,nisha sharma,7283153009,,26-11-2001,Ahmedabad,FULL,18 Aug 2022,
C04036,POOJA VERMA,8228663028,,"May 03, 1993",Lucknow,,14-01-2021,pooja3028@okbank
C02527,S. Pillai,9971874823,,1988-10-11,Hyderabad,MIN,2025-08-21,sanjay4823@icici
C04371,MEERA PILLAI,8290866127,unknown,23-01-1991,chennai,Full KYC,30 Apr 2021,meera6127@ybl
C03630,Suresh Reddy,6117617908,,28/04/90,,MIN,2020-09-16,suresh7908@icici
C02836,SURESH NAIR,7439866075,suresh.nair21@gmail.com,1965-08-10,Ahmedabad,MIN,17 Sep 2020,suresh6075@ybl
C02277,Kavita Yadav,+918542465742,kavita.yadav59@gmail.com,1972-08-28,Jaipur,full_kyc,06 Nov 2021,kavita5742@okbank
C01022,Vijay  Yadav ,+916326081525,unknown,1980-11-13,Bombay,full,13 May 2020,vijay1525@icici
C02327,SANJAY BOSE,60509 64442,sanjay.bose84@gmail.com,19-12-1993,bangalore,Full KYC,16-09-2024,sanjay4442@sbi
C02876,Nisha Kulkarni,6917327998,nisha.kulkarni47@gmail.com,"Jan 12, 1971",Pune,full,20 Apr 2026,nisha7998@hdfcbank
C90091,Vikram Mehta,+918820682389,vikram.mehta34@gmail.com,04-11-1996,Pune,min kyc,05 Oct 2022,vikram2389@hdfcbank
C04027,Rohan Menon,6234835006,rohan.menon76@gmail.com,1964-06-18,Poona,full,2021-01-08,rohan5006@paytm
C04537,V. Shaikh,08109418632,N/A,18/07/61,Lucknow,full_kyc,14 Oct 2023,vijay8632@hdfcbank
C00172,Vijay Khan,+916951253434,vijay.khan37@gmail.com,10/06/03,mumbai,full,24 Nov 2021,vijay3434@ybl
C00233,Priya Nair,07581874041,,29-04-1989,Jaipur,full,11 Feb 2020,priya4041@hdfcbank
C05016,Manish Menon,9149866155,NULL,N/A,ahmedabad,minimum,2026-06-28,manish6155@hdfcbank
C01395,D. Kulkarni,7636790125,deepak.kulkarni57@gmail.com,"Sep 30, 1968",MUMBAI,full_kyc,15 Jan 2020,deepak0125@ybl
C03145,A. Sharma,6113065572,unknown,1988-03-20,Kolkata,full,25-09-2021,unknown
C01349,priya yadav,9684657852,priya.yadav66@gmail.com,20-10-2003,Hyderabad,FULL,20-05-2021,priya7852@icici
C01152,tarun iyer,7791519513,NULL,NULL,Delhi,PENDING,13 Jan 2020,tarun9513@icici
C00644,Sneha Bose,6129739420,sneha.bose90@gmail.com,14/04/93,Jaipur,full_kyc,28 Feb 2025,sneha9420@sbi
C01847,K. Singh,9329785179,,08-07-1996,Lucknow,minimum,2022-05-23,karan5179@axl
C04258,Farhan Kulkarni,91-7893077396,farhan.kulkarni80@gmail.com,1998-10-03,Bangalore,MIN,08 Jul 2023,farhan7396@sbi
C04167,DIVYA DESAI,7327080202,divya.desai53@gmail.com,12/08/67,jaipur,FULL,27 Feb 2026,divya0202@axl
C03480,Rahul Reddy,8904605192,unknown,20/08/91,lucknow,Full KYC,30 Jan 2021,rahul5192@icici
C01780,ISHA DAS,+916246125556,isha.das72@gmail.com,"Jun 04, 1975",,full,27 Jan 2021,isha5556@ybl
C02888,anjali reddy,6367498747,,"Dec 15, 1981",Jaipur,full_kyc,07 Aug 2024,anjali8747@sbi
C01567,imran singh,9796980444,,03/04/65,HYD,FULL,19-10-2024,imran0444@icici
C01319,F. Pillai,9347696386,,1985-11-10,HYD,full,19-09-2019,farhan6386@paytm
C01650,Nisha Mehta,95679 88876,nisha.mehta16@gmail.com,18-04-1997,,full,09 Mar 2023,nisha8876@paytm
C02253,Rohan Reddy,91-9607051361,NULL,1999-08-20,Hyderabad,full,22 Sep 2024,rohan1361@hdfcbank
C00537,MANISH SHAIKH,8817241329,manish.shaikh36@gmail.com,2002-05-17,Ahmedabad,Full KYC,08-07-2021,manish1329@okbank
C01006,Ritu Joshi,70332 56502,ritu.joshi57@gmail.com,07-08-1970,Poona,min,18-12-2025,ritu6502@okbank
C01414,"Pillai, Nisha",6604316203,unknown,N/A,Chennai,full,17-04-2025,nisha6203@sbi
C90034,Divya Menon,9398340955,unknown,08/09/78,Lucknow,minimum,24-07-2020,divya0955@paytm
C04825,Sneha Kulkarni,91-9449574022,sneha.kulkarni95@gmail.com,"Nov 05, 1966",mumbai,min,2024-12-11,sneha4022@icici
C02390,N. Reddy,9018270069,,15/03/83,MUMBAI,minimum,2022-04-28,nisha0069@ybl
C02849,Karan Patel,9538457882,karan.patel97@gmail.com,N/A,ahmedabad,pending,2024-02-13,karan7882@okbank
C01466,AMIT BOSE,8162969281,amit.bose42@gmail.com,29-09-1982,Madras,minimum,2021-10-04,amit9281@axl
C04379,Deepak Joshi,+917135997478,N/A,"Sep 27, 1971",Poona,full_kyc,11-10-2019,
C03584,Divya Pillai,7956292646,divya.pillai90@gmail.com,12-08-1981,Chennai,minimum,03 Oct 2025,divya2646@paytm
C00448,Rohan Singh,8007971389,rohan.singh87@gmail.com,NULL,HYD,full,30-05-2020,rohan1389@ybl
C00852,K. Reddy,6216247907,karan.reddy15@gmail.com,18/02/01,chennai,full_kyc,09-06-2023,karan7907@hdfcbank
C04209,Priya Chopra,07524429776,priya.chopra62@gmail.com,12/04/04,delhi,minimum,05 Jun 2025,priya9776@ybl
C02694,A. Iyer,9045661528,unknown,1977-11-01,ahmedabad,MIN,02-11-2022,anjali1528@icici
C00757,"Reddy, Neha",6532643331,neha.reddy94@gmail.com,"Jun 10, 1962",pune,Full KYC,07 Oct 2024,neha3331@sbi
C03115,Vikram Reddy,+917838505166,vikram.reddy64@gmail.com,1990-10-14,delhi,minimum,25-11-2023,vikram5166@hdfcbank
C01302,A. Pillai,6090703810,aarti.pillai46@gmail.com,N/A,,Full KYC,18-02-2020,aarti3810@icici
C90168,Vikram Pillai,+916656911070,unknown,"Aug 25, 1976",Jaipur,full,07-08-2021,vikram1070@hdfcbank
C04745,Manish Khan,+919387789265,manish.khan67@gmail.com,24-08-2000,Jaipur,min kyc,29-06-2023,manish9265@ybl
C00680,Harsh Mehta,7983801268,harsh.mehta25@gmail.com,"Dec 08, 1998",lucknow,MIN,11 Dec 2022,harsh1268@ybl
C00695,vijay desai,91-8691991627,,"Jun 15, 1968",Chennai,minimum,13 Nov 2020,vijay1627@okbank
C04655,Sanjay Chopra,+918862277414,,20/05/05,Amdavad,FULL,05 Oct 2024,sanjay7414@axl
C04801,Fatima Verma,6147442215,fatima.verma15@gmail.com,1984-03-24,Amdavad,Full KYC,2025-06-08,fatima2215@paytm
C01971,"Gupta, Meera",8712845749,N/A,17/01/74,Kolkata,FULL,2021-01-24,meera5749@axl
C00830,Harsh Khan,78339 18731,harsh.khan7@gmail.com,"Nov 17, 1988",Ahmedabad,full_kyc,17-12-2025,harsh8731@hdfcbank
C04741,Sunita Sharma,96528 14368,sunita.sharma36@gmail.com,"Dec 16, 1994",Kolkata,FULL,2022-11-17,sunita4368@paytm
C00563,MEERA JOSHI,+917063983920,N/A,16-01-1994,,FULL,25-09-2024,meera3920@icici
C04515,"Mehta, Vikram",+917733940515,vikram.mehta25@gmail.com,05/10/84,hyderabad,MIN,21 Jun 2020,vikram0515@axl
C01997,sunita menon,9301028387,sunita.menon38@gmail.com,"Dec 17, 2004",HYD,FULL,19 Dec 2021,sunita8387@okbank
C04941,VIJAY SHARMA,9117240481,vijay.sharma27@gmail.com,1985-10-26,Amdavad,full_kyc,30 Apr 2024,vijay0481@ybl
C03091,Divya Khan,6758270459,N/A,N/A,Bengaluru,min kyc,02-04-2024,divya0459@sbi
C01747,D. Singh,+919298124449,divya.singh6@gmail.com,22/09/61,pune,Full KYC,2023-04-24,divya4449@axl
C01793,Nisha Joshi,8187492785,nisha.joshi23@gmail.com,1973-03-18,Chennai,min,26 Jan 2025,nisha2785@okbank
C01236,Suresh Kulkarni,8724715411,unknown,22/11/65,Lucknow,pending,2023-08-23,suresh5411@sbi
C03092,Divya Gupta,6245969383,,02-02-1967,Bengaluru,full_kyc,2026-03-15,divya9383@paytm
C00145,Swati Pillai,9367970020,swati.pillai10@gmail.com,05/06/66,Kolkata,Full KYC,18-10-2020,swati0020@hdfcbank
C03200,DEEPAK MENON,+916896858005,deepak.menon74@gmail.com,1980-11-21,Lucknow,full,26 Mar 2021,deepak8005@okbank
C03690,"Pillai, Swati",6938873114,swati.pillai98@gmail.com,01/02/71,ahmedabad,minimum,2023-07-20,swati3114@axl
C04746,Karan Verma,91-8668777482,karan.verma70@gmail.com,27-10-1969,chennai,MIN,23 Dec 2020,karan7482@icici
C90097,Anjali Kulkarni,69491 18461,anjali.kulkarni31@gmail.com,24-03-1991,Delhi,minimum,31 Mar 2020,anjali8461@axl
C00280,Harsh Joshi,7513020579,harsh.joshi90@gmail.com,28-10-1974,pune,full,29-12-2020,harsh0579@axl
C00901,Meera Verma,8720734373,meera.verma26@gmail.com,1963-08-15,Lucknow,full_kyc,16-12-2022,meera4373@hdfcbank
C04525,Deepak Gupta,+918199847025,deepak.gupta89@gmail.com,NULL,Jaipur,Full KYC,08 Jun 2024,deepak7025@sbi
C05029,R. Singh,+917082950345,rohan.singh65@gmail.com,"Mar 02, 1990",Kolkata,minimum,27 Jun 2026,rohan0345@paytm
C04798,RITU YADAV,9526522340,unknown,NULL,Mumbai,full_kyc,11-02-2021,ritu2340@icici
C00642,Vijay Reddy,91-8106875933,,24/08/81,Poona,Full KYC,02 Aug 2024,vijay5933@sbi
C03572,Rahul Singh,8142105647,NULL,"May 25, 1977",,min,2025-04-24,rahul5647@paytm
C03343,Kavita Sharma,93725 67533,kavita.sharma29@gmail.com,"Jan 05, 1999",mumbai,NA,04 Aug 2023,kavita7533@ybl
C04796,Imran Desai,6131455086,imran.desai91@gmail.com,"Nov 05, 1987",mumbai,Full KYC,28 Jan 2026,imran5086@paytm
C03274,Vijay Pillai,6892181825,N/A,26/04/64,DELHI,FULL,2022-01-29,vijay1825@icici
C01917,sunita gupta,+918805619856,sunita.gupta8@gmail.com,07-07-1999,lucknow,full_kyc,2021-10-14,sunita9856@ybl
C00219,H. Shaikh,7781627345,,"Aug 14, 1981",,Full KYC,14-03-2025,harsh7345@okbank
C00608,Deepak Kulkarni,9732668434,N/A,NULL,Amdavad,NA,2025-03-01,deepak8434@hdfcbank
C02870,VIKRAM PATEL,+919988200806,NULL,17/07/84,kolkata,Full KYC,12-09-2022,vikram0806@ybl
C01510,Rohan Bose,64899 29899,rohan.bose8@gmail.com,N/A,New Delhi,min kyc,31 Dec 2024,rohan9899@okbank
C04310,Divya Verma,+917174256916,divya.verma58@gmail.com,06/02/70,kolkata,min,15-01-2021,divya6916@axl
C03774,Manish  Sharma ,8380374711,N/A,12/01/66,Lucknow,full_kyc,28-01-2022,manish4711@hdfcbank
C01153,Tarun Das,91-9658685777,N/A,"Mar 31, 1983",pune,full,2020-03-20,tarun5777@axl
C01446,V. Yadav,09843065843,vikram.yadav54@gmail.com,03-08-2005,Jaipur,Full KYC,2021-06-09,vikram5843@okbank
C04711,Pooja Desai,89285 32438,NULL,,lucknow,MIN,2024-06-30,pooja2438@axl
C04519,SUNITA MENON,6324973089,sunita.menon31@gmail.com,03-09-1974,ahmedabad,FULL,2022-09-14,sunita3089@paytm
C04737,"Pillai, Rohan",9288658904,rohan.pillai82@gmail.com,21/03/88,Lucknow,full_kyc,04 Jul 2023,rohan8904@paytm
C00269,A. Desai,6694605158,anjali.desai41@gmail.com,1973-02-20,Calcutta,full_kyc,12-05-2021,anjali5158@okbank
C03675,harsh bose,6648951855,harsh.bose97@gmail.com,1966-01-13,pune,full_kyc,15 Jan 2020,harsh1855@axl
C03460,Arjun Joshi,87106 17328,arjun.joshi71@gmail.com,21-07-1969,Kolkata,FULL,2023-05-09,arjun7328@sbi
C02831,Anjali Kulkarni,7801142466,,,Poona,full,05 Aug 2024,anjali2466@ybl
C01030,divya menon,91-8733161818,,05-02-1970,Calcutta,Full KYC,2020-10-13,divya1818@paytm
C02404,Priya Khan,09680694579,priya.khan21@gmail.com,15-10-1962,ahmedabad,FULL,25-09-2023,priya4579@icici
C01394,Amit Sharma,+916888761281,,08/09/73,Calcutta,min kyc,02 Jan 2025,amit1281@ybl
C04058,Nisha Nair,7896343664,nisha.nair59@gmail.com,03-11-1975,Calcutta,minimum,06-10-2025,nisha3664@axl
C00597,Farhan  Patel ,+919091036010,farhan.patel26@gmail.com,1994-08-08,jaipur,full,26-08-2023,farhan6010@paytm
C02285,farhan joshi,6047798496,NULL,31/12/66,Chennai,full,12 Jul 2025,farhan8496@sbi
C02931,"Das, Vikram",76080 48579,vikram.das15@gmail.com,,bangalore,FULL,2022-08-10,vikram8579@sbi
C03707,sneha reddy,7601371562,sneha.reddy89@gmail.com,1962-06-28,pune,full,06-08-2025,sneha1562@ybl
C04809,R. Das,+916085437794,rahul.das68@gmail.com,"Apr 30, 2004",Kolkata,FULL,17 Jul 2024,rahul7794@sbi
C02855,Sunita Desai,+916144885452,,18-05-1972,hyderabad,Full KYC,2021-07-17,sunita5452@hdfcbank
C04034,Meera Verma,08822781237,meera.verma27@gmail.com,1977-04-16,jaipur,full,30-10-2019,meera1237@icici
C03327,Nisha  Kulkarni ,6341956450,nisha.kulkarni27@gmail.com,07-06-1978,MUMBAI,NA,27-10-2019,nisha6450@sbi
C00049,Divya  Shaikh ,7246116364,divya.shaikh25@gmail.com,03-11-1973,pune,Full KYC,27-07-2023,divya6364@sbi
C03999,Pooja Menon,7963998342,,03/07/90,hyderabad,full_kyc,23-11-2024,pooja8342@ybl
C03165,"Gupta, Anjali",+919470270006,anjali.gupta89@gmail.com,11/01/77,Kolkata,min,2025-04-05,anjali0006@ybl
C00238,ANJALI YADAV,7180683495,N/A,10-06-1985,ahmedabad,full_kyc,15-05-2020,anjali3495@ybl
C02949,rahul yadav,7012136241,,NULL,hyderabad,Full KYC,30 Jan 2026,rahul6241@hdfcbank
C00413,Vijay Mehta,7078898204,vijay.mehta16@gmail.com,27-10-1966,Bangalore,full_kyc,2020-09-15,vijay8204@paytm
C00006,SURESH CHOPRA,6781165354,unknown,"Jul 23, 1983",Amdavad,min,2026-04-15,suresh5354@axl
C03636,Suresh Sharma,07331929913,suresh.sharma10@gmail.com,16-06-1962,Kolkata,min kyc,2021-04-21,suresh9913@okbank
C00371,Nisha Pillai,8357074780,nisha.pillai1@gmail.com,06/05/98,HYD,full,2021-04-25,nisha4780@hdfcbank
C00438,Neha Kulkarni,+919720866662,neha.kulkarni16@gmail.com,11/11/01,bangalore,full,31 Aug 2019,neha6662@icici
C03083,Swati Pillai,76621 99046,swati.pillai9@gmail.com,"Nov 22, 1986",Kolkata,full,22 Dec 2021,swati9046@icici
C02592,SURESH KHAN,88253 43839,suresh.khan80@gmail.com,1976-04-23,hyderabad,full_kyc,05 Aug 2023,suresh3839@axl
C00514,Anjali Sharma,76681 33950,anjali.sharma41@gmail.com,01-11-1983,Delhi,full,31 Jan 2026,anjali3950@icici
C01735,ISHA PILLAI,91-9068354633,isha.pillai41@gmail.com,21-06-1969,jaipur,PENDING,2023-10-06,isha4633@axl
C04071,Ritu Joshi,+918432613761,ritu.joshi30@gmail.com,01-05-1989,Madras,FULL,2022-04-29,ritu3761@ybl
C00001,DEEPAK SINGH,91-6721175500,NULL,"Nov 15, 1981",ahmedabad,MIN,2020-02-15,deepak5500@ybl
C04549,"Sharma, Anjali",07882810801,anjali.sharma15@gmail.com,21-08-2000,Bangalore,MIN,28-05-2020,anjali0801@icici
C00018,K. Khan,9138788221,kavita.khan46@gmail.com,17/06/97,Lucknow,minimum,06-10-2023,kavita8221@hdfcbank
C00886,meera verma,7666628959,,"Jul 05, 1968",Pune,full_kyc,03 Jan 2020,meera8959@icici
C03506,TARUN KULKARNI,7209598597,tarun.kulkarni3@gmail.com,12/05/04,Mumbai,MIN,08 Jan 2024,tarun8597@hdfcbank
C03739,S. Menon,+916594078272,sneha.menon60@gmail.com,"Dec 03, 1986",Poona,,2023-10-23,sneha8272@ybl
C02528,isha yadav,+917529718627,isha.yadav21@gmail.com,"Nov 29, 1973",Mumbai,full,02-02-2021,isha8627@axl
C00826,S. Pillai,+917152785789,sanjay.pillai82@gmail.com,1978-01-30,Delhi,full,01 Dec 2023,sanjay5789@paytm
C02493,Sanjay Bose,91-6505420119,sanjay.bose63@gmail.com,20/03/62,,full,30 Oct 2021,sanjay0119@axl
C00506,Anjali Joshi,6664435571,anjali.joshi16@gmail.com,1976-10-10,Jaipur,full_kyc,07-06-2024,anjali5571@icici
C03402,Manish Das,9347587438,manish.das16@gmail.com,2000-02-20,lucknow,Full KYC,2021-08-31,manish7438@paytm
C03838,anjali bose,8691318673,anjali.bose88@gmail.com,15/02/97,MUMBAI,Full KYC,14-04-2021,anjali8673@icici
C02065,Karan Singh,6145021015,NULL,2005-12-04,ahmedabad,minimum,27-04-2022,karan1015@ybl
C03127,Isha Bose,8892846263,NULL,24/11/71,lucknow,FULL,07 Apr 2023,isha6263@ybl
C04432,SUNITA KHAN,+917679525730,NULL,26-12-1982,Amdavad,full,27 Mar 2020,sunita5730@icici
C01243,TARUN KHAN,9751993177,unknown,"Aug 28, 2000",Calcutta,full_kyc,20 Apr 2023,tarun3177@hdfcbank
C01608,S. Chopra,9061457581,swati.chopra70@gmail.com,05-04-1977,lucknow,PENDING,2023-07-23,swati7581@paytm
C02800,Sanjay Sharma,8381881587,N/A,2004-02-20,chennai,full_kyc,02-01-2023,sanjay1587@ybl
C00847,NISHA SINGH,07257332935,nisha.singh32@gmail.com,NULL,BLR,full,2023-02-13,nisha2935@ybl
C02497,rahul desai,07274973146,rahul.desai34@gmail.com,1973-03-18,Calcutta,full_kyc,2024-11-30,rahul3146@axl
C04113,VIKRAM KHAN,7541011417,vikram.khan15@gmail.com,04/01/88,Hyderabad,full_kyc,24-04-2026,vikram1417@axl
C02168,KAVITA SINGH,80531 27791,kavita.singh12@gmail.com,2001-03-03,lucknow,FULL,17 Jan 2021,kavita7791@sbi
C02767,Amit Sharma,+917058991454,amit.sharma33@gmail.com,30/11/65,Kolkata,MIN,30 Sep 2020,amit1454@hdfcbank
C03737,DEEPAK PILLAI,81010 78644,deepak.pillai44@gmail.com,"May 15, 1998",bangalore,full,2021-11-27,deepak8644@axl
C01381,MEERA VERMA,6804850023,meera.verma71@gmail.com,13-06-1993,kolkata,full_kyc,09-09-2019,meera0023@axl
C02176,Deepak Khan,+919000964472,deepak.khan95@gmail.com,"Sep 22, 1989",Lucknow,MIN,2021-01-27,deepak4472@axl
C03711,ISHA YADAV,7483802687,isha.yadav42@gmail.com,"May 03, 1961",Bengaluru,full_kyc,08 Oct 2023,isha2687@ybl
C00348,aarti patel,08526342565,,02-09-1962,Amdavad,MIN,2019-12-13,aarti2565@sbi
C03159,Deepak Joshi,07412099266,,"Mar 16, 1965",Ahmedabad,Full KYC,17-12-2025,deepak9266@ybl
C03293,Swati Menon,6785220197,,20-02-1981,hyderabad,min,2023-12-10,swati0197@axl
C02505,Anjali Mehta,7739342622,anjali.mehta61@gmail.com,2000-06-06,New Delhi,MIN,2025-09-10,anjali2622@sbi
C02164,Rahul Das,91-6810784602,rahul.das54@gmail.com,NULL,Delhi,full,28-11-2019,rahul4602@icici
C90050,Manish  Bose ,06469926359,NULL,"Sep 30, 1992",BLR,minimum,06-11-2020,manish6359@icici
C03136,I. Pillai,09855241363,isha.pillai1@gmail.com,15/04/86,Madras,full_kyc,22 Dec 2023,isha1363@hdfcbank
C03014,Deepak Pillai,86070 28748,deepak.pillai38@gmail.com,23-06-2000,ahmedabad,full_kyc,20-06-2021,deepak8748@paytm
C00433,Rahul Gupta,8320998628,rahul.gupta96@gmail.com,"Nov 09, 1989",BLR,Full KYC,08-05-2026,rahul8628@okbank
C00066,"Menon, Sanjay",7588080098,,07/07/99,lucknow,FULL,25-09-2021,sanjay0098@paytm
C04331,Nisha Khan,+918949552752,,N/A,lucknow,,27-03-2022,nisha2752@axl
C03267,Neha  Chopra ,+917939713561,neha.chopra75@gmail.com,1982-03-26,Mumbai,,01 Sep 2020,neha3561@hdfcbank
C00367,Deepak Desai,9377952063,,"Dec 25, 1965",delhi,full,31-08-2019,deepak2063@sbi
C03731,"Kulkarni, Farhan",+917098959746,N/A,18-11-1989,Lucknow,full_kyc,2023-04-17,farhan9746@okbank
C02494,Swati Sharma,7522826244,swati.sharma30@gmail.com,03-11-1976,jaipur,min,12-11-2023,swati6244@icici
C02977,harsh sharma,7022171651,N/A,12-11-2000,Madras,pending,2024-05-04,harsh1651@hdfcbank
C04218,Karan Mehta,6964209825,,12/01/90,jaipur,,2022-07-15,karan9825@okbank
C02477,ARJUN SHARMA,+916017211316,N/A,23-01-1993,Kolkata,FULL,28-12-2024,arjun1316@paytm
C01504,Nisha Gupta,7863407992,,05/01/79,New Delhi,min,06-01-2021,nisha7992@icici
C02942,Sanjay Desai,91-6581950522,sanjay.desai4@gmail.com,23/02/70,Kolkata,minimum,22-04-2023,sanjay0522@axl
C04212,"Chopra, Suresh",8110294969,N/A,,Calcutta,Full KYC,2021-02-18,suresh4969@paytm
C04647,Ritu Iyer,87810 56025,unknown,"Jan 30, 1967",pune,Full KYC,2024-10-19,ritu6025@okbank
C04065,deepak verma,91-6383841585,N/A,1974-03-15,Bombay,min kyc,30-12-2022,deepak1585@okbank
C00571,Suresh  Nair ,8021248299,suresh.nair11@gmail.com,10/07/70,Poona,min,01-11-2024,suresh8299@okbank
C04111,RAHUL DAS,97738 60107,rahul.das9@gmail.com,1980-08-15,Calcutta,MIN,2024-07-11,rahul0107@paytm
C03105,Swati Iyer,9664474968,swati.iyer18@gmail.com,08-06-1982,Poona,Full KYC,2024-06-03,swati4968@sbi
C02003,Fatima  Khan ,6706002278,fatima.khan52@gmail.com,23/07/76,Kolkata,full,19-06-2025,fatima2278@axl
C04088,Vikram Gupta,+919574625842,vikram.gupta62@gmail.com,29/01/82,hyderabad,full_kyc,29 Sep 2023,vikram5842@okbank
C03585,Sunita Bose,6250933423,NULL,NULL,jaipur,Full KYC,31-12-2025,sunita3423@sbi
C02490,Swati Iyer,91-9401851376,,"Jan 07, 1977",Lucknow,full,2019-09-22,swati1376@paytm
C00613,Aarti Verma,08529261503,aarti.verma35@gmail.com,06-04-1977,hyderabad,full,07-11-2021,aarti1503@ybl
C04888,"Patel, Sneha",+917459088072,N/A,10-04-1973,Jaipur,full_kyc,2020-06-21,sneha8072@hdfcbank
C01555,Imran Pillai,7887916236,imran.pillai8@gmail.com,"Jun 19, 1968",Kolkata,min kyc,2025-06-19,imran6236@icici
C01412,Imran Khan,+918710833878,,"Jul 07, 1980",Amdavad,Full KYC,2026-03-13,imran3878@axl
C00174,Meera Desai,91-6128778851,meera.desai67@gmail.com,1988-11-29,,full,15 Jul 2020,meera8851@icici
C02509,Priya Shaikh,6324077830,NULL,10/09/05,hyderabad,full,25 Sep 2021,priya7830@icici
C03121,Arjun Mehta,7974191089,NULL,2002-08-27,Bombay,min kyc,2021-08-02,arjun1089@paytm
C02467,ANJALI PILLAI,9394599636,anjali.pillai19@gmail.com,14/02/00,HYD,full,16-01-2024,anjali9636@paytm
C01253,deepak chopra,08619152213,unknown,19/04/65,,min kyc,29 Jun 2025,deepak2213@paytm
C01305,Sanjay  Menon ,+918289941086,N/A,03-09-1973,mumbai,full,10-11-2025,sanjay1086@okbank
C02981,N. Verma,91-7064544274,neha.verma46@gmail.com,26-05-1991,ahmedabad,full_kyc,2023-01-03,neha4274@icici
C04763,harsh desai,7160584870,N/A,05-10-1971,mumbai,Full KYC,26 Feb 2024,harsh4870@axl
C01347,Vikram Gupta,60546 64287,vikram.gupta23@gmail.com,"Apr 02, 1977",Bengaluru,MIN,2019-10-04,vikram4287@okbank
C04320,Sunita Reddy,08298642341,N/A,1970-03-08,pune,minimum,2019-08-27,sunita2341@axl
C03186,ARJUN MENON,6973825887,,"Nov 27, 1998",Bengaluru,pending,13-08-2024,arjun5887@ybl
C00152,Harsh Sharma,8068715240,unknown,10/10/73,hyderabad,FULL,27 Oct 2023,harsh5240@hdfcbank
C01858,Aarti Khan,+917449295078,aarti.khan70@gmail.com,"May 09, 1975",Mumbai,full,03 Jan 2024,aarti5078@okbank
C04901,karan verma,9781202990,karan.verma53@gmail.com,26-05-1983,Bangalore,FULL,2025-12-05,karan2990@ybl
C02647,ritu patel,9578656611,ritu.patel29@gmail.com,1979-10-19,Lucknow,Full KYC,06-03-2022,ritu6611@icici
C04586,Anjali Shaikh,7181006821,unknown,12/12/69,hyderabad,min,11 Jan 2021,anjali6821@ybl
C00540,NEHA SINGH,06755918616,N/A,"Jul 31, 1961",jaipur,min,2024-03-01,neha8616@okbank
C03799,K. Kulkarni,6506059741,kavita.kulkarni98@gmail.com,1971-03-14,Madras,minimum,03 Dec 2022,kavita9741@sbi
C00042,FATIMA PATEL,9336836298,fatima.patel36@gmail.com,17-04-1964,Jaipur,full_kyc,2023-08-03,
C01295,Karan Menon,8944808215,karan.menon33@gmail.com,08-05-1979,bangalore,,2021-03-27,karan8215@ybl
C04720,V. Pillai,8313992259,vikram.pillai99@gmail.com,04/04/91,,pending,24-04-2022,vikram2259@icici
C04035,IMRAN KULKARNI,91-7143587994,,03/01/75,,Full KYC,16 Aug 2021,imran7994@hdfcbank
C02891,Manish Das,06396811647,manish.das40@gmail.com,15-01-1964,,full,18-07-2020,manish1647@paytm
C02838,S. Iyer,91-9855903079,sunita.iyer88@gmail.com,13-03-1976,Jaipur,full,2024-11-21,sunita3079@hdfcbank
C03992,swati mehta,91-9854472225,swati.mehta75@gmail.com,27-09-1981,,full,31-03-2021,swati2225@paytm
C02093,AARTI DAS,6545554130,,09/06/79,lucknow,min kyc,2024-06-27,aarti4130@paytm
C01752,RITU SINGH,7978539357,ritu.singh59@gmail.com,"Dec 17, 1967",New Delhi,full_kyc,2020-10-25,ritu9357@okbank
C02120,Manish Yadav,+918908925990,manish.yadav60@gmail.com,"Jun 12, 1961",lucknow,minimum,08 Feb 2022,manish5990@paytm
C03937,meera pillai,7474351838,meera.pillai57@gmail.com,1966-09-29,Hyderabad,MIN,24 Apr 2022,meera1838@paytm
C04157,Fatima Singh,91-6299209703,fatima.singh69@gmail.com,10-04-1964,New Delhi,full,02-03-2026,fatima9703@ybl
C01538,Deepak Pillai,6467938479,N/A,30-07-2005,,FULL,23 Mar 2020,deepak8479@okbank
C00041,MEERA MEHTA,+918026850785,meera.mehta20@gmail.com,1976-09-19,jaipur,full,16 Jun 2021,meera0785@paytm
C02064,Sneha Verma,07017784533,,"Aug 10, 1979",ahmedabad,MIN,07-12-2023,sneha4533@ybl
C02756,Farhan Das,61815 50980,farhan.das38@gmail.com,04/02/76,Mumbai,full,2023-04-26,farhan0980@hdfcbank
C03950,K. Gupta,09064557755,kavita.gupta69@gmail.com,30-09-1982,Delhi,FULL,14-03-2024,kavita7755@ybl
C90074,Sunita Singh,06433788403,sunita.singh88@gmail.com,1971-09-05,HYD,MIN,2021-06-18,
C02975,Harsh Yadav,87392 50144,,28/12/94,mumbai,full_kyc,2020-03-15,harsh0144@okbank
C02798,Neha Patel,9899284003,neha.patel73@gmail.com,1997-01-12,MUMBAI,Full KYC,30-01-2020,neha4003@sbi
C01784,D. Reddy,09520836776,N/A,14-12-1984,HYD,,05-01-2026,divya6776@sbi
C90056,Sunita Pillai,7367969641,sunita.pillai60@gmail.com,"May 18, 1983",ahmedabad,Full KYC,18 Jan 2021,NULL
C02031,Vijay Shaikh,91-6686452942,,1997-10-03,Kolkata,full_kyc,11-06-2020,vijay2942@hdfcbank
C03128,Rohan  Verma ,73553 30566,rohan.verma63@gmail.com,"Apr 13, 1970",Jaipur,full,2026-05-27,rohan0566@icici
C00155,F. Desai,6281793028,,07/08/76,Mumbai,NA,2021-05-06,farhan3028@icici
C03551,Sunita Bose,6438988296,sunita.bose84@gmail.com,08/07/92,Chennai,full,26-10-2022,sunita8296@okbank
C03938,A. Mehta,+919020096450,,1976-04-14,ahmedabad,min,18-07-2025,anjali6450@ybl
C03179,Pooja Bose,66670 94666,pooja.bose28@gmail.com,1964-05-07,Lucknow,FULL,04-05-2020,pooja4666@hdfcbank
C02994,Harsh  Kulkarni ,8161855854,,23-01-1968,Ahmedabad,MIN,21-09-2021,harsh5854@paytm
C02627,sunita reddy,8170247358,sunita.reddy19@gmail.com,24/07/00,chennai,full_kyc,06 Feb 2023,sunita7358@sbi
C01631,"Joshi, Amit",09253680511,amit.joshi90@gmail.com,21-02-2003,Calcutta,full,05 Apr 2025,amit0511@paytm
C03009,Arjun Pillai,7560639502,arjun.pillai53@gmail.com,,lucknow,FULL,08-12-2019,arjun9502@axl
C03192,Sneha Mehta,8105265152,sneha.mehta6@gmail.com,NULL,Poona,Full KYC,2021-04-17,sneha5152@okbank
C02537,Isha  Joshi ,+918599458347,N/A,"Nov 06, 1989",New Delhi,full_kyc,27 Apr 2022,isha8347@hdfcbank
C04165,Rohan Khan,7215045992,rohan.khan5@gmail.com,1990-03-23,Poona,MIN,27 May 2024,rohan5992@ybl
C00167,Priya Mehta,7945956203,,N/A,BLR,full_kyc,2026-05-17,priya6203@sbi
C02323,harsh chopra,85832 00322,harsh.chopra42@gmail.com,"Jan 09, 1980",mumbai,full,23-04-2020,harsh0322@ybl
C00726,Anjali Khan,9649021964,NULL,1975-09-28,Bombay,full_kyc,15-10-2024,anjali1964@icici
C01941,NISHA SHAIKH,6955205230,unknown,02-07-2004,Chennai,full,12-08-2021,nisha5230@okbank
C02779,Sneha  Iyer ,90274 72498,,10/10/88,kolkata,FULL,17 Dec 2023,sneha2498@okbank
C04823,suresh kulkarni,7135246011,NULL,28-12-1967,pune,MIN,03-12-2024,suresh6011@icici
C00934,Fatima Joshi,6668001790,fatima.joshi46@gmail.com,18/09/62,BLR,full,2023-02-09,fatima1790@axl
C03040,RAHUL BOSE,7218587676,NULL,1979-04-06,Hyderabad,,11 Jan 2022,rahul7676@paytm
C03149,Tarun Pillai,99348 02097,N/A,1990-06-01,Bangalore,full,14-02-2026,tarun2097@paytm
C04527,Anjali Menon,+916992718522,anjali.menon95@gmail.com,04-01-2005,Amdavad,min kyc,26-08-2021,anjali8522@axl
C03989,F. Kulkarni,76285 70220,fatima.kulkarni94@gmail.com,23-07-1971,lucknow,full,2021-06-05,
C02096,Rahul Reddy,+918981141902,,1976-08-26,Jaipur,min,2020-11-14,rahul1902@ybl
C00444,Ritu Singh,08972468560,ritu.singh23@gmail.com,N/A,Mumbai,min kyc,26 Nov 2025,ritu8560@hdfcbank
C00011,Meera Das,+919480660781,,"Mar 11, 1978",Poona,Full KYC,04 Nov 2024,meera0781@sbi
C03966,Nisha Singh,6188050048,nisha.singh68@gmail.com,31-05-1970,jaipur,FULL,2022-07-19,nisha0048@axl
C00552,FATIMA BOSE,7643890078,N/A,"Jan 14, 1995",mumbai,full_kyc,31-10-2025,fatima0078@sbi
C03049,Vijay Menon,70965 94655,vijay.menon85@gmail.com,"Jan 24, 1997",DELHI,PENDING,18-06-2024,vijay4655@paytm
C01073,tarun kulkarni,7038469473,tarun.kulkarni4@gmail.com,14/04/78,Calcutta,full,04-12-2023,tarun9473@paytm
C00622,VIKRAM DESAI,6480887039,vikram.desai59@gmail.com,24-06-2000,Kolkata,min,03 Apr 2025,vikram7039@ybl
C01125,Divya Reddy,7124053009,divya.reddy21@gmail.com,18/11/73,Jaipur,Full KYC,31 Dec 2025,divya3009@paytm
C03342,"Pillai, Neha",91-8253278577,unknown,1981-11-06,MUMBAI,min,2020-07-28,neha8577@hdfcbank
C04347,Manish Shaikh,07785204842,manish.shaikh75@gmail.com,18/04/82,Pune,Full KYC,03-07-2023,manish4842@sbi
C04305,manish nair,8422532474,,24/04/65,kolkata,min,2022-08-04,manish2474@ybl
C02621,Vikram Nair,9217060725,,1986-06-09,ahmedabad,min kyc,2022-11-06,vikram0725@icici
C00598,N. Kulkarni,81132 18126,neha.kulkarni23@gmail.com,"Sep 25, 1984",delhi,full_kyc,05-12-2019,neha8126@paytm
C00762,Aarti Khan,9529008240,unknown,2003-01-06,Bangalore,PENDING,18 Nov 2020,aarti8240@okbank
C02256,Vikram Menon,7846391083,vikram.menon54@gmail.com,03/09/95,HYD,minimum,14 Jan 2021,vikram1083@sbi
C04862,"Kulkarni, Meera",9916237817,meera.kulkarni13@gmail.com,11-03-1999,Mumbai,min kyc,2020-12-07,meera7817@icici
C01590,Aarti Gupta,7340909177,aarti.gupta4@gmail.com,1981-12-04,HYD,min kyc,21 Apr 2022,aarti9177@sbi
C01082,Farhan Desai,91-9750128433,,1986-10-17,ahmedabad,MIN,2020-10-11,farhan8433@hdfcbank
C01810,DEEPAK MEHTA,9712889854,deepak.mehta50@gmail.com,21-06-1992,DELHI,full,03-06-2021,deepak9854@hdfcbank
C02412,Pooja Khan,91-6582070604,pooja.khan9@gmail.com,16/11/04,Amdavad,full_kyc,14-06-2022,pooja0604@okbank
C00369,I. Kulkarni,9260431605,imran.kulkarni25@gmail.com,02-08-2002,Pune,min,2024-09-04,imran1605@sbi
C04660,Harsh Patel,6672665431,unknown,23-05-1969,Poona,full_kyc,11-09-2022,harsh5431@icici
C04472,fatima iyer,06960751425,fatima.iyer30@gmail.com,"Oct 31, 1990",Poona,full,13-12-2022,fatima1425@sbi
C00487,ISHA KHAN,7337740592,NULL,1969-02-11,chennai,pending,18-05-2024,isha0592@hdfcbank
C00309,Pooja Pillai,6176318009,pooja.pillai27@gmail.com,NULL,kolkata,min kyc,29-01-2021,pooja8009@axl
C00755,"Chopra, Neha",7826374477,neha.chopra82@gmail.com,18-07-1975,lucknow,min,31 Aug 2025,neha4477@sbi
C04669,Suresh  Joshi ,91-9548229338,suresh.joshi96@gmail.com,23-04-2005,kolkata,FULL,2025-09-14,suresh9338@okbank
C01111,Vikram Patel,8798202502,vikram.patel39@gmail.com,28/01/75,Madras,pending,24 Aug 2023,vikram2502@ybl
C02714,Aarti Chopra,6168504281,aarti.chopra40@gmail.com,18/07/89,Lucknow,Full KYC,2021-02-26,aarti4281@paytm
C00688,V. Verma,+919488916248,,,jaipur,Full KYC,22 Jan 2022,vijay6248@sbi
C01619,Aarti Verma,+917221647589,aarti.verma85@gmail.com,16/10/76,Lucknow,Full KYC,02-10-2025,aarti7589@hdfcbank
C01617,Meera  Sharma ,7537298630,meera.sharma57@gmail.com,"Aug 01, 1988",kolkata,MIN,2020-06-23,meera8630@ybl
C04268,Priya Singh,82410 88261,priya.singh2@gmail.com,"Feb 11, 2000",,minimum,14-12-2021,priya8261@axl
C00237,farhan patel,7110850370,farhan.patel79@gmail.com,19/07/84,lucknow,FULL,17 Jan 2022,farhan0370@paytm
C02376,harsh khan,7148910769,NULL,25/09/87,Bengaluru,full_kyc,01 Oct 2019,harsh0769@ybl
C01336,R. Das,+917564428780,,1978-08-18,Bombay,FULL,2022-11-08,rahul8780@okbank
C90219,IMRAN YADAV,6423727843,unknown,15/11/61,hyderabad,NA,17 May 2025,imran7843@sbi
C03401,ROHAN MENON,7815800771,unknown,1989-08-05,bangalore,FULL,21 Jun 2024,rohan0771@okbank
C00178,Suresh Desai,91-9509985526,suresh.desai97@gmail.com,21-03-2004,delhi,full,2023-04-26,suresh5526@axl
C02896,Amit Yadav,08470344982,,"Aug 13, 1972",pune,MIN,13 Oct 2025,amit4982@ybl
C03790,Sunita Menon,6253917928,sunita.menon68@gmail.com,1970-07-09,Ahmedabad,Full KYC,11 Feb 2025,sunita7928@sbi
C90223,"Nair, Imran",7450952218,imran.nair47@gmail.com,2004-03-15,delhi,minimum,2020-02-13,imran2218@ybl
C04719,deepak yadav,+918708458114,deepak.yadav24@gmail.com,27/01/93,Poona,MIN,16-12-2020,deepak8114@axl
C03523,"Verma, Ritu",8388384873,ritu.verma34@gmail.com,1969-09-20,mumbai,Full KYC,02 May 2022,ritu4873@hdfcbank
C01278,vijay desai,81092 87275,vijay.desai10@gmail.com,1974-04-29,pune,min,06 Aug 2025,vijay7275@ybl
C03855,Aarti  Iyer ,8637158813,aarti.iyer22@gmail.com,1975-03-15,kolkata,FULL,03 Oct 2019,aarti8813@okbank
C03719,Ritu Das,+917729192918,ritu.das78@gmail.com,1962-01-25,,minimum,09 Jun 2020,ritu2918@hdfcbank
C02803,ARJUN DAS,+916677369220,arjun.das15@gmail.com,1964-07-08,ahmedabad,full_kyc,23-10-2023,arjun9220@paytm
C02013,Suresh Reddy,06934513129,suresh.reddy14@gmail.com,1979-06-15,Pune,Full KYC,28 Jul 2021,suresh3129@sbi
C02640,TARUN JOSHI,8291905393,NULL,26/08/63,bangalore,Full KYC,2021-05-11,tarun5393@okbank
C02628,Rohan Menon,7188465178,unknown,1990-03-31,Amdavad,full_kyc,2020-12-04,rohan5178@sbi
C01498,Anjali Shaikh,6120902254,anjali.shaikh77@gmail.com,1987-12-11,,full,2019-11-14,anjali2254@hdfcbank
C04712,Tarun Iyer,6434535223,tarun.iyer89@gmail.com,15/09/92,Bombay,full_kyc,2025-11-13,tarun5223@icici
C04591,Manish Iyer,9247919133,manish.iyer95@gmail.com,16/02/83,Lucknow,full_kyc,23 Mar 2024,manish9133@hdfcbank
C04188,PRIYA SINGH,7199113018,unknown,"May 25, 1964",MUMBAI,full_kyc,29 Mar 2025,priya3018@icici
C00510,Deepak Kulkarni,68516 91954,deepak.kulkarni4@gmail.com,1969-12-07,Bengaluru,FULL,12-12-2019,deepak1954@hdfcbank
C01642,divya menon,97776 90733,divya.menon63@gmail.com,,Pune,FULL,12 Dec 2024,divya0733@hdfcbank
C01367,Rohan Chopra,+916249843308,unknown,28/04/97,Chennai,Full KYC,2021-04-13,rohan3308@okbank
C03170,Amit Shaikh,8765756632,amit.shaikh40@gmail.com,21-05-1972,jaipur,MIN,2022-12-16,amit6632@okbank
C00559,sanjay yadav,7107902533,,10/08/85,Chennai,FULL,2023-08-10,sanjay2533@hdfcbank
C02701,Vijay Singh,+918224303835,N/A,"Jul 12, 2000",jaipur,full,20-01-2026,vijay3835@hdfcbank
C02235,ritu mehta,99305 60215,N/A,"Feb 24, 1961",ahmedabad,min kyc,2020-08-06,ritu0215@sbi
C01503,Ritu Chopra,9292534924,NULL,29-08-1974,Pune,MIN,19 Feb 2020,ritu4924@hdfcbank
C02087,Pooja Verma,98810 09205,pooja.verma59@gmail.com,12/03/92,delhi,min,17-08-2022,pooja9205@icici
C01334,Deepak  Singh ,+918015996373,,1966-10-06,jaipur,full,08-08-2024,deepak6373@icici
C90141,Aarti  Iyer ,6698737515,aarti.iyer91@gmail.com,1980-07-06,lucknow,pending,21-02-2023,aarti7515@ybl
C00293,Manish Chopra,6179974080,manish.chopra2@gmail.com,22/05/03,delhi,min kyc,2020-05-15,manish4080@hdfcbank
C02540,Imran Mehta,06861613178,imran.mehta93@gmail.com,14-02-1962,Bangalore,FULL,05 Apr 2023,imran3178@paytm
C04171,Anjali Chopra,+916183020750,anjali.chopra32@gmail.com,1968-02-12,jaipur,MIN,06 Apr 2026,anjali0750@sbi
C00692,Swati Patel,+918937930639,N/A,"Jan 25, 2001",Jaipur,Full KYC,2024-06-14,swati0639@paytm
C00249,deepak mehta,6060910110,unknown,"Nov 12, 1995",Jaipur,full,19 Oct 2019,deepak0110@paytm
C02067,anjali kulkarni,6949118461,,1991-03-24,New Delhi,min,31 Mar 2020,anjali8461@axl
C03064,Amit Iyer,8215519879,amit.iyer16@gmail.com,28/06/02,hyderabad,full,29-09-2022,amit9879@axl
C03233,D. Menon,93315 47448,deepak.menon72@gmail.com,"Mar 14, 1966",Mumbai,full_kyc,2023-02-13,deepak7448@okbank
C00874,Anjali Khan,+917820711401,anjali.khan3@gmail.com,1975-07-13,jaipur,FULL,13-11-2020,anjali1401@paytm
C00488,Fatima Shaikh,9647386244,N/A,12-03-2005,Ahmedabad,Full KYC,2023-11-02,fatima6244@sbi
C01182,Swati Menon,7378984651,unknown,01-11-1975,jaipur,full,2023-10-06,swati4651@icici
C00466,"Kulkarni, Fatima",+917319257122,fatima.kulkarni23@gmail.com,12-02-1980,mumbai,minimum,2020-01-15,fatima7122@sbi
C03425,Sunita Pillai,7296281428,sunita.pillai51@gmail.com,2005-03-01,chennai,full_kyc,2020-08-31,sunita1428@axl
C02473,Farhan Yadav,60985 62078,N/A,03/12/83,Bengaluru,full_kyc,29-10-2023,farhan2078@sbi
C01651,Amit Patel,77870 17798,,13-03-1962,hyderabad,FULL,07 Nov 2021,amit7798@hdfcbank
C03118,Neha  Singh ,8856712182,N/A,"Aug 27, 1984",mumbai,min,06-12-2021,neha2182@sbi
C02394,tarun nair,+916100862037,tarun.nair42@gmail.com,1980-06-21,New Delhi,full_kyc,2020-07-24,tarun2037@icici
C00649,rohan khan,+918636747812,unknown,24-08-1972,bangalore,full_kyc,2025-06-30,rohan7812@axl
C02938,Amit Verma,83267 26911,amit.verma50@gmail.com,1991-02-14,,FULL,2020-12-17,amit6911@paytm
C04471,"Desai, Pooja",77755 86594,unknown,17/12/90,MUMBAI,full,2021-09-09,pooja6594@paytm
C01131,Kavita Das,+917374524147,kavita.das43@gmail.com,"Sep 03, 1966",Bombay,pending,2026-05-19,kavita4147@icici
C00683,suresh verma,9410306043,suresh.verma62@gmail.com,22-10-1973,jaipur,FULL,2025-12-15,suresh6043@axl
C00188,R. Sharma,69861 05712,rahul.sharma36@gmail.com,27-09-1981,Jaipur,pending,05-02-2023,rahul5712@paytm
C01805,T. Shaikh,9422262789,tarun.shaikh83@gmail.com,25-12-2001,Pune,minimum,03 Dec 2024,tarun2789@axl
C03741,Neha Reddy,91-7851057144,neha.reddy55@gmail.com,18/06/99,hyderabad,Full KYC,08 May 2026,neha7144@icici
C04364,Swati Iyer,+918790258617,unknown,05-11-1968,lucknow,minimum,05-12-2021,swati8617@axl
C00576,Sanjay Desai,8522987442,NULL,"Feb 12, 1999",DELHI,full,03-11-2022,sanjay7442@axl
C03468,"Shaikh, Rohan",6405699152,rohan.shaikh48@gmail.com,25-09-1991,Bangalore,FULL,2023-12-21,rohan9152@okbank
C01522,KARAN PATEL,+916030566771,NULL,1976-07-07,Poona,MIN,10-04-2026,karan6771@ybl
C01150,Vikram Patel,9772024788,,1974-03-06,Delhi,full_kyc,10 Jan 2020,vikram4788@sbi
C03996,"Pillai, Rohan",7266695814,NULL,13-12-1962,Hyderabad,min kyc,2025-11-22,rohan5814@axl
C02281,vijay singh,9813959977,vijay.singh32@gmail.com,"Jan 03, 1982",jaipur,min,30-01-2024,vijay9977@hdfcbank
C00036,Manish Bose,91-8982337100,manish.bose61@gmail.com,18/03/87,BLR,min kyc,2020-11-29,manish7100@okbank
C03607,Nisha Yadav,6618659640,nisha.yadav44@gmail.com,1977-03-28,Kolkata,full,2022-06-20,nisha9640@ybl
C90078,Suresh Bose,09857836183,suresh.bose91@gmail.com,"Aug 25, 1977",BLR,minimum,27 Jul 2024,suresh6183@axl
C01036,RITU PILLAI,+918864936576,,24-01-1971,mumbai,full,15 Mar 2020,ritu6576@paytm
C01716,SUNITA SHAIKH,82045 77754,unknown,"Jul 01, 1982",Jaipur,FULL,2022-09-30,sunita7754@icici
C03176,VIKRAM DAS,+916949710398,vikram.das18@gmail.com,"Nov 14, 2001",Kolkata,FULL,2020-06-19,vikram0398@okbank
C02198,Karan Yadav,7076070597,karan.yadav75@gmail.com,1982-09-05,jaipur,MIN,13 Aug 2020,karan0597@sbi
C01229,Karan  Reddy ,61625 24645,unknown,24/08/65,Amdavad,MIN,2020-10-14,karan4645@okbank
C90051,DIVYA CHOPRA,+917010178634,divya.chopra95@gmail.com,20-08-1980,Amdavad,full_kyc,2024-03-23,divya8634@paytm
C00918,Divya Nair,8954006496,divya.nair11@gmail.com,"Nov 13, 1998",Hyderabad,Full KYC,09 Apr 2026,divya6496@axl
C02878,Nisha Pillai,+917519508293,,09/09/00,pune,min,2023-01-06,nisha8293@icici
C01696,Anjali Nair,07456185826,unknown,27/12/95,Hyderabad,full_kyc,2025-06-28,anjali5826@sbi
C02638,Pooja  Pillai ,9800296575,pooja.pillai89@gmail.com,27/10/65,hyderabad,min,09 Feb 2024,pooja6575@icici
C00690,Deepak Yadav,+918998413869,deepak.yadav88@gmail.com,1999-09-27,,pending,24 Feb 2026,deepak3869@axl
C04722,VIJAY BOSE,9367342165,,NULL,Delhi,FULL,2023-05-05,vijay2165@hdfcbank
C04315,Imran Shaikh,07375472336,imran.shaikh30@gmail.com,"Dec 25, 2002",Amdavad,Full KYC,27-11-2020,imran2336@sbi
C03651,Rohan Shaikh,91-7444883277,rohan.shaikh55@gmail.com,27/11/90,hyderabad,Full KYC,2020-11-02,rohan3277@axl
C04713,KARAN YADAV,+917468856730,karan.yadav92@gmail.com,29/06/96,Madras,full,22-12-2019,karan6730@okbank
C01012,R. Iyer,6031135103,rahul.iyer84@gmail.com,01/03/65,Madras,min,22-05-2023,rahul5103@ybl
C02151,PRIYA VERMA,8287304068,priya.verma72@gmail.com,"Mar 17, 1992",,min kyc,2020-05-24,priya4068@okbank
C02859,Isha Das,6113045436,unknown,26-10-1998,Amdavad,full_kyc,06 Apr 2025,isha5436@icici
C02437,Karan Yadav,8613159062,karan.yadav5@gmail.com,19/04/67,Pune,MIN,26 Sep 2023,karan9062@paytm
C02276,Amit Pillai,83007 01802,,09-06-1970,bangalore,full,2020-02-12,amit1802@ybl
C00652,ROHAN BOSE,+918382845663,rohan.bose3@gmail.com,1984-08-01,Delhi,minimum,19-08-2021,rohan5663@axl
C02426,FARHAN YADAV,08740329042,N/A,18/09/68,Lucknow,full,16-02-2026,farhan9042@axl
C00509,N. Nair,+918874294013,nisha.nair31@gmail.com,N/A,Madras,full_kyc,01 Jan 2020,nisha4013@sbi
C04493,Sunita Khan,+917089788791,sunita.khan14@gmail.com,N/A,,min kyc,20-02-2022,sunita8791@icici
C01416,Meera Menon,9618811057,,28/10/65,jaipur,Full KYC,2023-09-18,meera1057@paytm
C02330,Sanjay Verma,+917796670278,sanjay.verma38@gmail.com,31/08/92,mumbai,min,22 Jul 2025,sanjay0278@paytm
C01987,meera sharma,6316008984,NULL,03/08/93,DELHI,MIN,2024-03-01,meera8984@sbi
C02011,R. Singh,8186533333,NULL,1983-09-25,Lucknow,min kyc,08-12-2025,rahul3333@icici
C02834,Harsh Nair,07235530564,unknown,1989-07-17,HYD,full,2020-04-26,harsh0564@hdfcbank
C01664,P. Patel,9967539235,priya.patel48@gmail.com,01-10-1977,ahmedabad,NA,20-08-2024,priya9235@okbank
C02664,Rohan Nair,8341107562,,"Jul 12, 1968",Poona,min,2020-01-02,rohan7562@icici
C04824,SUNITA BOSE,+919143997080,sunita.bose53@gmail.com,15/08/62,Jaipur,MIN,22 Apr 2024,sunita7080@okbank
C01004,Tarun  Desai ,+918424431950,,1968-03-24,kolkata,full_kyc,24 Jun 2025,tarun1950@ybl
C00400,rahul nair,8186829904,rahul.nair46@gmail.com,N/A,MUMBAI,FULL,2021-12-22,rahul9904@okbank
C02960,ROHAN REDDY,07075058226,rohan.reddy14@gmail.com,07/09/97,Bombay,Full KYC,26-06-2020,rohan8226@sbi
C90154,Imran Khan,7666845190,unknown,27-01-1971,chennai,min,2025-01-10,imran5190@paytm
C03449,Farhan Joshi,08422451016,farhan.joshi19@gmail.com,05/03/83,chennai,NA,2024-08-18,farhan1016@axl
C04968,Deepak Das,6349227431,deepak.das97@gmail.com,14/09/01,BLR,full_kyc,27-03-2025,deepak7431@axl
C00610,Meera Mehta,8702244201,,14/04/64,Amdavad,min kyc,2023-08-18,meera4201@ybl
C01017,Meera Singh,9963555263,,19-08-2005,bangalore,min,25 Mar 2026,meera5263@axl
C03766,farhan joshi,8447640368,farhan.joshi82@gmail.com,26-06-1972,jaipur,FULL,01 Mar 2020,farhan0368@ybl
C02246,Pooja Pillai,6236594265,pooja.pillai5@gmail.com,29-09-1962,Bombay,FULL,21 Mar 2020,pooja4265@paytm
C00088,V. Shaikh,6853192952,vijay.shaikh47@gmail.com,"Jan 29, 1968",HYD,full,28 Mar 2020,vijay2952@paytm
C00074,S. Desai,07703796772,sneha.desai52@gmail.com,"Jun 17, 1982",HYD,pending,2021-02-26,sneha6772@hdfcbank
C03601,Fatima Das,8432046671,fatima.das61@gmail.com,"Jan 24, 2002",Poona,FULL,2022-12-05,fatima6671@axl
C03212,Pooja Patel,+917612879811,pooja.patel87@gmail.com,"Mar 14, 1995",kolkata,MIN,24 Dec 2024,pooja9811@hdfcbank
C02806,ROHAN BOSE,06007802861,rohan.bose7@gmail.com,16/07/71,Hyderabad,min kyc,25 Oct 2019,rohan2861@okbank
C03054,Fatima Gupta,6709954360,,15-05-1975,Mumbai,FULL,2023-08-13,fatima4360@axl
C01980,Sunita Desai,6625194391,unknown,01-05-2000,MUMBAI,Full KYC,08 Jul 2022,sunita4391@paytm
C04388,V. Sharma,06153349338,vijay.sharma34@gmail.com,"Nov 27, 1977",lucknow,full,2020-06-02,vijay9338@icici
C00765,sunita kulkarni,+919522696790,sunita.kulkarni22@gmail.com,,Calcutta,Full KYC,09 Feb 2021,sunita6790@okbank
C04963,Neha Das,6157714099,neha.das42@gmail.com,07-09-1973,,min,27 Aug 2020,neha4099@paytm
C03661,Sneha  Menon ,6149828465,sneha.menon19@gmail.com,08/02/83,Bengaluru,FULL,05 Sep 2019,sneha8465@paytm
C03967,Fatima Chopra,9113280315,fatima.chopra38@gmail.com,29/07/78,HYD,full,26-04-2021,
C01854,isha khan,91-8484638457,isha.khan82@gmail.com,11-11-1975,Jaipur,pending,21 May 2023,isha8457@sbi
C01029,PRIYA IYER,60211 08972,priya.iyer59@gmail.com,05-11-1973,Jaipur,Full KYC,2021-08-23,priya8972@hdfcbank
C01231,Ritu Kulkarni,8417845814,NULL,1978-10-04,Pune,PENDING,10 Aug 2025,ritu5814@paytm
C01667,Aarti Kulkarni,+916221759342,aarti.kulkarni83@gmail.com,"May 15, 1979",Poona,Full KYC,2021-01-17,aarti9342@okbank
C01969,Isha Verma,07723285859,isha.verma13@gmail.com,24/10/62,Hyderabad,min kyc,04-11-2020,isha5859@paytm
C00907,SURESH IYER,91-8166232792,suresh.iyer48@gmail.com,"Oct 28, 1963",kolkata,full,19 Apr 2022,
C02258,vijay bose,8671261612,vijay.bose19@gmail.com,24-09-1997,chennai,min kyc,2025-02-04,vijay1612@icici
C01480,V. Reddy,92405 77050,vijay.reddy59@gmail.com,01-12-1996,lucknow,Full KYC,31 Jul 2020,vijay7050@hdfcbank
C02104,priya singh,7746533334,priya.singh10@gmail.com,21-10-2004,Bombay,full,23 Oct 2023,priya3334@paytm
C04670,Fatima Kulkarni,6876547029,fatima.kulkarni69@gmail.com,15-02-2003,Mumbai,pending,2020-03-05,fatima7029@sbi
C04112,Deepak Khan,+918999696734,,09/12/83,Calcutta,full,08 Oct 2023,deepak6734@paytm
C00527,P. Menon,+916323434303,priya.menon97@gmail.com,"Nov 30, 1998",Poona,Full KYC,25 Nov 2021,priya4303@ybl
C04198,FATIMA SHAIKH,+919942712161,,25-10-1979,Bengaluru,FULL,2023-11-13,fatima2161@icici
C03163,Harsh Mehta,+917632480121,harsh.mehta4@gmail.com,"Jan 07, 1971",Lucknow,FULL,28 May 2020,harsh0121@hdfcbank
C01488,Sunita Yadav,9891365781,sunita.yadav93@gmail.com,1975-11-23,Ahmedabad,minimum,13-04-2026,sunita5781@paytm
C03261,Deepak Mehta,8421305428,deepak.mehta51@gmail.com,1981-06-19,Mumbai,min,2023-01-05,deepak5428@axl
C02905,A. Khan,7574836505,arjun.khan70@gmail.com,01/06/69,Amdavad,full_kyc,09-10-2024,arjun6505@okbank
C01227,Sneha  Mehta ,8072997925,sneha.mehta63@gmail.com,"Mar 01, 2004",bangalore,Full KYC,2020-05-28,sneha7925@ybl
C04814,Sanjay Nair,7320193299,unknown,24/10/02,delhi,full_kyc,29 Jun 2025,sanjay3299@sbi
C04054,Divya Das,64595 25947,divya.das47@gmail.com,N/A,mumbai,full_kyc,23-10-2022,divya5947@paytm
C01401,Rahul Reddy,8172959321,rahul.reddy17@gmail.com,"Jan 02, 1987",HYD,FULL,18-01-2025,rahul9321@paytm
C01158,MANISH MENON,6684104360,,"Aug 25, 1997",kolkata,FULL,2020-07-07,manish4360@sbi
C03008,Rahul  Bose ,91-7392341538,NULL,18/12/05,chennai,Full KYC,31-01-2021,rahul1538@axl
C02719,vikram khan,71323 67857,vikram.khan34@gmail.com,1979-12-30,hyderabad,Full KYC,10-11-2021,vikram7857@paytm
C90242,Harsh Mehta,74275 47132,harsh.mehta71@gmail.com,,Bombay,full,2019-11-06,harsh7132@ybl
C04895,Tarun Singh,+916079819175,tarun.singh34@gmail.com,1979-04-22,Kolkata,full,22-04-2020,tarun9175@sbi
C04640,Pooja Yadav,91-9443241382,,,Chennai,full,2022-03-16,pooja1382@sbi
C01291,anjali yadav,08300614934,anjali.yadav95@gmail.com,2004-09-11,,Full KYC,2026-01-05,anjali4934@okbank
C04957,S. Iyer,9208648165,N/A,16/05/82,jaipur,FULL,28 Jan 2023,sanjay8165@ybl
C04080,deepak mehta,9925392416,,"May 10, 1975",jaipur,PENDING,2025-12-27,deepak2416@hdfcbank
C03015,Sneha Bose,+918226368602,sneha.bose7@gmail.com,05-10-2003,Mumbai,full_kyc,28-09-2023,sneha8602@hdfcbank
C02586,Rohan Shaikh,9554649145,rohan.shaikh37@gmail.com,"Nov 06, 1973",Jaipur,full,2024-07-08,rohan9145@sbi
C04418,Farhan Yadav,91-9992750787,farhan.yadav4@gmail.com,30/09/04,Poona,min,2023-02-10,farhan0787@paytm
C03013,Sneha  Mehta ,6317500640,sneha.mehta82@gmail.com,20/09/93,hyderabad,full,2026-02-23,sneha0640@paytm
C90102,Vikram Chopra,9577664637,vikram.chopra17@gmail.com,14-09-2002,Bangalore,min kyc,2026-01-21,unknown
C04031,suresh reddy,06083529259,,1976-08-12,mumbai,min,04-02-2021,suresh9259@hdfcbank
C01796,"Sharma, Suresh",8083875586,suresh.sharma95@gmail.com,2001-06-20,pune,full,10-02-2023,suresh5586@ybl
C03166,SURESH PILLAI,89234 70450,,18-07-1993,pune,FULL,2022-05-27,suresh0450@sbi
C02763,Nisha Reddy,7829172499,,21/09/98,Jaipur,full,19-05-2023,nisha2499@sbi
C02416,Kavita Joshi,94732 78679,kavita.joshi7@gmail.com,1994-11-21,Bombay,min kyc,21-09-2025,kavita8679@icici
C01804,AMIT SINGH,06397856072,amit.singh47@gmail.com,"May 16, 1991",Lucknow,Full KYC,2020-07-08,amit6072@axl
C02418,SUNITA PATEL,+918099184789,sunita.patel57@gmail.com,1997-09-07,MUMBAI,Full KYC,06-03-2022,sunita4789@sbi
C02146,"Verma, Vikram",9527577732,vikram.verma96@gmail.com,02-07-1970,Ahmedabad,full_kyc,27 Oct 2020,vikram7732@okbank
C04856,AMIT BOSE,+917889422046,amit.bose7@gmail.com,13/10/76,Poona,MIN,2025-09-22,amit2046@okbank
C02595,"Pillai, Farhan",9487450176,farhan.pillai85@gmail.com,14/12/99,HYD,min,16-09-2019,farhan0176@okbank
C01342,"Reddy, Sneha",90378 50263,sneha.reddy98@gmail.com,07-08-1993,Calcutta,minimum,2024-10-29,sneha0263@icici
C01375,Sanjay Chopra,91-6834014262,sanjay.chopra52@gmail.com,NULL,Calcutta,Full KYC,18-09-2019,sanjay4262@sbi
C00987,Pooja Iyer,+916997401874,pooja.iyer38@gmail.com,14/01/88,Ahmedabad,full,2023-03-14,pooja1874@axl
C00004,DIVYA REDDY,8760652429,,14-09-1980,Madras,MIN,2025-10-15,divya2429@ybl
C00218,Suresh Verma,7021955076,suresh.verma64@gmail.com,"Jun 07, 1986",New Delhi,FULL,17 Feb 2021,suresh5076@hdfcbank
C02817,Arjun Shaikh,8898924166,arjun.shaikh18@gmail.com,25-02-1996,jaipur,full_kyc,2026-04-18,arjun4166@icici
C00296,SNEHA NAIR,+917478301914,sneha.nair95@gmail.com,18/01/98,kolkata,Full KYC,25-06-2021,sneha1914@axl
C02504,Amit Pillai,6922416532,N/A,N/A,MUMBAI,FULL,2024-02-10,amit6532@ybl
C00728,P. Mehta,8536357692,,13/09/01,BLR,min kyc,21-04-2024,priya7692@axl
C01616,Fatima Menon,6631917750,fatima.menon50@gmail.com,31-08-1975,Bangalore,Full KYC,03-01-2020,fatima7750@icici
C03067,FARHAN VERMA,91-7659461451,farhan.verma81@gmail.com,1985-08-14,Chennai,Full KYC,27-12-2019,farhan1451@paytm
C00383,"Menon, Farhan",8733896146,N/A,"Sep 01, 2000",Madras,MIN,2021-11-18,farhan6146@hdfcbank
C04135,Meera Gupta,91-8436732897,,21/01/98,Ahmedabad,full_kyc,07-03-2024,meera2897@okbank
C02971,Anjali Bose,6379290197,anjali.bose91@gmail.com,08/02/86,kolkata,FULL,01 Sep 2025,anjali0197@hdfcbank
C03929,fatima nair,91-8800308607,,1964-04-04,Poona,full,2020-10-28,fatima8607@hdfcbank
C90149,SURESH JOSHI,8539720279,suresh.joshi79@gmail.com,1961-05-27,Amdavad,pending,15 Aug 2024,NULL
C03152,Suresh Yadav,+919249528691,suresh.yadav9@gmail.com,07/08/89,Poona,min kyc,15 Oct 2022,suresh8691@axl
C02656,Manish Yadav,8957820240,manish.yadav93@gmail.com,"Jan 30, 1999",Bengaluru,,2024-11-04,manish0240@sbi
C90196,KAVITA REDDY,97929 43795,NULL,"Feb 13, 1973",HYD,PENDING,2023-12-06,kavita3795@ybl
C03648,K. Sharma,7196187757,NULL,08/05/94,Poona,,14 Jan 2023,kavita7757@ybl
C00402,Deepak Verma,8492643782,deepak.verma99@gmail.com,08-12-1985,Calcutta,FULL,14 Nov 2022,deepak3782@okbank
C01859,Rahul Sharma,7201018372,NULL,1966-12-22,hyderabad,minimum,05-10-2019,rahul8372@icici
C00073,A. Iyer,7371912755,N/A,21-05-1964,Madras,min,2024-12-12,anjali2755@icici
C04974,Manish Bose,8904292119,manish.bose66@gmail.com,04/03/00,New Delhi,FULL,11-11-2022,manish2119@sbi
C00414,farhan das,91-9742495022,farhan.das83@gmail.com,1982-01-11,Calcutta,Full KYC,26 Aug 2021,farhan5022@sbi
C02770,P. Nair,9887107324,N/A,27/04/64,Delhi,pending,2022-08-30,priya7324@paytm
C01445,N. Sharma,7562653483,nisha.sharma37@gmail.com,1977-04-30,Kolkata,FULL,04-08-2020,nisha3483@ybl
C00362,"Desai, Suresh",09333955259,N/A,2002-12-30,Bangalore,Full KYC,20 Jun 2020,suresh5259@sbi
C00871,A. Desai,7054356488,arjun.desai49@gmail.com,N/A,Bangalore,minimum,03 Apr 2023,arjun6488@ybl
C04149,suresh desai,8092561728,suresh.desai48@gmail.com,,,FULL,25 Dec 2021,suresh1728@okbank
C04291,"Patel, Ritu",08510491018,,18/11/85,jaipur,FULL,2020-04-24,
C04172,Anjali Bose,6701782053,,,Kolkata,full_kyc,2024-03-29,anjali2053@icici
C00647,Suresh Khan,07397024386,suresh.khan40@gmail.com,23-07-1963,MUMBAI,full_kyc,20 Feb 2021,suresh4386@okbank
C04806,divya pillai,+916906725378,divya.pillai95@gmail.com,21/04/98,Jaipur,MIN,28-03-2025,divya5378@okbank
C04150,Rohan Pillai,9894847596,rohan.pillai93@gmail.com,23-09-1986,HYD,minimum,2021-08-07,rohan7596@icici
C02103,AMIT DAS,6604525572,amit.das25@gmail.com,13-04-1961,Pune,FULL,19 Apr 2023,amit5572@axl
C03100,Aarti Khan,06486356515,aarti.khan77@gmail.com,18-07-1987,Hyderabad,minimum,01 Mar 2020,aarti6515@okbank
C04341,Imran Desai,91-7582801957,NULL,1991-02-23,Amdavad,full_kyc,26-04-2021,imran1957@paytm
C02057,Amit Pillai,91-6898525816,amit.pillai28@gmail.com,"Apr 04, 1978",,full,07-01-2022,amit5816@paytm
C00626,divya kulkarni,91-9684436022,divya.kulkarni97@gmail.com,20-06-1974,Hyderabad,min kyc,2025-01-28,divya6022@axl
C01627,Priya Pillai,8761953096,priya.pillai36@gmail.com,16-07-1987,chennai,MIN,02 Jun 2022,priya3096@paytm
C01067,Sunita Chopra,78338 70053,,04-03-1987,Calcutta,Full KYC,05-10-2019,sunita0053@okbank
C03456,vijay sharma,+917441860223,vijay.sharma58@gmail.com,"Nov 21, 1964",,Full KYC,16 Jun 2021,vijay0223@sbi
C04638,Sneha Bose,8107200829,sneha.bose27@gmail.com,"Sep 09, 1963",,,02 May 2020,sneha0829@ybl
C02273,RAHUL CHOPRA,74625 06204,NULL,09-09-1967,BLR,Full KYC,09-09-2023,rahul6204@sbi
C90221,Aarti Menon,+918532650344,N/A,20-08-1967,chennai,full,17 Oct 2025,aarti0344@paytm
C04983,Aarti Pillai,9347126352,NULL,,delhi,minimum,2021-03-24,aarti6352@paytm
C02827,swati menon,9371986797,unknown,,ahmedabad,min kyc,2024-01-16,swati6797@okbank
C02354,D. Joshi,9609350841,deepak.joshi67@gmail.com,28-02-1985,kolkata,full,21 May 2022,deepak0841@hdfcbank
C02293,Rohan Singh,91-7632545938,rohan.singh60@gmail.com,20-12-2003,Amdavad,full_kyc,31-01-2020,rohan5938@okbank
C00522,Priya Sharma,91-7001364119,priya.sharma82@gmail.com,NULL,Amdavad,,29-10-2025,priya4119@paytm
C04003,Fatima  Sharma ,+918474679519,fatima.sharma24@gmail.com,15/11/65,Mumbai,min,22 Dec 2023,fatima9519@icici
C00337,"Joshi, Arjun",91-7959025735,arjun.joshi94@gmail.com,,New Delhi,FULL,09-06-2022,arjun5735@sbi
C00419,Rahul Das,7519088346,rahul.das14@gmail.com,1997-03-10,,full_kyc,2019-11-01,NULL
C03265,Vikram  Kulkarni ,6999610811,NULL,N/A,Poona,full_kyc,05 Feb 2024,vikram0811@okbank
C03507,amit verma,+918300433366,amit.verma54@gmail.com,1986-09-28,mumbai,min,10-11-2020,amit3366@axl
C02857,nisha nair,6650363517,nisha.nair1@gmail.com,"Jul 26, 1994",bangalore,MIN,11 Sep 2021,nisha3517@paytm
C00949,Priya Bose,7171056568,priya.bose67@gmail.com,"Jul 07, 1981",BLR,min,03 Sep 2024,priya6568@okbank
C02727,Neha Khan,92869 86968,,"Sep 26, 1969",,FULL,2024-09-08,neha6968@okbank
C01220,AMIT CHOPRA,8796443980,N/A,09/06/69,Calcutta,FULL,11 Aug 2025,amit3980@axl
C02848,P. Sharma,9212213298,priya.sharma57@gmail.com,1989-03-11,DELHI,MIN,2020-10-18,priya3298@okbank
C04354,R. Chopra,7769564567,ritu.chopra65@gmail.com,16/02/79,lucknow,FULL,2025-09-19,ritu4567@axl
C03891,Manish Reddy,09867141315,unknown,25-10-1986,pune,FULL,31 Mar 2023,manish1315@sbi
C03772,Vikram Mehta,+916638005668,,1987-08-29,,MIN,06 Nov 2021,vikram5668@paytm
C01656,Aarti Yadav,+919073754735,,1985-03-25,kolkata,MIN,01 Oct 2019,aarti4735@axl
C00631,Suresh Chopra,8928225349,,06-05-1977,jaipur,full,13 Sep 2020,suresh5349@sbi
C00354,Tarun Desai,06869672539,tarun.desai12@gmail.com,"Jul 22, 1993",Delhi,full_kyc,07-10-2023,tarun2539@hdfcbank
C03113,kavita reddy,08502067163,kavita.reddy65@gmail.com,N/A,Lucknow,MIN,2023-01-09,kavita7163@ybl
C01309,Isha Sharma,91-6116539734,,03-01-1984,jaipur,minimum,09 Jul 2022,isha9734@axl
C01759,harsh bose,91-8635118419,harsh.bose35@gmail.com,24-07-1975,MUMBAI,full_kyc,2023-01-12,harsh8419@okbank
C02684,A. Nair,+917300330862,anjali.nair14@gmail.com,1994-02-12,bangalore,Full KYC,2021-07-28,anjali0862@ybl
C02815,harsh verma,9550667416,harsh.verma47@gmail.com,"Jun 16, 1968",Chennai,MIN,24-11-2023,harsh7416@hdfcbank
C02553,Suresh Joshi,78147 70854,NULL,N/A,Hyderabad,pending,06 Aug 2022,suresh0854@icici
C00942,sanjay iyer,8151019717,,10-08-1988,,min,20-08-2025,sanjay9717@okbank
C03476,T. Pillai,8486418713,tarun.pillai57@gmail.com,1964-04-04,Mumbai,full_kyc,2026-03-10,tarun8713@hdfcbank
C04717,ARJUN MEHTA,+919020218583,NULL,"Jan 01, 1986",DELHI,Full KYC,2020-10-18,arjun8583@okbank
C02833,Imran Joshi,6432035606,,"May 17, 1977",chennai,full_kyc,04 Dec 2019,imran5606@ybl
C02173,M. Menon,09038376581,meera.menon93@gmail.com,1965-03-19,Hyderabad,MIN,2024-08-01,meera6581@paytm
C00165,Sanjay  Yadav ,+919984351486,sanjay.yadav14@gmail.com,28/03/81,Bangalore,full_kyc,16-01-2026,sanjay1486@paytm
C00069,D. Mehta,74467 53040,deepak.mehta74@gmail.com,1994-01-30,hyderabad,FULL,2025-05-28,deepak3040@icici
C04048,tarun reddy,08721348535,tarun.reddy97@gmail.com,"Oct 19, 1982",kolkata,minimum,10-01-2025,tarun8535@icici
C03945,Sneha Pillai,91-7263625132,sneha.pillai78@gmail.com,"Aug 26, 1994",Bengaluru,full,12 Oct 2020,sneha5132@paytm
C01148,SNEHA SHARMA,8891182559,sneha.sharma67@gmail.com,1975-01-06,pune,full,18-08-2023,sneha2559@okbank
C00250,RITU PATEL,6924808059,ritu.patel72@gmail.com,1998-04-26,Chennai,minimum,06-10-2025,ritu8059@hdfcbank
C04270,"Nair, Isha",7433306286,N/A,"May 27, 1990",New Delhi,full,2022-06-27,isha6286@sbi
C02247,Sanjay Chopra,08074213080,unknown,"Dec 09, 1983",chennai,min,16-05-2022,sanjay3080@icici
C04804,"Joshi, Vijay",+919727750259,,N/A,Madras,full_kyc,2020-06-07,vijay0259@hdfcbank
C01989,Sanjay Nair,91-9016972816,N/A,24-06-1984,jaipur,FULL,11 Sep 2020,sanjay2816@okbank
C04583,Isha Chopra,9550924268,isha.chopra71@gmail.com,04/12/00,BLR,minimum,2020-03-28,isha4268@ybl
C00764,Karan  Bose ,84749 38112,karan.bose82@gmail.com,,Poona,full_kyc,2024-09-12,
C04581,Harsh Patel,7357852446,harsh.patel23@gmail.com,28-03-1963,BLR,minimum,2021-04-30,harsh2446@hdfcbank
C01669,Farhan Menon,+918876750950,N/A,27-09-1972,New Delhi,Full KYC,2019-10-17,farhan0950@ybl
C01155,ritu patel,+917940820969,ritu.patel58@gmail.com,"Mar 04, 1974",lucknow,min,30-08-2025,ritu0969@hdfcbank
C90285,Deepak Verma,94095 94930,unknown,27/12/90,kolkata,FULL,2022-04-06,deepak4930@ybl
C03058,P. Iyer,8952068057,N/A,14-03-1971,Ahmedabad,full,01-12-2023,pooja8057@hdfcbank
C03324,R. Yadav,91-9467964013,rohan.yadav24@gmail.com,1972-05-30,Poona,full,21-11-2019,rohan4013@axl
C02734,Pooja Bose,61093 72049,pooja.bose40@gmail.com,N/A,kolkata,min,31 Aug 2022,pooja2049@icici
C03816,Farhan Chopra,8573948498,farhan.chopra93@gmail.com,03/01/73,MUMBAI,Full KYC,2025-08-09,farhan8498@okbank
C01523,Vijay Khan,73162 71218,vijay.khan61@gmail.com,22/08/85,Poona,NA,15-09-2022,vijay1218@hdfcbank
C01756,V. Patel,7012130593,vikram.patel99@gmail.com,"Sep 16, 1983",DELHI,full,26 Aug 2022,vikram0593@paytm
C03242,Manish Shaikh,08516522869,manish.shaikh77@gmail.com,N/A,Lucknow,full,23-03-2021,manish2869@axl
C04738,Rahul  Bose ,6438382256,rahul.bose97@gmail.com,"Nov 29, 1966",Hyderabad,FULL,07 Nov 2020,rahul2256@icici
C02616,S. Khan,6536777416,sanjay.khan77@gmail.com,1971-12-25,Amdavad,full_kyc,28 Jun 2024,sanjay7416@ybl
C04146,H. Yadav,97549 73060,harsh.yadav89@gmail.com,1976-05-09,pune,full,29 Mar 2023,harsh3060@icici
C04676,Pooja Nair,8950577214,pooja.nair81@gmail.com,18/04/87,Lucknow,full,08-04-2024,pooja7214@paytm
C01458,swati chopra,07010115571,swati.chopra48@gmail.com,"May 09, 1981",bangalore,pending,15-05-2021,swati5571@hdfcbank
C00568,Swati Verma,9010553416,swati.verma80@gmail.com,"Aug 30, 1982",Hyderabad,Full KYC,23-08-2022,
C04541,Rahul Reddy,6950806494,rahul.reddy18@gmail.com,1965-12-19,,Full KYC,26 Oct 2024,rahul6494@paytm
C04921,S. Nair,+917182117702,,12/11/99,DELHI,pending,27-06-2021,sunita7702@okbank
C00157,Tarun Mehta,6041583061,unknown,06/04/80,Bengaluru,full,01 Jun 2021,tarun3061@ybl
C00538,suresh das,9349490701,suresh.das51@gmail.com,17-02-1988,Poona,FULL,26-03-2022,suresh0701@ybl
C01140,Priya Menon,7438284490,,"Dec 10, 1998",HYD,min,2024-06-29,priya4490@sbi
C03299,Priya Singh,7122717301,priya.singh62@gmail.com,18/01/77,pune,min kyc,2024-08-23,priya7301@axl
C01265,Tarun Khan,9000342738,,12/06/68,Kolkata,FULL,2021-06-08,tarun2738@sbi
C02773,Nisha Chopra,7261180169,nisha.chopra81@gmail.com,"Aug 17, 1982",Calcutta,full_kyc,22-06-2023,nisha0169@icici
C00623,S. Das,+919612423647,sneha.das32@gmail.com,16-12-1982,hyderabad,full_kyc,06 Jun 2021,sneha3647@paytm
C04954,DEEPAK KULKARNI,9778091651,NULL,NULL,Delhi,min kyc,29 Sep 2023,deepak1651@paytm
C02912,FARHAN CHOPRA,6744875289,farhan.chopra30@gmail.com,28-02-1973,pune,min,2026-05-25,farhan5289@okbank
C00030,DEEPAK VERMA,6910116526,deepak.verma96@gmail.com,04/02/94,bangalore,minimum,17-02-2025,deepak6526@hdfcbank
C00392,Fatima Bose,+916191072784,,1989-09-30,Kolkata,FULL,26-11-2020,fatima2784@hdfcbank
C00905,Sanjay Chopra,9918159470,NULL,06/07/85,jaipur,FULL,2021-11-01,N/A
C90148,Amit Mehta,+917253510784,unknown,1967-10-19,Poona,full,2023-12-13,N/A
C02995,Sneha Patel,7250667034,sneha.patel36@gmail.com,05-04-1981,Chennai,FULL,2023-05-21,sneha7034@axl
C01662,priya sharma,06851393477,priya.sharma70@gmail.com,2000-01-18,Poona,min kyc,2022-05-12,priya3477@icici
C02451,Aarti Joshi,90457 39047,aarti.joshi69@gmail.com,"Aug 16, 1975",Hyderabad,full_kyc,2022-09-07,aarti9047@hdfcbank
C04100,Vikram Mehta,88206 82389,NULL,04-11-1996,pune,minimum,05 Oct 2022,vikram2389@hdfcbank
C00685,Sunita Yadav,+916802551906,unknown,11/10/97,Amdavad,full_kyc,06-07-2024,NULL
C00670,Sunita Sharma,94713 63632,sunita.sharma95@gmail.com,12/07/97,Bengaluru,minimum,02-11-2019,sunita3632@paytm
C01652,Ritu  Chopra ,6285243280,,"Mar 29, 1997",MUMBAI,Full KYC,2022-09-09,ritu3280@hdfcbank
C01529,KAVITA MENON,7429259093,,N/A,lucknow,full_kyc,27 Apr 2020,kavita9093@sbi
C02761,Rahul Verma,82048 76097,rahul.verma78@gmail.com,12/01/75,jaipur,Full KYC,06-09-2024,rahul6097@hdfcbank
C04810,Amit Joshi,6870248443,,"Nov 19, 2000",DELHI,full,2022-01-22,amit8443@paytm
C01415,VIKRAM GUPTA,8644433843,vikram.gupta55@gmail.com,08-03-1988,lucknow,FULL,22-01-2024,vikram3843@axl
C00898,Manish Kulkarni,+919355683598,manish.kulkarni78@gmail.com,"Jun 04, 1965",Delhi,Full KYC,26 Nov 2024,manish3598@axl
C04387,KARAN IYER,08387994159,karan.iyer40@gmail.com,"Apr 10, 1968",Chennai,min kyc,08 Sep 2022,karan4159@sbi
C02805,amit chopra,9612009844,amit.chopra71@gmail.com,"Aug 26, 1989",jaipur,minimum,26 Jun 2023,amit9844@okbank
C04751,"Bose, Kavita",8969232856,kavita.bose50@gmail.com,31/01/04,hyderabad,FULL,28-02-2020,kavita2856@okbank
C03981,Arjun Khan,+919785754355,,"Mar 31, 1979",,PENDING,30 Aug 2025,arjun4355@hdfcbank
C04355,V. Das,7144038999,,06/03/69,ahmedabad,Full KYC,27 Sep 2019,vikram8999@sbi
C00912,Kavita Singh,66697 36159,kavita.singh7@gmail.com,02-12-1983,ahmedabad,min kyc,18-01-2020,kavita6159@icici
C02185,Ritu Singh,9385333700,,N/A,Kolkata,Full KYC,2020-11-29,ritu3700@axl
C03046,ANJALI SHAIKH,8806464681,N/A,01-01-1982,Calcutta,min kyc,21-04-2025,anjali4681@sbi
C03715,Rahul Reddy,6756584117,rahul.reddy75@gmail.com,1992-11-24,Bangalore,FULL,26 Jun 2024,rahul4117@paytm
C03255,Ritu Mehta,7267487242,ritu.mehta18@gmail.com,1988-09-28,HYD,PENDING,02 May 2025,ritu7242@sbi
C04186,fatima verma,+918347532668,fatima.verma25@gmail.com,,kolkata,full,09-01-2021,fatima2668@axl
C02690,"Chopra, Suresh",72048 29841,suresh.chopra92@gmail.com,09/07/05,Poona,minimum,13-10-2022,suresh9841@okbank
C04426,Nisha Verma,09451360200,N/A,1988-11-22,,minimum,2023-08-05,nisha0200@paytm
C90107,Vikram Pillai,78581 43187,vikram.pillai73@gmail.com,1995-08-03,ahmedabad,MIN,28-12-2022,vikram3187@okbank
C04646,Arjun  Kulkarni ,7234745774,arjun.kulkarni26@gmail.com,29/08/95,New Delhi,full_kyc,2021-09-18,arjun5774@paytm
C03856,Imran Iyer,+919814654114,imran.iyer99@gmail.com,,kolkata,full,17-11-2025,imran4114@okbank
C02359,Harsh Singh,+918337210631,,22/11/66,ahmedabad,Full KYC,2021-12-31,harsh0631@axl
C02698,divya joshi,7089693934,divya.joshi91@gmail.com,15/09/86,Calcutta,Full KYC,06-03-2026,divya3934@hdfcbank
C01579,Rahul Joshi,7707132467,rahul.joshi11@gmail.com,01-01-1981,Lucknow,min kyc,12-04-2021,rahul2467@axl
C01833,SNEHA PILLAI,07389248845,N/A,27/02/78,kolkata,FULL,14 Nov 2025,sneha8845@okbank
C01439,Suresh Pillai,+919502884448,suresh.pillai81@gmail.com,30/05/63,Poona,full,23-10-2021,suresh4448@icici
C04781,IMRAN REDDY,8516098909,,"Jul 03, 1992",MUMBAI,minimum,2021-11-25,imran8909@paytm
C03326,Pooja Reddy,91-6406737901,pooja.reddy21@gmail.com,17/04/83,Bombay,Full KYC,2022-09-26,pooja7901@okbank
C01817,"Joshi, Rahul",+916453054359,,10-07-1973,Mumbai,MIN,11-12-2023,rahul4359@axl
C03354,FARHAN NAIR,+918016868268,N/A,2002-09-05,hyderabad,minimum,14-01-2024,farhan8268@paytm
C04934,Kavita Desai,7822361935,N/A,1968-09-21,jaipur,min,2021-08-01,kavita1935@okbank
C04240,Deepak  Khan ,6600844356,deepak.khan81@gmail.com,1977-03-25,jaipur,full,04-12-2020,deepak4356@sbi
C01532,Rahul Menon,8959078691,,27-05-1979,pune,full_kyc,2020-07-26,rahul8691@icici
C01409,Vikram Desai,91-7440674698,,"Jan 06, 1964",HYD,full,17-02-2024,vikram4698@ybl
C04782,Sunita Kulkarni,+916190097688,sunita.kulkarni74@gmail.com,03/08/84,Jaipur,Full KYC,21-01-2026,
C04576,"Chopra, Divya",70101 78634,,20-08-1980,Ahmedabad,full,23 Mar 2024,divya8634@paytm
C02344,Meera Mehta,9959283149,meera.mehta8@gmail.com,"Sep 25, 1961",chennai,full_kyc,16 Feb 2026,meera3149@axl
C03702,Divya Menon,+916850960304,,20-05-2004,Jaipur,MIN,2024-05-02,divya0304@axl
C00113,Amit Menon,7036008562,amit.menon26@gmail.com,28-09-1979,chennai,full,31 Mar 2026,amit8562@ybl
C00120,"Patel, Isha",91-8850939577,isha.patel5@gmail.com,25/09/96,delhi,Full KYC,04 Feb 2020,isha9577@ybl
C01283,Imran Shaikh,+919197765262,imran.shaikh42@gmail.com,04/06/73,New Delhi,Full KYC,07 Mar 2025,imran5262@paytm
C04890,TARUN IYER,7256363367,tarun.iyer28@gmail.com,09/12/78,pune,FULL,06-10-2022,tarun3367@ybl
C00357,Sanjay Reddy,8301598786,sanjay.reddy87@gmail.com,28/08/89,Jaipur,Full KYC,02 Dec 2024,sanjay8786@paytm
C03290,SANJAY YADAV,7851961607,unknown,N/A,,FULL,13 Dec 2025,sanjay1607@axl
C01040,ROHAN MEHTA,6772485350,,NULL,MUMBAI,FULL,11 Oct 2020,rohan5350@paytm
C04984,SUNITA SHAIKH,91-7860089138,sunita.shaikh72@gmail.com,"Nov 17, 1985",BLR,full,2024-08-14,sunita9138@paytm
C01407,Rohan Desai,9337748645,rohan.desai83@gmail.com,1982-04-26,Bombay,,2025-11-09,rohan8645@icici
C02534,Harsh Yadav,89814 46467,unknown,1979-12-25,pune,minimum,22 May 2024,harsh6467@ybl
C02001,Imran Chopra,6601280765,imran.chopra6@gmail.com,1984-12-30,,FULL,29-04-2022,imran0765@axl
C03666,Anjali Nair,9197546026,anjali.nair29@gmail.com,"Jun 15, 1990",Lucknow,FULL,05-01-2022,anjali6026@okbank
C01553,tarun desai,+919913305598,NULL,23/05/67,Calcutta,FULL,2021-07-05,tarun5598@okbank
C00819,RITU PATEL,+916865122530,ritu.patel67@gmail.com,01/07/73,kolkata,Full KYC,25 Aug 2024,ritu2530@ybl
C02478,Karan Iyer,91-8814633949,karan.iyer63@gmail.com,1985-03-12,pune,full_kyc,07-09-2024,karan3949@icici
C03441,Nisha Das,+916431217935,nisha.das8@gmail.com,07/07/85,Hyderabad,min kyc,05-07-2023,nisha7935@icici
C00082,Karan Iyer,96372 04491,karan.iyer90@gmail.com,11-05-1987,Madras,Full KYC,27-09-2022,karan4491@axl
C04287,Isha Gupta,8084642022,isha.gupta43@gmail.com,NULL,Bangalore,MIN,17 Sep 2025,isha2022@ybl
C03413,RAHUL GUPTA,07458266424,rahul.gupta41@gmail.com,1986-01-16,Hyderabad,full,08 Jul 2024,rahul6424@paytm
C00241,"Menon, Deepak",+918481266261,unknown,NULL,Bangalore,full_kyc,01-06-2020,deepak6261@okbank
C03250,rohan shaikh,09157895919,N/A,"Dec 17, 1973",New Delhi,minimum,21-11-2025,rohan5919@sbi
C00038,Aarti  Desai ,07739254509,aarti.desai43@gmail.com,,Poona,min kyc,2023-06-14,aarti4509@axl
C02094,Amit Desai,8806788714,unknown,NULL,ahmedabad,pending,24-10-2025,amit8714@sbi
C03362,Isha Kulkarni,06674805895,N/A,"Dec 07, 1968",Madras,FULL,28 Jan 2025,N/A
C90159,Aarti Khan,74488 43970,,1997-07-15,Madras,min,09 Jun 2022,aarti3970@axl
C04609,Fatima Desai,7043499941,unknown,15-04-1980,Madras,Full KYC,10-05-2021,fatima9941@ybl
C00201,aarti joshi,69399 35026,aarti.joshi74@gmail.com,01-10-2000,pune,,17 Apr 2022,aarti5026@hdfcbank
C04405,"Mehta, Farhan",8224245138,N/A,1996-04-14,MUMBAI,,2025-03-20,farhan5138@okbank
C02630,Anjali Chopra,09031765696,anjali.chopra41@gmail.com,1984-08-26,DELHI,Full KYC,14-04-2022,anjali5696@hdfcbank
C01486,Pooja Mehta,+917662067195,NULL,12-01-1998,chennai,,2021-10-13,pooja7195@hdfcbank
C00424,Manish Singh,9608185607,N/A,1980-06-29,jaipur,FULL,20 Mar 2020,manish5607@okbank
C01871,harsh nair,+919874623844,unknown,"May 20, 1997",Poona,min kyc,2025-05-31,harsh3844@ybl
C01797,Farhan Chopra,9427237232,farhan.chopra90@gmail.com,29/09/65,MUMBAI,full,30-01-2022,farhan7232@icici
C02413,Rahul Chopra,+919225272683,rahul.chopra14@gmail.com,21/09/67,Kolkata,PENDING,31-10-2024,rahul2683@ybl
C03733,Kavita Khan,+918057967100,kavita.khan88@gmail.com,"May 05, 1978",hyderabad,min,2025-07-30,kavita7100@paytm
C01308,FARHAN NAIR,6386166297,farhan.nair77@gmail.com,15-10-2000,kolkata,FULL,12 Sep 2023,farhan6297@hdfcbank
C03872,V. Pillai,91-9443864871,,30/12/77,kolkata,,06 Jun 2021,vijay4871@okbank
C00274,Divya Verma,6738878041,divya.verma36@gmail.com,15/08/85,Chennai,FULL,14-07-2020,divya8041@ybl
C03517,Farhan Singh,+918873984851,farhan.singh27@gmail.com,1976-01-10,Pune,FULL,24-06-2023,farhan4851@icici
C01821,Priya Nair,+917249770843,priya.nair34@gmail.com,1986-06-15,Poona,FULL,05-07-2021,priya0843@okbank
C03189,PRIYA YADAV,91-6254124605,priya.yadav71@gmail.com,1967-04-23,Calcutta,,14-01-2024,priya4605@sbi
C04090,Arjun Verma,7771566224,arjun.verma19@gmail.com,29/11/81,Poona,minimum,01-07-2023,arjun6224@paytm
C04251,Neha Desai,91-9546049620,N/A,29-07-2004,hyderabad,,01-03-2021,neha9620@paytm
C03644,Pooja Singh,7332200625,,1991-02-04,Amdavad,full,18 Apr 2024,pooja0625@axl
C00322,Amit Sharma,7853567465,amit.sharma14@gmail.com,12/12/00,jaipur,full,08-12-2024,amit7465@hdfcbank
C02809,Imran Singh,07660529883,imran.singh19@gmail.com,13/11/98,Delhi,full_kyc,2020-06-02,imran9883@axl
C03240,Anjali  Patel ,+916222591758,anjali.patel24@gmail.com,06-07-1995,Chennai,Full KYC,2023-12-17,anjali1758@paytm
C04136,Nisha Joshi,+919125810320,NULL,22-06-2004,Hyderabad,PENDING,15 May 2025,nisha0320@hdfcbank
C04674,Suresh Pillai,86068 47773,suresh.pillai26@gmail.com,31/10/04,,Full KYC,2025-10-01,suresh7773@okbank
C02899,A. Gupta,91-6754089283,aarti.gupta74@gmail.com,26-10-1985,Madras,Full KYC,2021-06-27,aarti9283@paytm
C00282,Vikram Joshi,6538312341,vikram.joshi2@gmail.com,1974-05-25,BLR,full_kyc,31 Mar 2026,vikram2341@icici
C01840,Nisha Gupta,07758617893,nisha.gupta22@gmail.com,1969-10-24,Pune,minimum,2023-12-03,nisha7893@axl
C03744,Arjun Gupta,06931465275,N/A,"Oct 03, 1968",Mumbai,Full KYC,31-12-2023,arjun5275@okbank
C02915,Farhan Iyer,+917840592868,farhan.iyer75@gmail.com,15/07/96,Pune,min kyc,12 May 2025,farhan2868@axl
C03243,Swati Bose,8260882481,swati.bose14@gmail.com,"Oct 10, 1988",Kolkata,min,23-01-2026,swati2481@axl
C90195,Sanjay  Reddy ,+917746549926,unknown,1981-11-02,,min kyc,18-04-2021,sanjay9926@hdfcbank
C04942,Sneha Mehta,9516001104,unknown,"Nov 04, 1969",BLR,full,2026-01-05,sneha1104@axl
C01464,Meera Khan,8846981210,NULL,06-01-1998,Lucknow,full_kyc,2019-09-28,meera1210@hdfcbank
C00317,"Yadav, Farhan",6941718670,farhan.yadav13@gmail.com,1967-05-06,kolkata,min kyc,2022-09-07,farhan8670@icici
C04603,H. Desai,91-7899257945,harsh.desai92@gmail.com,28-04-1961,Mumbai,minimum,14-10-2019,harsh7945@sbi
C03433,Isha Bose,85283 82931,isha.bose13@gmail.com,11/11/95,lucknow,full,2020-10-20,isha2931@axl
C01080,Rahul Verma,9915543128,rahul.verma50@gmail.com,1979-10-18,HYD,full_kyc,2021-09-18,rahul3128@axl
C02723,SWATI IYER,91-9541802247,N/A,05/02/73,Delhi,MIN,2026-05-28,swati2247@ybl
C00521,D. Sharma,91-6484333074,deepak.sharma96@gmail.com,1965-03-23,,full_kyc,2021-04-27,deepak3074@sbi
C02782,isha mehta,9049487778,NULL,"Sep 23, 1977",HYD,Full KYC,2022-07-25,
C00427,nisha sharma,8132062688,nisha.sharma29@gmail.com,23-03-1970,Kolkata,MIN,2021-06-09,nisha2688@okbank
C00666,Pooja Yadav,6219026284,pooja.yadav44@gmail.com,1980-05-17,Bangalore,full,2023-09-07,pooja6284@okbank
C01270,Tarun Desai,6402111345,tarun.desai43@gmail.com,12-11-1976,DELHI,Full KYC,2023-09-19,tarun1345@icici
C04292,Rahul Shaikh,64866 11885,NULL,26-01-2002,hyderabad,Full KYC,02-03-2022,rahul1885@hdfcbank
C90080,Amit Desai,65788 72441,unknown,18-07-1962,pune,PENDING,2025-07-21,amit2441@okbank
C01558,FATIMA VERMA,06470131651,fatima.verma26@gmail.com,08/08/81,lucknow,full_kyc,01-07-2025,fatima1651@okbank
C03771,priya reddy,85584 31823,unknown,NULL,mumbai,Full KYC,03-09-2024,priya1823@okbank
C01683,Manish Shaikh,8455657073,manish.shaikh38@gmail.com,21/07/03,Pune,,19 Oct 2020,manish7073@sbi
C03253,Sanjay Shaikh,7663664258,NULL,NULL,BLR,full_kyc,11 Oct 2022,sanjay4258@axl
C00230,vikram singh,6966675046,vikram.singh71@gmail.com,"Mar 04, 2005",Lucknow,minimum,29-11-2020,vikram5046@ybl
C02071,isha joshi,+919288455512,unknown,"Jun 08, 2002",Pune,Full KYC,18-09-2022,isha5512@ybl
C02866,FARHAN REDDY,+918064753976,farhan.reddy23@gmail.com,2003-06-24,kolkata,minimum,22 Nov 2019,farhan3976@hdfcbank
C03390,Deepak  Kulkarni ,8899653513,deepak.kulkarni98@gmail.com,23/05/01,Jaipur,Full KYC,26-02-2026,deepak3513@sbi
C04706,Ritu Bose,91-9148887353,,2006-02-03,hyderabad,min kyc,06 May 2022,ritu7353@paytm
C03396,swati gupta,6594485076,swati.gupta61@gmail.com,1961-06-25,Kolkata,NA,14 Sep 2022,swati5076@okbank
C02415,suresh pillai,+918354295215,suresh.pillai52@gmail.com,15-08-1985,Chennai,full,15-09-2025,suresh5215@icici
C02278,tarun mehta,06745547265,tarun.mehta51@gmail.com,NULL,Pune,PENDING,05-10-2021,tarun7265@sbi
C00119,Nisha Patel,+916035001447,NULL,1969-07-22,Amdavad,PENDING,03 Nov 2023,nisha1447@ybl
C04025,Priya Verma,8589066871,priya.verma14@gmail.com,"Aug 25, 1961",Bengaluru,full_kyc,03-12-2020,priya6871@ybl
C04733,P. Menon,08203096504,priya.menon32@gmail.com,04/07/94,Mumbai,Full KYC,02-01-2020,priya6504@ybl
C00860,Kavita Iyer,91-9476113429,kavita.iyer48@gmail.com,31-10-1984,jaipur,FULL,06-09-2024,kavita3429@hdfcbank
C04624,SNEHA PILLAI,6565028956,sneha.pillai47@gmail.com,05/01/67,jaipur,,18-05-2026,sneha8956@axl
C90005,S. Iyer,9706500250,,"Oct 16, 1983",jaipur,min,19 Nov 2022,sneha0250@hdfcbank
C02789,Tarun  Pillai ,+916791033756,,05/02/06,chennai,full_kyc,07 Aug 2021,tarun3756@hdfcbank
C02141,arjun patel,09398909779,arjun.patel64@gmail.com,13-12-2000,pune,full_kyc,09 Oct 2023,arjun9779@hdfcbank
C00858,Deepak Shaikh,7718979290,deepak.shaikh48@gmail.com,06/08/80,Bangalore,minimum,25-03-2025,deepak9290@axl
C02248,"Iyer, Anjali",6016511091,,17-08-1961,Kolkata,min,2019-10-04,anjali1091@okbank
C02926,vikram chopra,+916619101439,vikram.chopra58@gmail.com,07-01-1971,chennai,full,2025-07-29,vikram1439@okbank
C02885,"Mehta, Fatima",+919206211628,fatima.mehta2@gmail.com,"Apr 20, 2005",Bangalore,FULL,11 Jul 2022,fatima1628@paytm
C00370,Imran  Shaikh ,+916941198520,NULL,1967-11-13,Mumbai,Full KYC,2020-09-09,imran8520@sbi
C01348,Sanjay Mehta,72023 91051,sanjay.mehta56@gmail.com,1975-01-28,Hyderabad,Full KYC,07-08-2020,sanjay1051@ybl
C03457,Rahul  Nair ,9603520551,,23-07-1985,HYD,minimum,29 Aug 2025,rahul0551@axl
C04599,VIJAY SINGH,6942765041,NULL,2002-08-31,chennai,FULL,18-08-2025,vijay5041@ybl
C90098,T. Nair,07977587872,unknown,03/06/92,Pune,MIN,2021-12-19,tarun7872@icici
C02326,Tarun Bose,9801303809,,"Sep 01, 2002",jaipur,Full KYC,2025-04-18,tarun3809@ybl
C04951,Divya Shaikh,7095231627,divya.shaikh53@gmail.com,24-01-1992,Mumbai,FULL,03-05-2023,divya1627@okbank
C02272,suresh menon,7012446239,suresh.menon65@gmail.com,"Jun 27, 2003",ahmedabad,full,08-04-2026,suresh6239@ybl
C04373,KAVITA SHARMA,+917860875794,kavita.sharma60@gmail.com,16/12/76,kolkata,,2022-11-22,kavita5794@icici
C03830,ritu gupta,6481694715,ritu.gupta60@gmail.com,"Feb 17, 1973",hyderabad,min kyc,18 Oct 2023,ritu4715@sbi
C01099,Rohan Kulkarni,9981530420,rohan.kulkarni58@gmail.com,1994-11-05,pune,full_kyc,29-08-2025,rohan0420@hdfcbank
C03526,MANISH PATEL,9800263463,manish.patel9@gmail.com,12-05-1981,Pune,,18 Dec 2022,manish3463@hdfcbank
C01151,divya nair,+919499204479,divya.nair30@gmail.com,01/08/97,Hyderabad,full_kyc,19 Dec 2024,divya4479@paytm
C01351,"Shaikh, Priya",+917814984184,priya.shaikh21@gmail.com,N/A,Lucknow,full_kyc,24 Oct 2021,priya4184@ybl
C03424,V. Yadav,8348932660,vijay.yadav67@gmail.com,N/A,Pune,full_kyc,23-09-2020,vijay2660@hdfcbank
C02918,Fatima Khan,8512164984,fatima.khan32@gmail.com,1994-05-28,bangalore,full_kyc,24 Jul 2022,fatima4984@hdfcbank
C02845,Vijay Singh,9129703996,,05-12-1999,kolkata,FULL,07 Mar 2025,vijay3996@axl
C02752,SUNITA DESAI,66619 75216,,07/02/67,lucknow,MIN,02 Mar 2025,sunita5216@icici
C04049,M. Bose,8399441874,manish.bose35@gmail.com,04-08-1978,,full,2023-01-30,manish1874@axl
C04930,Priya Desai,91-8439536891,priya.desai41@gmail.com,28-03-1990,Amdavad,FULL,2023-09-13,priya6891@axl
C00749,nisha chopra,97534 68637,nisha.chopra51@gmail.com,19/11/94,Bengaluru,minimum,04 Feb 2024,nisha8637@ybl
C01740,F. Kulkarni,7538664887,fatima.kulkarni55@gmail.com,05-08-1968,Hyderabad,min,18-03-2021,fatima4887@ybl
C04402,Priya  Yadav ,+918355196805,priya.yadav5@gmail.com,02/02/74,,full,31-05-2023,priya6805@ybl
C01990,suresh singh,7546508692,suresh.singh8@gmail.com,"Feb 21, 2001",Hyderabad,full_kyc,28-01-2025,suresh8692@hdfcbank
C00472,Manish Khan,7142110183,manish.khan99@gmail.com,29/06/88,Pune,Full KYC,2021-08-21,manish0183@sbi
C04744,Divya Das,+919898742793,NULL,"Jun 24, 2002",Ahmedabad,full,02 Jan 2024,divya2793@ybl
C03671,Nisha Iyer,+917984174593,nisha.iyer79@gmail.com,24/11/87,Mumbai,Full KYC,2023-08-03,nisha4593@icici
C02196,Fatima Reddy,6116713195,fatima.reddy36@gmail.com,1989-08-26,Hyderabad,full_kyc,2020-11-09,fatima3195@icici
C03845,"Das, Vikram",9687930915,vikram.das50@gmail.com,23-05-1984,Madras,MIN,10 Nov 2024,vikram0915@okbank
C00705,Vikram Kulkarni,9987381348,vikram.kulkarni63@gmail.com,"Jul 02, 1976",BLR,FULL,09-05-2024,vikram1348@ybl
C02987,Fatima Pillai,9572531686,fatima.pillai25@gmail.com,27-01-1981,Jaipur,,2022-08-14,fatima1686@axl
C04808,"Das, Rohan",6469884370,rohan.das29@gmail.com,08/12/74,HYD,Full KYC,16 Nov 2019,rohan4370@paytm
C04295,VIKRAM PILLAI,91-6656911070,vikram.pillai81@gmail.com,1976-08-25,Jaipur,full_kyc,07 Aug 2021,vikram1070@hdfcbank
C03577,A. Patel,+918206140484,,N/A,Calcutta,minimum,20-09-2024,amit0484@sbi
C00964,K. Singh,91-9989113509,kavita.singh25@gmail.com,1986-03-13,Madras,FULL,08 May 2022,kavita3509@hdfcbank
C00662,Sneha Sharma,+918098782839,sneha.sharma96@gmail.com,"Apr 25, 1983",HYD,full_kyc,2025-11-18,sneha2839@paytm
C01159,Vikram Joshi,6373273964,vikram.joshi28@gmail.com,1989-04-30,,FULL,01 Nov 2025,vikram3964@sbi
C04156,Priya Iyer,9911150880,priya.iyer35@gmail.com,1971-10-18,Calcutta,Full KYC,2024-12-29,priya0880@ybl
C00298,I. Yadav,9696096949,,"Jun 16, 1985",chennai,Full KYC,25-04-2025,N/A
C03162,Anjali Reddy,7295542823,,1980-04-05,jaipur,FULL,18-04-2022,anjali2823@axl
C01843,RAHUL NAIR,8122228757,N/A,,Hyderabad,full,02-05-2026,rahul8757@axl
C02934,M. Iyer,9762658027,meera.iyer84@gmail.com,"Mar 27, 1976",Lucknow,,02-03-2025,meera8027@sbi
C00019,MEERA SHARMA,7739888271,meera.sharma50@gmail.com,22-06-1964,,Full KYC,2021-04-03,meera8271@paytm
C00798,rohan desai,07065660882,rohan.desai68@gmail.com,1997-12-12,Chennai,FULL,07-10-2020,rohan0882@icici
C02411,Karan Gupta,8694294514,N/A,06/01/65,MUMBAI,Full KYC,2020-05-13,karan4514@okbank
C02398,"Mehta, Vijay",6593719547,unknown,1999-06-12,lucknow,full,01-11-2023,vijay9547@hdfcbank
C00979,deepak kulkarni,+916435566426,deepak.kulkarni62@gmail.com,"Aug 30, 1979",Lucknow,pending,15-12-2022,deepak6426@ybl
C01208,Aarti Yadav,9435088568,aarti.yadav16@gmail.com,08-11-1979,jaipur,full,18-06-2022,aarti8568@icici
C04818,anjali bose,6714960152,unknown,"Sep 21, 1983",Jaipur,Full KYC,08-08-2025,anjali0152@sbi
C04524,sunita chopra,7322601671,N/A,"Aug 27, 1964",Pune,Full KYC,10 Jan 2026,sunita1671@icici
C01575,Tarun Verma,8126816590,tarun.verma88@gmail.com,14/01/76,pune,minimum,25 Mar 2026,tarun6590@ybl
C03019,Swati Shaikh,91-7638675569,swati.shaikh64@gmail.com,"Jul 25, 1983",Pune,Full KYC,2024-03-21,swati5569@ybl
C02160,Aarti  Sharma ,8289697804,aarti.sharma51@gmail.com,"May 07, 1972",jaipur,min kyc,12-12-2019,aarti7804@okbank
C90233,Rahul Chopra,09225272683,rahul.chopra59@gmail.com,1967-09-21,Kolkata,NA,31 Oct 2024,rahul2683@ybl
C02985,Divya  Gupta ,+918152315263,divya.gupta32@gmail.com,,Delhi,FULL,14-06-2020,divya5263@ybl
C90144,P. Reddy,+919532081225,,1964-09-11,HYD,full,28-12-2021,unknown
C90025,"Das, Swati",8667760952,swati.das16@gmail.com,1972-02-14,Lucknow,full,2022-09-26,swati0952@hdfcbank
C04224,S. Nair,8727715297,swati.nair64@gmail.com,27-01-1972,Pune,min kyc,2022-12-16,swati5297@hdfcbank
C01836,suresh khan,+918111259004,NULL,11-02-1989,lucknow,min kyc,27-03-2023,suresh9004@okbank
C01383,"Yadav, Rohan",+919367387031,rohan.yadav87@gmail.com,,Madras,PENDING,05 Nov 2019,rohan7031@paytm
C00279,V. Nair,06335161173,vijay.nair49@gmail.com,20/03/89,Bombay,FULL,11 Jun 2025,vijay1173@sbi
C02458,Rohan Singh,9810852275,rohan.singh94@gmail.com,,Bangalore,PENDING,2021-10-21,rohan2275@hdfcbank
C01188,Vijay Das,6841824863,N/A,16-03-1997,Hyderabad,pending,15-08-2025,vijay4863@paytm
C04336,Neha Iyer,7835590006,N/A,"Mar 01, 1979",Chennai,PENDING,2023-01-04,neha0006@hdfcbank
C00014,Suresh Patel,07008495500,,1989-05-20,Hyderabad,FULL,23-11-2022,suresh5500@ybl
C01043,Sunita  Singh ,6570281541,sunita.singh99@gmail.com,1989-04-10,Chennai,full_kyc,19-08-2021,sunita1541@okbank
C01241,SUNITA SHAIKH,07607352466,sunita.shaikh45@gmail.com,"Dec 04, 1967",kolkata,FULL,25 Nov 2023,sunita2466@axl
C90100,Sunita Pillai,6765644157,,N/A,Lucknow,NA,04 Oct 2021,sunita4157@axl
C01290,Suresh Bose,62600 23350,,NULL,Chennai,FULL,05 Apr 2025,suresh3350@paytm
C00729,Vijay Patel,91-8248508001,vijay.patel45@gmail.com,30/08/77,DELHI,Full KYC,05-05-2021,vijay8001@okbank
C00768,sneha joshi,+918090009788,sneha.joshi3@gmail.com,,delhi,full_kyc,2023-02-24,sneha9788@icici
C03452,POOJA BOSE,8053394111,NULL,"Jun 22, 1995",Pune,Full KYC,03-06-2020,pooja4111@paytm
C01514,Nisha Bose,8729677419,nisha.bose26@gmail.com,N/A,Delhi,full_kyc,2023-12-03,nisha7419@ybl
C04829,"Kulkarni, Imran",9314309270,,19/07/85,Pune,full_kyc,28 Jul 2023,imran9270@hdfcbank
C02871,KARAN KULKARNI,95430 55261,,19-03-2002,,Full KYC,26-12-2019,karan5261@ybl
C04330,Suresh  Khan ,6960852789,,26-03-1965,Lucknow,full_kyc,14 Oct 2023,suresh2789@okbank
C00020,R. Reddy,+919389263959,rahul.reddy13@gmail.com,08-05-1971,hyderabad,Full KYC,2023-06-10,rahul3959@okbank
C04656,neha mehta,64973 98154,,18/09/78,Ahmedabad,FULL,2024-05-16,neha8154@okbank
C00542,R. Iyer,07861754269,,2005-03-24,Madras,minimum,11-01-2022,rahul4269@sbi
C03426,Rahul  Desai ,7576007124,rahul.desai50@gmail.com,"Dec 29, 1993",delhi,Full KYC,01 Jul 2022,rahul7124@paytm
C03496,sanjay iyer,9302454650,N/A,09-12-2000,pune,pending,2025-03-04,sanjay4650@hdfcbank
C90230,Karan  Gupta ,+918694294514,karan.gupta19@gmail.com,06/01/65,mumbai,FULL,13-05-2020,karan4514@okbank
C01975,Meera Joshi,64945 51758,meera.joshi70@gmail.com,"May 29, 1988",Bangalore,Full KYC,08-02-2024,meera1758@axl
C00795,Farhan Menon,91-9501137285,farhan.menon76@gmail.com,23/01/97,,FULL,01 Jun 2022,farhan7285@okbank
C02580,Rohan Mehta,8647457417,rohan.mehta53@gmail.com,1975-07-16,lucknow,min,08-10-2025,rohan7417@axl
C02745,R. Pillai,89478 06008,,29/12/98,ahmedabad,,11 Sep 2023,rohan6008@hdfcbank
C00877,MEERA IYER,+917281840001,meera.iyer79@gmail.com,02-01-1972,mumbai,full_kyc,16-10-2021,meera0001@icici
C02635,Anjali Desai,6498466959,,15/11/76,pune,min kyc,2020-01-05,anjali6959@hdfcbank
C04562,Neha Iyer,82350 77409,neha.iyer88@gmail.com,"Feb 20, 1985",Mumbai,Full KYC,04 Jul 2023,neha7409@axl
C04017,PRIYA PILLAI,8981458469,priya.pillai40@gmail.com,"Oct 22, 1992",,minimum,18 Apr 2020,priya8469@sbi
C03257,Swati Bose,66535 01556,unknown,1965-09-05,ahmedabad,MIN,14-10-2020,swati1556@okbank
C04361,"Bose, Farhan",7529663619,farhan.bose49@gmail.com,10/03/94,lucknow,min,13-06-2020,farhan3619@okbank
C01143,Fatima Bose,6336663657,fatima.bose41@gmail.com,1965-08-25,delhi,FULL,02 Aug 2023,fatima3657@hdfcbank
C02996,POOJA BOSE,9031816279,pooja.bose23@gmail.com,21/03/05,Mumbai,MIN,29 Oct 2025,pooja6279@icici
C01174,RITU MENON,90849 99622,ritu.menon76@gmail.com,1973-04-19,MUMBAI,full,2020-03-04,ritu9622@icici
C01078,"Menon, Meera",91-7131686140,meera.menon19@gmail.com,02/03/96,Kolkata,minimum,27 Jan 2022,meera6140@paytm
C04758,rahul nair,+919082595257,rahul.nair44@gmail.com,"Sep 29, 1993",Poona,FULL,07-10-2023,rahul5257@okbank
C04423,ritu iyer,7806557834,NULL,1986-04-11,lucknow,Full KYC,09 Apr 2022,ritu7834@paytm
C01524,Vikram Pillai,7858143187,unknown,"Aug 03, 1995",Amdavad,Full KYC,2022-12-28,vikram3187@okbank
C02192,Deepak Kulkarni,8947782717,,1997-10-16,jaipur,min,2025-07-31,deepak2717@okbank
C02976,Vijay Mehta,7417822818,vijay.mehta26@gmail.com,1964-06-07,Calcutta,Full KYC,2023-01-31,vijay2818@axl
C04755,Isha  Desai ,7954789911,isha.desai81@gmail.com,"Mar 27, 1992",Calcutta,full,2022-07-11,isha9911@okbank
C04106,R. Sharma,+916569804190,N/A,"Aug 24, 1999",Pune,NA,2021-10-14,ritu4190@ybl
C04871,Nisha Verma,7883841536,NULL,06-08-1983,Bengaluru,full,21-05-2023,nisha1536@axl
C03951,Swati Iyer,8954142863,unknown,21-12-1979,BLR,FULL,06 Dec 2020,swati2863@axl
C04397,A. Nair,8863438664,unknown,1979-08-31,Bengaluru,NA,25 May 2024,arjun8664@hdfcbank
C02407,D. Shaikh,+918305201200,divya.shaikh21@gmail.com,26-02-1962,Bengaluru,full_kyc,12-11-2019,divya1200@icici
C04220,DEEPAK DAS,9255073696,NULL,1986-10-26,lucknow,Full KYC,24 Jun 2024,deepak3696@ybl
C04039,manish das,+916296628348,manish.das11@gmail.com,2001-10-17,,full_kyc,24-04-2022,manish8348@hdfcbank
C01198,Sunita Patel,9021829126,,1966-06-15,BLR,full,07-09-2022,sunita9126@axl
C00368,POOJA KULKARNI,6023469128,pooja.kulkarni9@gmail.com,27-10-1988,Lucknow,full,04-05-2025,pooja9128@hdfcbank
C02590,Neha Singh,+918607992111,neha.singh75@gmail.com,21-01-1971,Lucknow,full,2024-11-25,neha2111@icici
C03582,NISHA MEHTA,8169461502,nisha.mehta95@gmail.com,01/08/84,,minimum,21-03-2020,nisha1502@icici
C00923,Farhan  Patel ,07431057610,NULL,20/02/97,bangalore,full,06-06-2024,farhan7610@ybl
C01882,SWATI SHARMA,6482967228,unknown,1976-12-01,Pune,full_kyc,13 Mar 2021,swati7228@hdfcbank
C01922,R. Patel,8154452743,rahul.patel40@gmail.com,19/02/98,Chennai,full_kyc,2024-07-19,rahul2743@ybl
C04857,K. Iyer,9331964712,,02-05-1967,lucknow,,2021-01-24,kavita4712@okbank
C01692,Fatima  Bose ,7808376107,fatima.bose36@gmail.com,1963-08-09,Kolkata,min,21-02-2021,fatima6107@paytm
C01687,Divya Gupta,7159516263,N/A,"Nov 06, 1964",HYD,min,02 Feb 2026,divya6263@sbi
C04144,SANJAY GUPTA,8171292664,sanjay.gupta45@gmail.com,03-07-1980,Bombay,min kyc,16 Apr 2022,sanjay2664@axl
C00312,RITU YADAV,6105105024,ritu.yadav19@gmail.com,1990-03-31,Calcutta,full_kyc,2022-10-06,ritu5024@ybl
C01263,Sanjay Gupta,84969 62576,N/A,25-09-1969,Poona,min,06 Jun 2021,sanjay2576@paytm
C02794,Neha Singh,8244499406,neha.singh48@gmail.com,17-03-1964,Bombay,min,15-09-2019,neha9406@okbank
C03377,Ritu Das,+917450470654,ritu.das30@gmail.com,2000-08-08,Madras,MIN,2025-07-30,ritu0654@hdfcbank
C04817,MEERA DAS,+917790662007,meera.das2@gmail.com,NULL,Bangalore,FULL,07-11-2019,meera2007@axl
C01536,POOJA CHOPRA,8698962249,pooja.chopra88@gmail.com,1983-09-01,HYD,full,06 Dec 2025,pooja2249@sbi
C03619,Amit  Nair ,91-9670043443,amit.nair67@gmail.com,"Nov 01, 2001",Chennai,full,06-02-2024,amit3443@paytm
C00125,Rahul Kulkarni,8838448653,N/A,08/01/79,,full,13 Dec 2021,rahul8653@paytm
C90032,Priya Singh,82410 88261,N/A,11/02/00,Poona,,14-12-2021,priya8261@axl
C03983,Manish Sharma,91-9255289624,N/A,14/03/74,MUMBAI,full,2025-09-16,manish9624@hdfcbank
C02618,"Joshi, Imran",8879742624,unknown,"Jan 27, 1992",DELHI,full_kyc,30-04-2025,imran2624@sbi
C02584,Farhan Gupta,9060282964,farhan.gupta74@gmail.com,1986-12-05,New Delhi,MIN,2024-01-18,farhan2964@sbi
C04132,Isha Nair,68726 99775,,"Jan 08, 1980",Hyderabad,min kyc,21 Nov 2020,isha9775@sbi
C02152,Kavita Nair,07593454474,kavita.nair66@gmail.com,16-10-2004,BLR,MIN,2024-08-18,kavita4474@hdfcbank
C02318,Farhan Sharma,7168700708,farhan.sharma69@gmail.com,NULL,bangalore,full_kyc,22-08-2024,farhan0708@icici
C02865,RAHUL SINGH,7807883286,rahul.singh80@gmail.com,"Jan 03, 1973",chennai,full_kyc,02-04-2025,rahul3286@icici
C04173,FARHAN PILLAI,+919096538240,,"May 25, 1997",Delhi,minimum,10-11-2019,farhan8240@ybl
C05033,Karan Yadav,9729489790,karan.yadav14@gmail.com,05-11-1975,Madras,MIN,2026-06-05,karan9790@ybl
C01041,Amit Pillai,7698093087,amit.pillai92@gmail.com,23-12-1975,DELHI,full,12 Dec 2019,amit3087@okbank
C02510,Amit Iyer,6457306649,amit.iyer53@gmail.com,28-03-1999,jaipur,,29-10-2025,amit6649@paytm
C03640,Harsh Sharma,08522521781,,1974-08-29,Lucknow,minimum,2021-08-27,harsh1781@sbi
C03797,VIJAY KULKARNI,6550923964,vijay.kulkarni97@gmail.com,07/02/05,Jaipur,Full KYC,2023-03-06,
C03168,Imran Kulkarni,63383 59442,imran.kulkarni82@gmail.com,"Sep 19, 1969",BLR,minimum,07-12-2022,imran9442@icici
C02933,Kavita Khan,82491 64410,,2000-10-25,chennai,minimum,07 Nov 2021,kavita4410@ybl
C03638,RITU GUPTA,7274626679,ritu.gupta91@gmail.com,,Lucknow,NA,26 Jan 2021,ritu6679@ybl
C00215,Neha Reddy,8398061962,N/A,N/A,,Full KYC,19-06-2024,neha1962@sbi
C00564,Arjun Mehta,08935617699,arjun.mehta27@gmail.com,1981-02-24,lucknow,full_kyc,23-12-2019,arjun7699@axl
C04389,"Patel, Arjun",91-8125916841,unknown,"Feb 02, 1994",New Delhi,NA,11-12-2019,arjun6841@axl
C02171,"Bose, Meera",6394587911,N/A,15-11-1964,Lucknow,Full KYC,15 May 2025,meera7911@icici
C02373,Ritu Khan,9606028318,,"May 24, 1962",Madras,full,09-01-2022,ritu8318@paytm
C02434,AMIT MEHTA,+919181729825,amit.mehta34@gmail.com,2005-06-07,pune,Full KYC,11-03-2026,amit9825@axl
C01945,Suresh Singh,79717 90799,NULL,"Dec 31, 1980",bangalore,full,29 May 2026,suresh0799@hdfcbank
C04467,Aarti Khan,74488 43970,aarti.khan36@gmail.com,1997-07-15,chennai,min,09-06-2022,aarti3970@axl
C02311,Karan Das,8797315637,karan.das15@gmail.com,"Sep 15, 2000",Ahmedabad,min kyc,05 Nov 2023,karan5637@icici
C02672,P. Pillai,91-6932488018,unknown,01/06/68,lucknow,MIN,26 Jan 2022,pooja8018@hdfcbank
C04208,RAHUL VERMA,7186341455,rahul.verma99@gmail.com,22-06-1963,lucknow,full,23-09-2024,rahul1455@axl
C02218,AARTI SHARMA,06240435038,,28/10/66,Madras,FULL,02-12-2023,aarti5038@icici
C01981,D. Gupta,+916334814834,,20-02-1975,MUMBAI,min kyc,12-07-2021,deepak4834@icici
C00248,Deepak  Bose ,+919786363098,,13/01/78,Ahmedabad,minimum,2020-03-26,deepak3098@ybl
C00634,Anjali Mehta,8833570904,unknown,22/07/73,Jaipur,minimum,2026-03-14,anjali0904@hdfcbank
C90259,RAHUL SINGH,8269549658,,06/04/72,Jaipur,full_kyc,26 Apr 2025,rahul9658@axl
C03664,DEEPAK PATEL,7074469168,NULL,16/11/99,Bangalore,min kyc,2019-10-19,NULL
C04815,V. Das,+919257774994,vikram.das45@gmail.com,29-02-1996,New Delhi,min,2021-04-05,
C01992,Harsh Sharma,08957683973,harsh.sharma53@gmail.com,08/10/99,Lucknow,full,2024-05-07,harsh3973@okbank
C02607,Anjali Chopra,8272815581,,19-05-1988,Chennai,MIN,2021-04-12,anjali5581@icici
C90084,PRIYA DESAI,9351112076,,1984-03-16,Hyderabad,MIN,11-04-2021,unknown
C03663,Sanjay  Yadav ,+918486776164,sanjay.yadav57@gmail.com,16/11/63,Jaipur,FULL,2021-02-27,sanjay6164@axl
C02042,D. Chopra,07426377937,NULL,29/01/65,,minimum,2021-05-22,deepak7937@ybl
C02362,NISHA SHAIKH,8492673952,,30-06-1998,DELHI,FULL,2025-05-26,nisha3952@axl
C00784,Rohan Kulkarni,91-7289934740,rohan.kulkarni42@gmail.com,01-08-1986,Madras,FULL,16-05-2025,unknown
C02029,Harsh Kulkarni,8339284742,harsh.kulkarni82@gmail.com,NULL,lucknow,min kyc,2024-10-04,harsh4742@ybl
C01512,Meera Bose,+917365442817,meera.bose74@gmail.com,NULL,lucknow,min kyc,2024-05-27,N/A
C03376,rohan desai,91-6409471980,rohan.desai89@gmail.com,23/06/93,Bombay,Full KYC,12 Sep 2019,rohan1980@okbank
C03383,Suresh Reddy,09241232810,suresh.reddy79@gmail.com,,Delhi,Full KYC,20-03-2025,suresh2810@ybl
C04499,Nisha Patel,7231650121,nisha.patel58@gmail.com,NULL,pune,min,27 Apr 2026,nisha0121@paytm
C02972,Sunita  Yadav ,6654920393,sunita.yadav29@gmail.com,03/01/78,delhi,FULL,2023-12-04,sunita0393@okbank
C00258,meera shaikh,83350 39694,meera.shaikh34@gmail.com,31-01-1974,jaipur,FULL,19 Oct 2023,meera9694@ybl
C02538,Sunita Pillai,9980363193,unknown,"Feb 18, 2006",jaipur,Full KYC,23-07-2024,sunita3193@sbi
C02328,Deepak Yadav,+916040346298,unknown,18/01/70,Hyderabad,full_kyc,12-10-2023,deepak6298@paytm
C01943,deepak khan,09158212681,deepak.khan36@gmail.com,15/12/68,kolkata,full_kyc,11-07-2020,deepak2681@axl
C03247,Anjali Singh,91-8281139457,anjali.singh27@gmail.com,14-01-1978,Delhi,min kyc,2023-04-16,anjali9457@icici
C01827,Tarun Mehta,+917032655559,tarun.mehta8@gmail.com,28-12-2002,Chennai,full_kyc,29 Apr 2023,tarun5559@ybl
C05035,Neha Verma,8133450747,neha.verma42@gmail.com,1963-06-18,Madras,minimum,22 Jun 2026,neha0747@icici
C04221,Nisha Chopra,+918115270595,,1998-08-15,lucknow,Full KYC,01-01-2026,nisha0595@sbi
C02950,ANJALI SINGH,+919274365917,N/A,15/04/78,BLR,Full KYC,03 Jan 2022,anjali5917@okbank
C02904,Vijay Nair,06888559625,,25/04/85,Ahmedabad,,18-07-2024,vijay9625@axl
C90010,SANJAY IYER,91-7380983068,,05-05-1964,Lucknow,minimum,08-03-2024,
C02945,rahul sharma,+917890087384,NULL,1962-03-05,Ahmedabad,minimum,2021-11-11,rahul7384@hdfcbank
C00356,I. Mehta,9888653687,isha.mehta97@gmail.com,31/08/01,mumbai,MIN,10-05-2024,isha3687@axl
C04386,Amit  Patel ,90556 18467,amit.patel97@gmail.com,25-09-1962,bangalore,Full KYC,21 Jul 2020,amit8467@okbank
C00451,ANJALI IYER,6536973526,unknown,03-07-1978,ahmedabad,full_kyc,12-12-2024,anjali3526@paytm
C04119,S. Mehta,91-9873605613,suresh.mehta36@gmail.com,1985-11-17,Lucknow,minimum,02 Dec 2023,suresh5613@sbi
C04365,Vikram Pillai,7847636932,vikram.pillai23@gmail.com,22/03/72,,Full KYC,2025-03-09,vikram6932@icici
C01632,Nisha Yadav,+918264523505,,17/03/92,chennai,minimum,18 Mar 2023,nisha3505@sbi
C90049,rahul bose,8928509451,rahul.bose63@gmail.com,NULL,Poona,full_kyc,15 Jun 2024,rahul9451@hdfcbank
C02068,AARTI GUPTA,8040503465,unknown,"Aug 02, 1962",Calcutta,full_kyc,18 Jul 2020,aarti3465@okbank
C01693,Amit Menon,6952798514,amit.menon40@gmail.com,01/10/83,Madras,Full KYC,2019-10-27,amit8514@icici
C01202,Rohan Desai,6481254424,rohan.desai19@gmail.com,12-07-1993,lucknow,FULL,21 Feb 2025,rohan4424@axl
C00853,Vikram Patel,91-6713596556,unknown,"Oct 23, 1972",Jaipur,Full KYC,2022-05-15,vikram6556@ybl
C90109,"Yadav, Farhan",6343436074,N/A,1962-10-18,DELHI,full_kyc,19 Feb 2023,farhan6074@paytm
C00153,Divya Yadav,91-6556350612,NULL,06/04/89,Calcutta,min kyc,04 Oct 2022,divya0612@paytm
C03658,Rohan Joshi,91-6319286695,rohan.joshi40@gmail.com,1980-08-06,delhi,pending,06 Nov 2023,rohan6695@ybl
C03645,H. Desai,91-6190376626,harsh.desai8@gmail.com,"Aug 06, 1966",Poona,MIN,31-10-2025,harsh6626@hdfcbank
C02079,"Gupta, Meera",8507211607,,"Oct 07, 1994",Jaipur,PENDING,2025-10-22,meera1607@sbi
C01108,DIVYA DESAI,+918167241718,,N/A,Lucknow,FULL,26 Jan 2022,divya1718@ybl
C01119,Amit Bose,07727397579,,21-02-1988,ahmedabad,FULL,14 Dec 2025,amit7579@sbi
C03214,I. Das,7640459812,imran.das51@gmail.com,"Dec 10, 1982",Kolkata,pending,01-05-2023,imran9812@okbank
C03016,Vijay Reddy,88844 67838,vijay.reddy33@gmail.com,04-02-1979,bangalore,Full KYC,03 Jan 2022,vijay7838@hdfcbank
C04653,DIVYA NAIR,6213649719,divya.nair8@gmail.com,17-06-1988,New Delhi,Full KYC,09-07-2024,divya9719@okbank
C00253,Kavita Reddy,9792943795,kavita.reddy26@gmail.com,13/02/73,,full_kyc,2023-12-06,kavita3795@ybl
C01599,"Menon, Tarun",+917662378418,,1990-02-28,,min kyc,30-10-2024,tarun8418@axl
C00358,A. Reddy,6418982996,,N/A,DELHI,pending,11-03-2024,anjali2996@paytm
C03894,Rahul Verma,71430 74121,rahul.verma30@gmail.com,11-01-1963,chennai,full_kyc,2022-09-15,rahul4121@axl
C03294,swati iyer,8155727812,,NULL,,full,2023-02-04,swati7812@hdfcbank
C02790,ISHA REDDY,6429068339,,"Nov 16, 1978",Bengaluru,min kyc,25-09-2025,isha8339@axl
C01946,"Pillai, Pooja",8805230515,pooja.pillai91@gmail.com,1982-06-12,Delhi,Full KYC,18 May 2026,pooja0515@okbank
C02954,Anjali  Shaikh ,91-9630855316,anjali.shaikh42@gmail.com,1990-09-17,Calcutta,pending,13 Aug 2020,anjali5316@sbi
C04873,ISHA NAIR,+916491298250,isha.nair18@gmail.com,"Nov 12, 2004",Bombay,MIN,18 May 2022,isha8250@axl
C03710,SUNITA KULKARNI,6227343299,NULL,01/10/69,Delhi,full,18-01-2021,sunita3299@icici
C04440,Divya Shaikh,7882488197,divya.shaikh42@gmail.com,"Feb 08, 1989",Delhi,Full KYC,07-03-2021,divya8197@sbi
C90140,"Menon, Sunita",7308381977,NULL,"Jul 11, 1986",Hyderabad,Full KYC,2024-06-23,sunita1977@icici
C02612,AMIT MEHTA,9535844036,amit.mehta55@gmail.com,1980-05-10,Chennai,min kyc,2020-08-28,amit4036@axl
C01519,Sneha Das,08712753909,sneha.das20@gmail.com,"Feb 11, 1974",lucknow,NA,2023-08-01,sneha3909@axl
C02409,Fatima  Shaikh ,9306601461,fatima.shaikh43@gmail.com,10/06/70,Madras,min kyc,2022-06-11,fatima1461@axl
C00149,Vikram Singh,6250824319,vikram.singh77@gmail.com,"Mar 04, 1964",Ahmedabad,min,18-09-2021,vikram4319@ybl
C02414,"Yadav, Tarun",7402680708,,"Feb 13, 1988",Calcutta,full_kyc,14 Sep 2022,tarun0708@icici
C00484,"Chopra, Karan",7252500518,karan.chopra63@gmail.com,05-04-1998,bangalore,Full KYC,26 Nov 2023,karan0518@okbank
C00094,V. Reddy,9501344653,vijay.reddy38@gmail.com,1989-07-30,bangalore,FULL,23-01-2023,vijay4653@icici
C04143,Meera Reddy,+916153633350,meera.reddy65@gmail.com,N/A,Ahmedabad,full_kyc,15-04-2020,meera3350@icici
C01321,Anjali Menon,7696968829,NULL,22-11-1987,Ahmedabad,Full KYC,2024-09-08,anjali8829@okbank
C03414,M. Mehta,8274214429,manish.mehta7@gmail.com,"Aug 13, 1976",Ahmedabad,Full KYC,23 Oct 2020,manish4429@okbank
C02693,RAHUL MEHTA,6261827687,rahul.mehta85@gmail.com,"Dec 16, 1999",Madras,FULL,11 Nov 2025,rahul7687@axl
C05023,Nisha  Desai ,62215 45385,nisha.desai95@gmail.com,1987-08-05,mumbai,min,28 Jun 2026,nisha5385@paytm
C04693,PRIYA KULKARNI,82566 26668,,1969-06-29,Jaipur,MIN,2025-06-06,priya6668@icici
C04127,Swati  Khan ,9072707756,swati.khan21@gmail.com,26/10/74,Jaipur,full_kyc,21-10-2021,swati7756@icici
C03555,swati gupta,+916582542028,swati.gupta47@gmail.com,27-11-1995,,full_kyc,08-03-2022,swati2028@paytm
C03304,Kavita  Reddy ,7717165243,,1972-04-30,mumbai,minimum,18 Nov 2022,kavita5243@sbi
C03458,RITU VERMA,7746841933,ritu.verma50@gmail.com,,,min kyc,29-06-2023,ritu1933@axl
C03005,SUNITA REDDY,9070446884,sunita.reddy22@gmail.com,02-09-1989,Amdavad,Full KYC,03-03-2025,sunita6884@axl
C04953,Priya Khan,09800354996,priya.khan9@gmail.com,10/04/98,bangalore,full_kyc,29 Feb 2020,priya4996@ybl
C01259,VIJAY MENON,07152548536,vijay.menon36@gmail.com,"Aug 30, 1987",MUMBAI,full_kyc,20-05-2025,vijay8536@okbank
C02507,Sanjay  Menon ,7569276153,sanjay.menon14@gmail.com,07-05-2002,Delhi,MIN,2021-09-25,sanjay6153@icici
C02564,Pooja  Desai ,9929195916,pooja.desai50@gmail.com,"Oct 23, 1993",Chennai,min kyc,2020-04-17,pooja5916@hdfcbank
C04077,FARHAN KULKARNI,06940748372,farhan.kulkarni93@gmail.com,1995-02-28,,full_kyc,2024-11-15,farhan8372@axl
C03923,Vikram Iyer,91-9061178345,vikram.iyer6@gmail.com,"Feb 22, 2000",jaipur,Full KYC,02 Jun 2024,vikram8345@hdfcbank
C01350,ISHA KHAN,6415434506,isha.khan23@gmail.com,25/02/70,MUMBAI,Full KYC,22 Nov 2020,isha4506@ybl
C90171,Fatima Desai,07240517785,fatima.desai58@gmail.com,09/09/73,Pune,NA,2021-01-11,fatima7785@paytm
C02847,Manish Mehta,64264 52079,unknown,"Jan 31, 1963",mumbai,min,2020-01-23,manish2079@icici
C02887,manish pillai,7957865743,manish.pillai3@gmail.com,,delhi,Full KYC,07 Aug 2022,manish5743@hdfcbank
C00750,rohan gupta,8838965607,unknown,"Dec 18, 1962",kolkata,full,21 May 2022,rohan5607@sbi
C02472,S. Joshi,8759778484,sunita.joshi9@gmail.com,N/A,chennai,MIN,2020-08-05,sunita8484@axl
C90247,Isha  Verma ,8426042857,isha.verma3@gmail.com,1970-11-24,lucknow,,2024-12-19,isha2857@icici
C02187,Priya Verma,9056701429,priya.verma59@gmail.com,1961-01-31,Bengaluru,full_kyc,2026-03-02,priya1429@sbi
C04242,Vijay Reddy,91-8771296915,NULL,"Oct 21, 1998",Amdavad,,22 Sep 2021,vijay6915@ybl
C01065,swati pillai,7030575889,swati.pillai29@gmail.com,,lucknow,pending,25-12-2024,swati5889@hdfcbank
C04927,Anjali Gupta,95604 91312,anjali.gupta28@gmail.com,15/11/82,bangalore,MIN,10 Apr 2023,anjali1312@okbank
C04635,Swati Singh,09703879809,NULL,19/05/95,Hyderabad,full,04 Oct 2024,swati9809@sbi
C01275,Nisha Desai,6969444014,nisha.desai77@gmail.com,1998-07-05,delhi,full,2019-12-18,nisha4014@ybl
C02333,Deepak Bose,72282 24095,deepak.bose10@gmail.com,26/09/00,Lucknow,minimum,2023-08-17,deepak4095@paytm
C03958,Divya Yadav,+918652121305,divya.yadav50@gmail.com,N/A,Delhi,FULL,05-01-2020,divya1305@paytm
C04680,"Singh, Sanjay",+919227210620,sanjay.singh57@gmail.com,04-02-1961,lucknow,FULL,06 Jan 2021,sanjay0620@okbank
C03703,rahul verma,8785994268,,28-04-2005,ahmedabad,full,07-09-2023,rahul4268@sbi
C02299,NISHA DESAI,+919364385472,nisha.desai48@gmail.com,23/08/87,hyderabad,PENDING,2023-08-19,nisha5472@hdfcbank
C02697,Sunita Bose,91-7836774556,,15-02-1999,Amdavad,pending,2020-02-12,sunita4556@axl
C90119,Sanjay Verma,7139557682,unknown,NULL,hyderabad,minimum,2023-08-05,sanjay7682@ybl
C04283,"Joshi, Vijay",91364 54710,NULL,"Dec 22, 1990",Bombay,FULL,2024-11-05,vijay4710@icici
C00351,Aarti Nair,7607708320,N/A,NULL,chennai,min kyc,2025-05-28,aarti8320@sbi
C03272,priya nair,7239894929,unknown,02/10/61,Madras,pending,2020-07-13,priya4929@hdfcbank
C02155,Kavita Reddy,+919005038004,,10/02/76,mumbai,minimum,2021-12-13,kavita8004@axl
C00991,Pooja Reddy,08414602455,pooja.reddy67@gmail.com,"Jul 20, 1996",ahmedabad,MIN,19 Jan 2026,pooja2455@icici
C03264,S. Singh,91-8365558983,sanjay.singh23@gmail.com,13/03/79,Kolkata,min,2024-06-07,sanjay8983@paytm
C02808,Sunita Joshi,9583658233,,"Oct 03, 2000",hyderabad,full,01-12-2025,sunita8233@axl
C02810,S. Kulkarni,96538 88798,unknown,29/05/63,Amdavad,min,28 Aug 2021,sanjay8798@axl
C03649,S. Bose,+916923833386,sanjay.bose88@gmail.com,1961-09-03,Madras,FULL,26 Dec 2025,sanjay3386@hdfcbank
C03199,arjun yadav,8974504421,arjun.yadav91@gmail.com,23/08/67,Hyderabad,Full KYC,23-05-2025,arjun4421@okbank
C03251,Nisha Pillai,8856690124,nisha.pillai65@gmail.com,"Jan 12, 2003",Calcutta,full,10-11-2021,nisha0124@sbi
C02454,Arjun Desai,+916104200974,arjun.desai76@gmail.com,"Jun 10, 1988",ahmedabad,full,2025-09-22,arjun0974@sbi
C03574,Manish Sharma,+918672699577,manish.sharma34@gmail.com,24/06/91,Amdavad,minimum,07-02-2021,manish9577@okbank
C03395,Amit Reddy,91-8568493021,N/A,11/03/05,Ahmedabad,Full KYC,08 May 2020,amit3021@sbi
C00432,VIJAY DAS,9212095973,vijay.das37@gmail.com,N/A,,min,21-12-2025,vijay5973@icici
C01961,Karan Sharma,8972686303,karan.sharma1@gmail.com,1972-03-28,Pune,full_kyc,04 Jul 2024,karan6303@okbank
C02372,Kavita Patel,7586727508,,"Apr 05, 1993",Jaipur,MIN,29-01-2024,kavita7508@hdfcbank
C01025,Neha Bose,9996518806,neha.bose54@gmail.com,1979-04-23,Kolkata,FULL,14-01-2025,neha8806@okbank
C03028,TARUN PILLAI,76522 69296,,,Bengaluru,MIN,13 Nov 2023,tarun9296@okbank
C01629,AARTI PILLAI,91-6249496860,aarti.pillai68@gmail.com,27/05/94,MUMBAI,Full KYC,10-05-2025,aarti6860@icici
C03459,Deepak Desai,6404250780,NULL,1998-04-29,Lucknow,Full KYC,31-08-2023,deepak0780@hdfcbank
C00323,ROHAN GUPTA,+919328129615,unknown,1977-05-09,Bengaluru,min kyc,2024-09-11,
C00128,Vikram Gupta,+918165669371,unknown,1969-11-06,Hyderabad,Full KYC,07 Aug 2020,vikram9371@icici
C00944,T. Mehta,9385753511,NULL,"Dec 30, 1998",Hyderabad,Full KYC,2025-11-23,tarun3511@ybl
C00033,H. Pillai,08329247563,harsh.pillai6@gmail.com,,Madras,full_kyc,15-01-2024,harsh7563@paytm
C04961,MEERA PATEL,7312575962,unknown,05-06-1968,Bengaluru,full_kyc,2020-02-10,meera5962@icici
C90044,Amit Pillai,+919305773093,amit.pillai53@gmail.com,N/A,hyderabad,min,2024-04-20,NULL
C04450,FATIMA NAIR,8889676186,fatima.nair29@gmail.com,14/02/81,New Delhi,full_kyc,05-09-2022,fatima6186@axl
C03066,S. Singh,8995651501,swati.singh65@gmail.com,1967-10-12,Poona,Full KYC,16-03-2021,swati1501@okbank
C00655,Ritu Shaikh,7299299841,,1987-12-01,mumbai,Full KYC,08-03-2020,ritu9841@axl
C04237,Priya Singh,9320925107,priya.singh27@gmail.com,28/09/94,ahmedabad,PENDING,2025-11-05,priya5107@sbi
C04175,Harsh Desai,6426659839,harsh.desai69@gmail.com,1988-11-02,lucknow,full,27 Nov 2022,harsh9839@hdfcbank
C02016,rohan chopra,7787471734,,"Dec 24, 1982",Mumbai,full,06-07-2022,rohan1734@hdfcbank
C03174,Nisha Menon,7223063132,nisha.menon44@gmail.com,"Sep 04, 1986",Chennai,Full KYC,27 Jan 2024,nisha3132@okbank
C00620,isha iyer,+919381993282,isha.iyer97@gmail.com,2002-05-17,Jaipur,FULL,27-08-2019,isha3282@sbi
C02778,Arjun Kulkarni,91-8021339405,,21-07-2001,jaipur,full,2025-07-20,arjun9405@icici
C00550,Suresh Desai,+918306149203,suresh.desai38@gmail.com,28/05/84,pune,Full KYC,01-10-2025,suresh9203@ybl
C90061,A. Shaikh,66086 29339,NULL,01-03-2005,Madras,min,11-03-2026,unknown
C03335,Suresh Iyer,9776412473,unknown,05-12-1981,DELHI,minimum,08 Nov 2025,suresh2473@sbi
C03487,NISHA KHAN,6050447695,nisha.khan53@gmail.com,"Mar 07, 1979",BLR,Full KYC,08 Apr 2022,nisha7695@hdfcbank
C03404,"Verma, Ritu",07647445555,ritu.verma62@gmail.com,1982-07-12,Jaipur,min,05-03-2026,ritu5555@sbi
C00403,Amit Pillai,91-6926991306,N/A,03/07/63,Jaipur,Full KYC,2026-02-23,amit1306@icici
C03386,farhan patel,91-8071873811,,16/11/01,Chennai,Full KYC,27-07-2020,farhan3811@ybl
C01620,Swati Nair,8344360511,swati.nair92@gmail.com,"May 09, 1985",Jaipur,full,29-06-2022,swati0511@okbank
C00416,Deepak Patel,8925502213,deepak.patel15@gmail.com,NULL,Chennai,full_kyc,22 Sep 2022,deepak2213@paytm
C00838,SNEHA PATEL,6868858115,N/A,"Sep 02, 1998",Bangalore,full,08 Aug 2022,sneha8115@axl
C01086,S. Singh,9819379972,sunita.singh83@gmail.com,24-07-1986,jaipur,MIN,2022-09-24,sunita9972@hdfcbank
C02261,Vikram Joshi,8928591357,vikram.joshi66@gmail.com,"Mar 29, 2003",Poona,full_kyc,2022-12-29,vikram1357@ybl
C01924,Amit  Gupta ,93379 97503,N/A,07/02/92,Kolkata,min,20-08-2020,amit7503@ybl
C02708,"Kulkarni, Ritu",86220 34696,ritu.kulkarni46@gmail.com,"Nov 29, 1973",Jaipur,full_kyc,08 Oct 2021,ritu4696@okbank
C03384,"Bose, Arjun",6901021768,arjun.bose8@gmail.com,01/06/92,BLR,,2025-05-08,arjun1768@okbank
C02641,S. Gupta,97228 10848,sneha.gupta97@gmail.com,"Apr 10, 2004",Calcutta,full_kyc,30 Jul 2025,sneha0848@hdfcbank
C01925,Farhan Das,91-7301706035,farhan.das4@gmail.com,,Poona,full,17 Jun 2020,farhan6035@sbi
C04313,F. Verma,6598072388,fatima.verma56@gmail.com,1984-01-01,chennai,min,22 Oct 2024,fatima2388@sbi
C04958,P. Mehta,9954501503,pooja.mehta78@gmail.com,24-12-1995,HYD,Full KYC,2020-03-25,pooja1503@sbi
C90297,Meera Khan,96922 78913,meera.khan74@gmail.com,1984-03-31,pune,PENDING,20-08-2020,meera8913@ybl
C04384,FATIMA CHOPRA,6604601961,fatima.chopra91@gmail.com,"Jan 09, 1971",Lucknow,FULL,07 Nov 2024,fatima1961@sbi
C00596,HARSH BOSE,7704215178,harsh.bose68@gmail.com,16/04/61,HYD,FULL,2022-06-26,harsh5178@okbank
C01568,HARSH SHAIKH,+919554423242,harsh.shaikh33@gmail.com,"Mar 20, 1967",Pune,full_kyc,13-02-2025,harsh3242@icici
C01170,vikram patel,+918306322843,NULL,1997-08-15,BLR,min kyc,26 May 2024,vikram2843@ybl
C00724,Tarun Nair,08722691689,NULL,1964-12-16,lucknow,min,2021-07-14,tarun1689@icici
C04508,Suresh Sharma,+918775327622,suresh.sharma13@gmail.com,03-10-1990,pune,Full KYC,2024-08-26,suresh7622@hdfcbank
C01197,Tarun Nair,8275421825,tarun.nair52@gmail.com,"Mar 15, 1999",Mumbai,Full KYC,20-10-2023,tarun1825@hdfcbank
C00378,Meera Chopra,+918259326185,meera.chopra46@gmail.com,18-09-1966,Chennai,full_kyc,16-11-2023,meera6185@okbank
C90030,A. Patel,8147630927,amit.patel91@gmail.com,"Apr 25, 1963",Madras,full_kyc,19 Nov 2021,amit0927@icici
C01417,Divya Pillai,91-9496196487,,"Jul 31, 1984",,min,2023-06-23,NULL
C02025,FATIMA SHARMA,+919171177622,fatima.sharma5@gmail.com,23-11-1973,ahmedabad,minimum,2020-07-03,fatima7622@icici
C90185,KAVITA KULKARNI,+918325088572,kavita.kulkarni41@gmail.com,NULL,Pune,minimum,2019-09-14,kavita8572@hdfcbank
C01932,Sanjay Chopra,6512029527,sanjay.chopra70@gmail.com,1976-09-18,Chennai,min,03-04-2025,sanjay9527@okbank
C01154,Imran Chopra,9637012158,imran.chopra77@gmail.com,25/07/83,lucknow,min,06 May 2025,imran2158@paytm
C04571,Priya Sharma,+918950350694,N/A,02/05/01,ahmedabad,full,2020-03-20,priya0694@hdfcbank
C02520,RAHUL KULKARNI,+918790801729,rahul.kulkarni88@gmail.com,1997-08-13,New Delhi,full,12 Dec 2025,rahul1729@paytm
C03209,RITU DAS,07906133830,ritu.das78@gmail.com,1968-09-27,Delhi,minimum,31-05-2026,ritu3830@ybl
C03593,Harsh Sharma,7438448114,unknown,16/11/98,delhi,NA,03-03-2021,harsh8114@okbank
C03579,"Yadav, Deepak",91-8946118084,deepak.yadav64@gmail.com,1989-10-07,Madras,full_kyc,07 Sep 2023,deepak8084@okbank
C02063,FATIMA DAS,91878 42890,N/A,21-08-1990,Pune,full,2021-09-04,fatima2890@sbi
C90287,"Iyer, Sunita",6600533123,N/A,08-09-1993,HYD,full_kyc,21 Jan 2020,
C04057,SWATI YADAV,06326874045,swati.yadav96@gmail.com,1978-11-13,Bombay,Full KYC,14 Nov 2020,swati4045@sbi
C02658,Pooja Das,9148537865,,"Feb 06, 1964",mumbai,Full KYC,20 Mar 2020,pooja7865@axl
C01837,Vijay  Joshi ,8190209672,vijay.joshi95@gmail.com,08/07/77,ahmedabad,FULL,2019-11-12,vijay9672@axl
C02894,Aarti Bose,85383 91535,aarti.bose81@gmail.com,1989-03-20,kolkata,min kyc,11 May 2023,aarti1535@axl
C00412,A. Desai,+919801971335,aarti.desai60@gmail.com,"Dec 10, 1982",Bombay,MIN,31-10-2019,aarti1335@ybl
C04281,Harsh Das,+916560704340,harsh.das94@gmail.com,"May 08, 1983",Ahmedabad,FULL,15-11-2025,harsh4340@sbi
C03749,"Yadav, Sunita",9185292400,sunita.yadav99@gmail.com,22/02/99,pune,FULL,2022-08-31,sunita2400@sbi
C00161,Fatima Verma,60604 36831,unknown,1990-01-12,MUMBAI,full_kyc,03-11-2019,fatima6831@axl
C01893,Vikram Yadav,80489 97384,unknown,11-08-1983,ahmedabad,MIN,18 Jun 2022,vikram7384@axl
C00733,Manish Kulkarni,+916215148064,manish.kulkarni45@gmail.com,"Nov 21, 1974",DELHI,FULL,18 Dec 2020,manish8064@ybl
C03549,Deepak Desai,+918964053436,N/A,11/10/81,Calcutta,Full KYC,06 Aug 2025,deepak3436@paytm
C03877,"Khan, Isha",07475734832,isha.khan65@gmail.com,29-01-1998,Chennai,FULL,01-12-2019,isha4832@axl
C00031,Manish  Sharma ,8593915826,unknown,"Jan 22, 1988",lucknow,min kyc,2020-01-26,manish5826@hdfcbank
C01972,Vijay Pillai,6145653629,vijay.pillai94@gmail.com,1966-09-28,lucknow,min,16 Feb 2026,vijay3629@axl
C03533,Meera Sharma,91-7106027503,,"Oct 01, 1985",Mumbai,Full KYC,25 Jan 2021,unknown
C03146,NEHA NAIR,07647432323,neha.nair62@gmail.com,28/07/84,kolkata,min kyc,01 Jan 2025,neha2323@ybl
C01815,karan yadav,8690384692,karan.yadav81@gmail.com,23/03/69,ahmedabad,full,08 Oct 2023,karan4692@axl
C03144,swati chopra,7290720681,,"Jul 09, 1986",Bengaluru,full,2025-11-22,swati0681@okbank
C03865,Sunita  Mehta ,06377827619,unknown,08/10/05,DELHI,min kyc,2024-06-10,sunita7619@sbi
C00725,SWATI VERMA,8354416351,swati.verma34@gmail.com,"Feb 11, 1992",kolkata,FULL,29-11-2021,swati6351@paytm
C90235,"Nair, Amit",82983 54226,amit.nair44@gmail.com,1988-03-09,Lucknow,MIN,30 Jul 2022,amit4226@paytm
C03681,Kavita  Mehta ,+916806066176,NULL,1962-03-05,lucknow,pending,19 Aug 2025,kavita6176@ybl
C90280,Deepak Yadav,6219569940,deepak.yadav1@gmail.com,1978-09-30,Kolkata,,2021-08-01,
C03319,Anjali Joshi,7495331595,anjali.joshi31@gmail.com,N/A,,FULL,03 Mar 2023,anjali1595@okbank
C01896,Rohan Patel,91-8501153826,rohan.patel45@gmail.com,,Delhi,min kyc,26 Feb 2024,rohan3826@axl
C90003,harsh shaikh,7781627345,harsh.shaikh80@gmail.com,NULL,Kolkata,Full KYC,2025-03-14,harsh7345@okbank
C00058,Sneha Singh,6137502141,,1966-09-14,jaipur,FULL,2022-05-11,sneha2141@icici
C00490,"Verma, Pooja",+917161764015,,12-10-2003,Lucknow,min,29 Jan 2026,pooja4015@ybl
C00663,Aarti Iyer,7586777140,aarti.iyer68@gmail.com,1992-07-24,lucknow,full_kyc,2023-11-12,aarti7140@paytm
C02200,aarti khan,+916183373428,aarti.khan49@gmail.com,01/05/05,delhi,full_kyc,13 Sep 2022,aarti3428@axl
C02491,tarun desai,79225 38934,NULL,NULL,,FULL,2023-07-09,tarun8934@hdfcbank
C00169,Imran Verma,91-8428516068,imran.verma56@gmail.com,1998-02-21,Lucknow,Full KYC,2025-09-25,imran6068@hdfcbank
C03587,Deepak  Yadav ,9752024020,deepak.yadav4@gmail.com,2001-09-14,Kolkata,min kyc,21-05-2023,deepak4020@icici
C01393,anjali singh,7504692146,N/A,29/03/70,MUMBAI,full,2025-03-30,anjali2146@axl
C04839,Suresh Yadav,8607890848,,31-12-1963,HYD,full_kyc,09-09-2025,suresh0848@axl
C00353,Sneha  Reddy ,8425439346,sneha.reddy80@gmail.com,"Dec 01, 1985",bangalore,full,17-04-2022,sneha9346@hdfcbank
C02208,N. Kulkarni,6970220093,nisha.kulkarni39@gmail.com,18/05/94,chennai,full_kyc,03 Jan 2023,nisha0093@sbi
C00211,Arjun Mehta,94635 53340,,"Feb 01, 1983",Poona,minimum,11-07-2021,arjun3340@paytm
C00825,aarti iyer,09776675372,,"Dec 05, 2001",DELHI,min,07-02-2023,aarti5372@ybl
C01368,NEHA PILLAI,8259222766,neha.pillai25@gmail.com,27/11/99,,Full KYC,2020-05-16,neha2766@icici
C03559,Divya  Desai ,+917699688168,divya.desai52@gmail.com,"Dec 06, 1974",kolkata,Full KYC,24 May 2026,divya8168@ybl
C04002,POOJA DESAI,91-8208980174,pooja.desai62@gmail.com,"Nov 23, 2001",ahmedabad,NA,21-09-2021,pooja0174@icici
C02530,Arjun Bose,+917493275012,arjun.bose59@gmail.com,N/A,kolkata,full,2019-12-21,arjun5012@axl
C02270,Sunita Reddy,06302767256,sunita.reddy17@gmail.com,19/01/97,Hyderabad,full,23-07-2023,sunita7256@icici
C00791,NISHA REDDY,91-7238864942,,N/A,jaipur,FULL,30 Sep 2025,nisha4942@axl
C01318,Sneha Gupta,+917421538096,N/A,1962-10-12,BLR,min,2024-06-24,sneha8096@sbi
C04158,RITU PILLAI,6617229722,ritu.pillai20@gmail.com,N/A,MUMBAI,min kyc,08-06-2023,ritu9722@okbank
C01363,Karan Desai,91-8159092335,karan.desai10@gmail.com,27-12-1998,lucknow,full_kyc,14-07-2024,karan2335@icici
C00566,Meera Das,06359664458,meera.das26@gmail.com,1972-03-29,Amdavad,Full KYC,2021-11-05,meera4458@axl
C02674,Fatima Yadav,07991282692,unknown,"Aug 11, 1984",Madras,PENDING,2023-08-13,fatima2692@sbi
C00160,Pooja Pillai,9388158690,pooja.pillai1@gmail.com,"Jul 20, 1992",Lucknow,Full KYC,2020-02-07,pooja8690@ybl
C90214,Tarun Desai,6394781862,tarun.desai34@gmail.com,1981-11-12,Mumbai,PENDING,16 Sep 2019,tarun1862@icici
C00482,Sneha Iyer,96114 46471,sneha.iyer99@gmail.com,1962-01-22,Lucknow,full,10-02-2022,sneha6471@okbank
C02902,Kavita Khan,7619061406,kavita.khan96@gmail.com,19-06-1973,HYD,Full KYC,25 Nov 2022,kavita1406@ybl
C03793,Anjali Bose,6316714287,anjali.bose1@gmail.com,"Jan 15, 1966",New Delhi,full_kyc,13 Nov 2023,anjali4287@okbank
C00148,V. Nair,06708207504,,"Apr 23, 1993",Mumbai,full,2020-01-23,vikram7504@ybl
C02424,SUNITA MEHTA,9786876342,sunita.mehta98@gmail.com,1995-11-27,delhi,Full KYC,2023-07-30,sunita6342@sbi
C02997,PRIYA NAIR,9522858371,priya.nair78@gmail.com,04/12/98,Amdavad,full_kyc,11-10-2021,priya8371@sbi
C02369,priya das,6267980113,priya.das82@gmail.com,28/10/93,Bombay,Full KYC,02-12-2022,priya0113@icici
C04949,Neha Shaikh,8570172273,neha.shaikh12@gmail.com,1985-06-26,New Delhi,full_kyc,2021-01-28,neha2273@axl
C00669,Rohan Pillai,64450 90468,rohan.pillai13@gmail.com,06-10-2003,Bangalore,Full KYC,11 Jun 2022,rohan0468@okbank
C01163,NEHA DESAI,6530377838,neha.desai73@gmail.com,18-05-1984,Hyderabad,minimum,06 Jan 2022,neha7838@axl
C04985,"Yadav, Rohan",9030117023,,"Jul 21, 1976",HYD,Full KYC,2020-03-20,rohan7023@icici
C04830,sneha nair,09497605475,sneha.nair25@gmail.com,1983-05-26,Delhi,MIN,2021-06-28,sneha5475@hdfcbank
C90210,Anjali Iyer,75232 15459,anjali.iyer62@gmail.com,25-02-2003,Bombay,PENDING,25-05-2024,anjali5459@paytm
C01020,Nisha Chopra,8568229165,,13-02-1988,Delhi,FULL,2023-09-12,nisha9165@paytm
C01218,Suresh Kulkarni,7718337318,suresh.kulkarni65@gmail.com,"May 02, 1981",bangalore,full,15-03-2022,suresh7318@hdfcbank
C04190,"Iyer, Aarti",+916698737515,N/A,"Jul 06, 1980",lucknow,Full KYC,21-02-2023,aarti7515@ybl
C02321,Sneha Desai,6526950100,sneha.desai37@gmail.com,"Dec 09, 1991",Calcutta,full_kyc,11-08-2021,sneha0100@axl
C02435,farhan singh,9487436375,N/A,1999-09-21,jaipur,min,2022-01-03,farhan6375@ybl
C04205,S. Reddy,+918128070737,unknown,N/A,Bengaluru,Full KYC,2023-08-27,sneha0737@hdfcbank
C03498,Meera  Chopra ,+919785235961,NULL,31/07/97,DELHI,full,08-03-2022,meera5961@icici
C04732,Anjali Khan,6835034069,,N/A,Madras,Full KYC,2019-11-18,anjali4069@icici
C04912,D. Khan,8074136390,divya.khan19@gmail.com,03/10/73,BLR,full_kyc,01 Mar 2022,divya6390@paytm
C02389,MEERA NAIR,7883170387,,1973-08-01,,min,09 Feb 2023,meera0387@ybl
C04021,Fatima Mehta,6618116832,,"Nov 12, 1980",Delhi,Full KYC,2023-12-09,fatima6832@okbank
C01014,Kavita Reddy,9682847568,kavita.reddy44@gmail.com,09/02/97,Bengaluru,Full KYC,29 Mar 2025,kavita7568@ybl
C03718,"Singh, Manish",8109339030,manish.singh7@gmail.com,1987-09-03,MUMBAI,full_kyc,23-10-2019,manish9030@icici
C02222,Amit Das,6754456113,amit.das47@gmail.com,"Apr 02, 1988",Jaipur,full_kyc,16-04-2025,amit6113@icici
C01126,PRIYA SHAIKH,+916441277303,priya.shaikh50@gmail.com,,bangalore,Full KYC,2021-08-31,priya7303@okbank
C04014,H. Desai,8873753663,NULL,,Madras,minimum,2026-02-01,harsh3663@hdfcbank
C03820,"Gupta, Sneha",78419 55976,NULL,1966-11-16,jaipur,MIN,2022-12-19,sneha5976@icici
C01828,A. Menon,86465 57257,N/A,23-09-1985,mumbai,FULL,17 Jan 2021,amit7257@ybl
C02816,Amit Pillai,09380585317,amit.pillai68@gmail.com,"Mar 17, 1975",HYD,min kyc,14 Nov 2022,amit5317@hdfcbank
C01601,Tarun Pillai,7120222334,tarun.pillai9@gmail.com,15-07-1985,Ahmedabad,Full KYC,14 Jan 2021,tarun2334@axl
C04307,nisha reddy,+916647534649,,26-02-1995,Ahmedabad,full_kyc,2026-01-14,nisha4649@hdfcbank
C03779,Farhan Pillai,8220463462,N/A,"Aug 22, 1990",delhi,min,2019-09-20,farhan3462@okbank
C02935,rahul reddy,9067307596,rahul.reddy45@gmail.com,1995-04-21,chennai,full_kyc,10 Oct 2022,NULL
C03558,I. Khan,+918687527991,imran.khan18@gmail.com,"Oct 27, 2004",hyderabad,full_kyc,07 Oct 2024,imran7991@icici
C02886,PRIYA KULKARNI,88303 92335,priya.kulkarni32@gmail.com,1979-09-17,Kolkata,full,2024-08-19,priya2335@ybl
C03262,Divya Kulkarni,06627782370,divya.kulkarni2@gmail.com,29-10-2005,Calcutta,FULL,03-04-2023,divya2370@okbank
C01271,Arjun Chopra,63987 91210,,"Feb 22, 1993",Bombay,full_kyc,29-11-2025,arjun1210@sbi
C02052,Farhan Menon,9413363705,farhan.menon36@gmail.com,2001-03-06,Pune,full,2026-04-06,farhan3705@icici
C01860,Fatima Verma,7259401668,,21-12-1982,DELHI,min kyc,19-04-2021,fatima1668@sbi
C90076,KARAN BOSE,91-6984139489,karan.bose18@gmail.com,1966-12-13,kolkata,full_kyc,2025-11-05,karan9489@sbi
C02760,"Das, Manish",6007371430,,"Jan 09, 1964",Bengaluru,full_kyc,13-07-2022,manish1430@sbi
C00180,Farhan Pillai,73766 49331,farhan.pillai26@gmail.com,NULL,Hyderabad,Full KYC,24-12-2024,farhan9331@axl
C02035,Sunita Iyer,6600533123,NULL,"Sep 08, 1993",HYD,full,21-01-2020,sunita3123@okbank
C00736,Isha Khan,+916001165549,isha.khan21@gmail.com,23/08/77,lucknow,Full KYC,21 Feb 2020,isha5549@okbank
C90122,Manish Chopra,+918213128955,,1969-06-22,ahmedabad,NA,2025-01-26,
C01134,Tarun Kulkarni,07499732658,,05-01-1964,mumbai,full_kyc,31 Jan 2021,tarun2658@axl
C04161,"Shaikh, Harsh",6432475085,unknown,N/A,Bengaluru,PENDING,28 Oct 2020,harsh5085@paytm
C03712,Ritu Khan,9150130540,unknown,N/A,MUMBAI,minimum,16-01-2020,ritu0540@ybl
C03086,AMIT KULKARNI,06220743889,,01/12/61,Chennai,MIN,2023-12-22,amit3889@okbank
C04898,Sanjay Khan,+917516301346,sanjay.khan87@gmail.com,"Apr 28, 1995",kolkata,MIN,02 Feb 2023,sanjay1346@ybl
C01551,M. Pillai,91-6927351840,,29-05-1998,MUMBAI,minimum,2023-06-11,meera1840@sbi
C02583,Arjun Yadav,6001793633,,03/08/04,chennai,full,2022-04-23,arjun3633@ybl
C04301,Kavita Verma,8842862337,kavita.verma87@gmail.com,"May 10, 2004",hyderabad,full_kyc,07-02-2026,kavita2337@okbank
C02826,Ritu Menon,6510069826,ritu.menon99@gmail.com,02-08-1974,pune,minimum,2022-01-12,ritu9826@ybl
C04643,DIVYA KULKARNI,7492774555,divya.kulkarni89@gmail.com,26-10-1962,DELHI,FULL,2021-10-24,divya4555@ybl
C03528,A. Patel,81476 30927,amit.patel77@gmail.com,1963-04-25,chennai,full,19 Nov 2021,amit0927@icici
C02819,Karan Desai,7708985601,,"Sep 27, 1982",DELHI,,2019-11-19,karan5601@axl
C02707,Suresh Shaikh,8882039064,suresh.shaikh74@gmail.com,NULL,HYD,min kyc,31-07-2023,suresh9064@hdfcbank
C90072,Aarti Mehta,72555 35010,aarti.mehta86@gmail.com,NULL,kolkata,FULL,06-05-2022,aarti5010@ybl
C90041,NISHA VERMA,7883841536,nisha.verma82@gmail.com,06-08-1983,BLR,full_kyc,21 May 2023,N/A
C04114,"Reddy, Divya",+918239847885,NULL,11-04-2005,Bengaluru,FULL,2023-04-28,divya7885@hdfcbank
C03203,ISHA VERMA,92393 57653,isha.verma65@gmail.com,25/04/97,Jaipur,Full KYC,10 Apr 2023,isha7653@sbi
C00436,kavita khan,7244360141,kavita.khan53@gmail.com,1978-01-05,Bombay,full,20-10-2020,kavita0141@axl
C03164,Priya Chopra,7533336078,unknown,25-10-1994,DELHI,Full KYC,2022-02-01,priya6078@hdfcbank
C05022,Arjun Das,+919528151062,arjun.das12@gmail.com,1962-02-11,,min,2026-06-12,arjun1062@ybl
C03991,Nisha Iyer,8142064879,nisha.iyer90@gmail.com,"Dec 30, 1976",Jaipur,full,2021-04-11,nisha4879@axl
C04992,I. Reddy,+919543145308,imran.reddy23@gmail.com,1971-05-05,Ahmedabad,full_kyc,2021-06-16,imran5308@okbank
C04419,AMIT PILLAI,6267394443,unknown,11/08/89,Hyderabad,full_kyc,02-06-2020,amit4443@sbi
C01323,Sunita Joshi,91-8737554180,sunita.joshi99@gmail.com,"Sep 06, 1978",HYD,Full KYC,20-03-2024,sunita4180@icici
C03550,IMRAN JOSHI,+918551537055,imran.joshi80@gmail.com,1966-07-20,lucknow,min kyc,2024-07-21,imran7055@okbank
C01714,Meera Gupta,+919510625416,meera.gupta48@gmail.com,20/08/66,Amdavad,full_kyc,18-01-2024,meera5416@icici
C00430,Amit Reddy,+919359159819,unknown,1990-02-06,,MIN,2024-12-04,amit9819@paytm
C04598,KARAN SHAIKH,6321432959,karan.shaikh66@gmail.com,"Nov 12, 1965",DELHI,min kyc,16 Mar 2025,karan2959@sbi
C03175,Priya Verma,6968204000,priya.verma36@gmail.com,"Mar 12, 1977",pune,full,2021-07-03,priya4000@paytm
C04505,pooja kulkarni,+917044930534,pooja.kulkarni66@gmail.com,"Oct 02, 1985",delhi,MIN,2021-04-09,pooja0534@okbank
C03548,kavita verma,74875 52430,kavita.verma78@gmail.com,1977-09-18,pune,PENDING,2020-12-31,kavita2430@icici
C04735,S. Bose,+916124199471,NULL,08/07/99,MUMBAI,full_kyc,04 Jun 2020,sanjay9471@hdfcbank
C00551,Vikram Verma,7485688304,unknown,NULL,Amdavad,full,2024-12-18,vikram8304@paytm
C05005,Suresh Verma,91-9048991229,,"May 03, 1981",Lucknow,MIN,24 Jun 2026,suresh1229@ybl
C90257,V. Yadav,91-6142907840,vikram.yadav30@gmail.com,1977-01-25,Calcutta,min,01-10-2022,NULL
C01996,POOJA BOSE,9212038753,,"Sep 05, 1972",BLR,min kyc,2026-02-27,pooja8753@sbi
C01912,Divya Patel,+917360196458,divya.patel59@gmail.com,1988-12-25,Ahmedabad,min kyc,25 Jan 2022,divya6458@icici
C04542,"Bose, Arjun",+916662553502,arjun.bose59@gmail.com,20-06-2003,Lucknow,Full KYC,12-08-2024,arjun3502@sbi
C02476,A. Mehta,8683656047,arjun.mehta62@gmail.com,NULL,Jaipur,minimum,18 Oct 2025,arjun6047@hdfcbank
C90087,Vikram  Singh ,91-6966675046,N/A,"Mar 04, 2005",Lucknow,MIN,29 Nov 2020,vikram5046@ybl
C03130,Pooja Bose,6775314081,,15-08-1971,Kolkata,Full KYC,2020-08-01,pooja4081@icici
C00698,A. Nair,+916990635188,NULL,NULL,pune,Full KYC,25-03-2022,anjali5188@okbank
C03111,VIJAY GUPTA,+916265933607,,N/A,Kolkata,minimum,27-05-2022,vijay3607@icici
C04526,K. Das,6965208281,unknown,23/07/98,hyderabad,minimum,20-08-2024,karan8281@ybl
C03107,Farhan Yadav,91-6069265762,,N/A,Hyderabad,Full KYC,13-12-2020,farhan5762@axl
C01944,Isha Bose,95474 71824,isha.bose65@gmail.com,06-10-1979,ahmedabad,Full KYC,15 Apr 2023,isha1824@sbi
C03604,AARTI MENON,9252133721,N/A,N/A,,MIN,25-10-2024,aarti3721@axl
C00429,Karan Mehta,+917693421306,,28-01-1962,Calcutta,Full KYC,13-12-2023,karan1306@okbank
C02663,Vikram Verma,9300676035,vikram.verma43@gmail.com,"Jan 29, 1992",Lucknow,FULL,08-11-2019,vikram6035@axl
C02172,Imran Chopra,6640631568,imran.chopra49@gmail.com,1998-02-22,Poona,Full KYC,02-07-2020,imran1568@axl
C02443,Vikram Reddy,7637019268,NULL,1967-11-08,delhi,minimum,15 Jun 2024,vikram9268@paytm
C01811,Arjun Sharma,+916788203172,arjun.sharma45@gmail.com,30-10-1980,Bombay,full_kyc,2020-08-29,arjun3172@axl
C04791,Imran Pillai,98517 84393,NULL,10-08-1980,Bangalore,full,06 Mar 2020,imran4393@paytm
C00118,ANJALI SHARMA,9891011582,NULL,1996-08-10,DELHI,Full KYC,11 Nov 2021,anjali1582@sbi
C02587,Amit Verma,06969840540,unknown,29/04/80,Bengaluru,FULL,13-12-2021,amit0540@sbi
C03024,NISHA IYER,8986015478,nisha.iyer64@gmail.com,03-07-1968,ahmedabad,Full KYC,2025-12-27,nisha5478@axl
C00475,Priya Khan,06098814096,NULL,18/01/88,jaipur,PENDING,25 Feb 2024,priya4096@icici
C04378,Meera Sharma,07924462998,meera.sharma71@gmail.com,1992-09-14,BLR,min,2024-12-10,meera2998@paytm
C90217,P. Sharma,7001364119,priya.sharma63@gmail.com,"Feb 04, 1994",Ahmedabad,MIN,2025-10-29,priya4119@paytm
C01890,D. Pillai,7675378202,unknown,1999-11-27,Bombay,minimum,2020-06-19,divya8202@paytm
C03960,"Joshi, Farhan",6844864897,farhan.joshi17@gmail.com,18-08-1975,mumbai,Full KYC,29 Mar 2020,farhan4897@icici
C04529,"Joshi, Sneha",8091717395,sneha.joshi48@gmail.com,03/06/61,pune,min,2024-07-29,sneha7395@okbank
C03153,Rohan  Singh ,8292512052,NULL,1997-04-12,Mumbai,FULL,20 Jun 2023,rohan2052@axl
C00758,Pooja Khan,91-6992373219,NULL,"Jan 06, 1983",BLR,minimum,13 Apr 2025,pooja3219@paytm
C03580,aarti nair,7655168496,aarti.nair88@gmail.com,03/04/80,Pune,FULL,10-06-2024,aarti8496@paytm
C03093,K. Das,81808 08779,kavita.das77@gmail.com,23-10-1996,Kolkata,MIN,2026-04-11,kavita8779@paytm
C03620,ROHAN YADAV,+919831363649,rohan.yadav79@gmail.com,09-05-1999,DELHI,FULL,11 May 2026,rohan3649@hdfcbank
C02059,Karan Kulkarni,6519782216,karan.kulkarni40@gmail.com,04-12-1991,,min,2019-12-18,karan2216@axl
C02410,K. Verma,7839904248,,"Jun 30, 1996",jaipur,PENDING,19 Feb 2024,karan4248@hdfcbank
C02214,vikram reddy,09345369425,vikram.reddy8@gmail.com,1982-01-09,MUMBAI,min,2026-01-06,vikram9425@icici
C00395,KARAN YADAV,9006905517,karan.yadav32@gmail.com,"Apr 07, 1972",hyderabad,FULL,01-06-2021,karan5517@okbank
C03167,Arjun Chopra,7913500780,NULL,14-03-1963,bangalore,full_kyc,2026-03-03,arjun0780@hdfcbank
C00421,Arjun  Patel ,9226005184,arjun.patel98@gmail.com,1975-02-02,,Full KYC,22-09-2021,arjun5184@sbi
C05018,Farhan Joshi,+917348989866,farhan.joshi31@gmail.com,,BLR,min,24 Jun 2026,farhan9866@icici
C00744,Sanjay  Chopra ,08943201353,sanjay.chopra16@gmail.com,21-12-1966,Poona,min kyc,2023-07-24,sanjay1353@sbi
C04105,Farhan  Singh ,6555301332,farhan.singh6@gmail.com,1995-08-29,Bombay,minimum,2021-12-21,farhan1332@paytm
C03339,Isha Singh,6655218876,isha.singh23@gmail.com,2005-06-17,Amdavad,Full KYC,09-05-2021,isha8876@ybl
C03794,Karan Bose,69841 39489,karan.bose23@gmail.com,"Dec 13, 1966",kolkata,Full KYC,05 Nov 2025,karan9489@sbi
C03934,Pooja  Khan ,97822 43620,unknown,13-12-2003,Lucknow,min kyc,06-10-2024,pooja3620@axl
C01605,Tarun Nair,+918235670200,N/A,10-02-1998,bangalore,FULL,26-09-2024,tarun0200@ybl
C04451,Arjun Patel,+919047138403,unknown,26-06-1999,Amdavad,MIN,24-04-2021,arjun8403@icici
C01829,Arjun  Pillai ,6280215158,arjun.pillai70@gmail.com,1982-09-11,mumbai,min,14-03-2025,arjun5158@okbank
C00876,"Joshi, Farhan",6216944963,,1988-08-28,Lucknow,full,14-06-2021,farhan4963@icici
C02748,ISHA CHOPRA,91-6160355754,,1977-09-01,kolkata,full,2022-08-13,isha5754@ybl
C01765,Neha Das,6068589178,neha.das11@gmail.com,1973-05-05,,full_kyc,2021-07-27,neha9178@paytm
C02439,Deepak Shaikh,91-7810892214,unknown,"Jul 22, 1987",Bengaluru,full_kyc,29 Apr 2026,deepak2214@hdfcbank
C00836,VIKRAM SHAIKH,7893459314,unknown,"Aug 16, 1987",hyderabad,full_kyc,12-11-2025,vikram9314@axl
C03522,NISHA JOSHI,94887 02353,NULL,14-08-1961,lucknow,Full KYC,30-08-2019,nisha2353@axl
C02449,HARSH BOSE,6108827032,harsh.bose25@gmail.com,11/11/87,chennai,min,22-03-2024,harsh7032@axl
C01936,"Chopra, Rahul",+916330328185,rahul.chopra2@gmail.com,NULL,Chennai,full,19-05-2021,rahul8185@sbi
C03598,Anjali Mehta,91-6527858668,,"Dec 25, 1989",,full_kyc,12-01-2020,anjali8668@ybl
C04475,Harsh Iyer,09715490362,harsh.iyer14@gmail.com,"Feb 28, 2001",jaipur,full_kyc,2020-02-22,harsh0362@okbank
C04468,ANJALI PILLAI,8709297245,,23-07-2003,kolkata,FULL,2025-10-13,anjali7245@axl
C01874,Rahul Nair,89351 41870,rahul.nair26@gmail.com,12-09-1992,lucknow,min kyc,15 May 2024,rahul1870@icici
C90190,SURESH CHOPRA,9347334335,,13-03-1963,kolkata,minimum,02 Jun 2023,suresh4335@icici
C02605,ANJALI GUPTA,6742588401,,07-09-1977,Calcutta,minimum,22 Feb 2023,anjali8401@ybl
C00607,meera iyer,07351837648,N/A,1975-06-08,Chennai,Full KYC,24 Sep 2020,meera7648@sbi
C04891,Manish Menon,07396969103,manish.menon84@gmail.com,10-09-1964,Pune,minimum,02-11-2025,manish9103@ybl
C04775,divya desai,75136 71338,divya.desai5@gmail.com,25/07/82,Calcutta,minimum,2024-04-12,divya1338@okbank
C00917,Fatima Nair,97751 34936,,06/10/69,mumbai,full,2026-03-24,fatima4936@sbi
C04032,Imran Bose,6801463968,imran.bose9@gmail.com,1998-08-28,bangalore,minimum,02-01-2023,imran3968@paytm
C02223,S. Reddy,79050 18429,suresh.reddy79@gmail.com,1973-01-05,Bangalore,full_kyc,18-12-2020,suresh8429@axl
C02212,Sanjay Desai,62843 01486,sanjay.desai12@gmail.com,2003-02-07,jaipur,MIN,22 Feb 2024,sanjay1486@okbank
C90176,AARTI MEHTA,+919653527095,aarti.mehta30@gmail.com,05/09/78,chennai,full,2022-09-18,aarti7095@icici
C03697,Karan Bose,8794338684,karan.bose56@gmail.com,"Sep 06, 1965",New Delhi,PENDING,22-09-2024,karan8684@paytm
C01386,VIJAY SHARMA,+917321976925,vijay.sharma72@gmail.com,1981-03-31,Chennai,PENDING,2020-05-23,vijay6925@axl
C03110,Sneha Patel,9084547988,sneha.patel3@gmail.com,"Nov 05, 1971",Jaipur,MIN,2024-10-29,sneha7988@okbank
C03371,fatima singh,+919845432302,NULL,12-02-1989,hyderabad,full_kyc,04 Apr 2023,fatima2302@ybl
C02978,A. Nair,91-9135598679,arjun.nair42@gmail.com,19-11-1975,Bengaluru,min,09-12-2023,arjun8679@paytm
C00446,Anjali Menon,09141622760,,07/01/00,,FULL,03-10-2022,anjali2760@sbi
C04802,Nisha Verma,91-8808042508,nisha.verma87@gmail.com,1998-01-26,Chennai,minimum,2023-11-26,nisha2508@paytm
C02657,"Gupta, Pooja",7254135266,NULL,06-09-1997,Calcutta,Full KYC,31-10-2024,pooja5266@icici
C03109,VIKRAM KULKARNI,8764462105,vikram.kulkarni66@gmail.com,24/03/61,Poona,pending,20-10-2024,vikram2105@okbank
C00390,anjali pillai,+919974767544,anjali.pillai41@gmail.com,16-04-2001,Bangalore,MIN,08-10-2022,anjali7544@okbank
C04811,"Iyer, Isha",7486750209,N/A,N/A,Chennai,min kyc,04 Oct 2021,isha0209@icici
C01953,Nisha Verma,7882564635,nisha.verma24@gmail.com,"Jul 04, 1970",kolkata,min,29 Nov 2024,nisha4635@paytm
C00285,A. Yadav,+919228693667,anjali.yadav72@gmail.com,"Feb 19, 1990",,full,2025-09-07,anjali3667@sbi
C04447,KARAN DESAI,95465 41284,,"Dec 23, 1987",Bangalore,full,18 Apr 2021,karan1284@axl
C04407,Tarun Nair,+917977587872,NULL,1992-06-03,pune,full,2021-12-19,tarun7872@icici
C00194,Fatima Yadav,8146145006,fatima.yadav51@gmail.com,"Apr 30, 1988",ahmedabad,Full KYC,2021-04-20,fatima5006@paytm
C02932,Isha Iyer,91-8688681438,isha.iyer32@gmail.com,"Oct 24, 1993",chennai,minimum,24 Aug 2023,isha1438@axl
C03939,KARAN MEHTA,9040067782,N/A,14-03-1976,Chennai,MIN,2022-10-10,karan7782@hdfcbank
C04382,Imran Iyer,7344642777,imran.iyer26@gmail.com,,hyderabad,Full KYC,06-01-2022,imran2777@paytm
C03178,Nisha Khan,8395733780,,27/05/62,Chennai,FULL,20 Apr 2026,nisha3780@okbank
C03260,"Mehta, Ritu",+917445464267,unknown,30-07-2003,bangalore,min kyc,28 Aug 2025,ritu4267@hdfcbank
C03369,Vikram  Khan ,7621643784,vikram.khan54@gmail.com,01-06-1994,Madras,full_kyc,06 Apr 2023,vikram3784@okbank
C00930,HARSH PATEL,7923527703,harsh.patel7@gmail.com,1974-10-17,chennai,min kyc,2021-11-23,harsh7703@ybl
C04634,Sunita Joshi,+919006512767,unknown,"Apr 15, 2004",Pune,full_kyc,2024-01-16,sunita2767@hdfcbank
C03119,deepak iyer,+917184368357,deepak.iyer96@gmail.com,28/01/76,chennai,MIN,2022-08-19,deepak8357@axl
C01993,Meera  Shaikh ,08489098998,meera.shaikh76@gmail.com,04/03/84,,full,29 Sep 2024,meera8998@axl
C00028,S. Menon,7424367789,sunita.menon1@gmail.com,"Jun 03, 1963",kolkata,full,2026-02-10,sunita7789@okbank
C03184,N. Singh,+919521072796,nisha.singh85@gmail.com,14-08-1978,Lucknow,min,15-02-2022,nisha2796@icici
C01330,Ritu Verma,9508272630,ritu.verma28@gmail.com,2005-04-29,mumbai,FULL,19 Jan 2026,ritu2630@axl
C01338,"Reddy, Ritu",8466207175,,"Aug 21, 1969",mumbai,full_kyc,08-09-2023,ritu7175@hdfcbank
C04794,"Bose, Meera",+917089316848,,31/07/86,delhi,Full KYC,21-03-2023,meera6848@sbi
C04352,"Chopra, Deepak",08527675502,deepak.chopra79@gmail.com,18-02-1979,New Delhi,full_kyc,04 Sep 2025,deepak5502@hdfcbank
C04749,sunita chopra,7064188431,,02-06-1984,Lucknow,full_kyc,08-07-2023,sunita8431@hdfcbank
C03952,Vikram Joshi,07808028835,vikram.joshi34@gmail.com,30-11-1979,Hyderabad,FULL,2024-03-21,vikram8835@hdfcbank
C04776,Sanjay Mehta,91-7628410685,sanjay.mehta43@gmail.com,04/01/70,Poona,MIN,2024-11-27,sanjay0685@ybl
C03725,Sneha Kulkarni,6159079714,sneha.kulkarni79@gmail.com,01-08-1987,Amdavad,Full KYC,16 Oct 2024,sneha9714@hdfcbank
C03137,SWATI REDDY,8494769345,NULL,25/11/87,BLR,full_kyc,09 Aug 2024,swati9345@icici
C02479,"Khan, Sneha",6202501379,sneha.khan64@gmail.com,1970-08-03,hyderabad,full,18-09-2021,sneha1379@okbank
C04900,Neha Verma,9189160633,N/A,1985-11-09,jaipur,min,30-08-2025,neha0633@ybl
C00273,Sneha Khan,6608682904,sneha.khan66@gmail.com,28-12-1976,BLR,minimum,30-09-2019,sneha2904@icici
C01320,Sunita Kulkarni,91-9733923034,,30-07-1998,Chennai,NA,26-08-2020,sunita3034@ybl
C01478,S. Bose,6522931951,suresh.bose95@gmail.com,"Jun 13, 2003",Amdavad,minimum,2025-06-04,suresh1951@icici
C00709,vijay mehta,+917768258383,vijay.mehta62@gmail.com,1974-04-24,Lucknow,Full KYC,2020-06-25,vijay8383@sbi
C03068,VIJAY MENON,8336238615,vijay.menon29@gmail.com,09-08-1978,Hyderabad,Full KYC,21-06-2021,vijay8615@hdfcbank
C00052,Vikram Khan,6963457027,vikram.khan16@gmail.com,04/10/76,,full,2020-05-14,vikram7027@paytm
C04695,nisha desai,+916435701007,,16/07/80,Hyderabad,min kyc,15 Jan 2025,nisha1007@sbi
C03857,Neha  Joshi ,91-6729040642,neha.joshi50@gmail.com,09/11/05,jaipur,full,27 Dec 2023,neha0642@icici
C01234,VIJAY NAIR,91-6038511310,,28-02-1965,DELHI,full,2024-02-02,vijay1310@paytm
C01856,Harsh Menon,9776996196,harsh.menon10@gmail.com,,Mumbai,MIN,2022-05-18,harsh6196@okbank
C02002,Tarun  Joshi ,76029 71587,unknown,,lucknow,MIN,2021-08-28,tarun1587@sbi
C00311,Divya Menon,7462011894,NULL,03/05/75,MUMBAI,Full KYC,2022-05-02,divya1894@paytm
C04771,Anjali Reddy,6333806205,anjali.reddy85@gmail.com,24/03/79,Amdavad,minimum,13-12-2025,anjali6205@paytm
C02175,Kavita Sharma,8829950898,unknown,"Feb 18, 1983",pune,full_kyc,06-11-2022,kavita0898@icici
C00349,Deepak Menon,9970242778,deepak.menon37@gmail.com,"Oct 22, 1997",chennai,min,11 Sep 2025,deepak2778@axl
C01844,sneha yadav,+919721585845,sneha.yadav46@gmail.com,"Apr 12, 2004",Delhi,full,2023-12-20,sneha5845@ybl
C04010,Rohan Yadav,75802 56657,rohan.yadav35@gmail.com,1991-01-14,jaipur,full,2020-12-31,rohan6657@sbi
C02990,Rahul  Das ,8008757653,rahul.das19@gmail.com,"Nov 22, 1971",Delhi,,2023-03-07,rahul7653@ybl
C01052,FATIMA REDDY,9479224748,fatima.reddy82@gmail.com,"Jun 17, 1969",Pune,min kyc,11 Apr 2026,fatima4748@icici
C01316,MEERA VERMA,6830712719,meera.verma19@gmail.com,"Jan 28, 2005",Chennai,min,10 Nov 2025,meera2719@axl
C02718,Deepak Joshi,6233387404,deepak.joshi53@gmail.com,26/07/98,Pune,Full KYC,2023-01-14,deepak7404@paytm
C03953,rahul desai,7869539764,rahul.desai60@gmail.com,2003-04-28,Chennai,full_kyc,21 Jul 2023,unknown
C03985,R. Shaikh,94426 50325,unknown,03/06/77,mumbai,min kyc,03-01-2020,rahul0325@axl
C02828,pooja menon,6599621404,pooja.menon2@gmail.com,24/12/71,Lucknow,full_kyc,2020-11-27,pooja1404@icici
C00029,Imran Iyer,06234382948,N/A,13/03/03,Bombay,MIN,31-10-2025,imran2948@paytm
C04362,Suresh Nair,8466451543,,04/04/74,BLR,FULL,01 Nov 2021,suresh1543@hdfcbank
C01713,NISHA SHARMA,6037101811,,29/07/86,mumbai,Full KYC,2024-04-15,nisha1811@axl
C03276,Imran Pillai,+917614234509,,1993-03-29,,Full KYC,11 Jun 2025,imran4509@axl
C00592,PRIYA MENON,09618873468,priya.menon30@gmail.com,19-02-1978,Calcutta,FULL,19-04-2026,priya3468@ybl
C04284,Rahul Bose,7991209879,rahul.bose27@gmail.com,04/07/98,Bangalore,PENDING,2021-01-12,rahul9879@axl
C00908,vijay reddy,06191747679,vijay.reddy73@gmail.com,1968-08-12,jaipur,full,14 Dec 2021,vijay7679@hdfcbank
C01723,Pooja Mehta,6609390331,pooja.mehta34@gmail.com,,Chennai,minimum,12 Apr 2020,pooja0331@paytm
C90271,Tarun Mehta,9385753511,tarun.mehta47@gmail.com,30/12/98,hyderabad,Full KYC,23 Nov 2025,tarun3511@ybl
C03685,Rahul Yadav,9767466905,rahul.yadav29@gmail.com,1987-11-28,jaipur,min kyc,19 Aug 2021,rahul6905@sbi
C01661,Farhan Reddy,9847180194,farhan.reddy8@gmail.com,19-03-1974,Pune,full,24 Nov 2020,farhan0194@icici
C00806,Sunita Pillai,60190 75377,sunita.pillai20@gmail.com,27/04/63,Bengaluru,pending,28-11-2022,sunita5377@sbi
C01657,Priya Kulkarni,83878 21884,priya.kulkarni31@gmail.com,1972-11-08,pune,Full KYC,05 Oct 2024,priya1884@paytm
C04249,POOJA SINGH,8424446121,pooja.singh48@gmail.com,"Jan 10, 1995",mumbai,Full KYC,21-09-2023,pooja6121@ybl
C01274,Pooja  Patel ,91-9649503278,pooja.patel64@gmail.com,29-10-2000,Bombay,MIN,2025-02-02,pooja3278@icici
C03524,I. Verma,07281494646,imran.verma27@gmail.com,2000-12-28,mumbai,FULL,14 Feb 2023,imran4646@okbank
C00822,Imran Patel,8929723045,,20-02-2000,lucknow,FULL,22-12-2020,imran3045@sbi
C01577,Pooja Nair,9990158268,pooja.nair59@gmail.com,15-01-1994,jaipur,FULL,25-08-2021,pooja8268@ybl
C00595,"Menon, Priya",8916088379,priya.menon39@gmail.com,10/11/93,Amdavad,FULL,2021-11-23,priya8379@sbi
C02890,P. Das,+916781854201,NULL,"Jul 27, 1988",jaipur,NA,01 Jul 2023,priya4201@okbank
C00831,VIKRAM GUPTA,91-6084380087,vikram.gupta54@gmail.com,17-02-1979,Delhi,full,2024-04-01,vikram0087@hdfcbank
C90244,vijay nair,6964984826,vijay.nair12@gmail.com,19/06/03,jaipur,min,17-08-2024,vijay4826@icici
C01933,Divya Desai,8802628346,NULL,"Apr 06, 1964",Pune,min,07 Nov 2024,divya8346@ybl
C02100,Vijay Patel,7318060033,vijay.patel58@gmail.com,"Dec 24, 1964",Bengaluru,minimum,2021-11-16,vijay0033@icici
C02487,M. Gupta,7650186038,manish.gupta73@gmail.com,15-02-1964,Hyderabad,FULL,26-02-2022,manish6038@okbank
C90206,AMIT MENON,9512718555,,31/08/82,MUMBAI,NA,09-02-2023,
C00536,FARHAN NAIR,7915024386,farhan.nair25@gmail.com,,Kolkata,PENDING,26 Apr 2025,farhan4386@paytm
C04254,meera khan,91-8424446056,,,New Delhi,min,2022-04-22,meera6056@paytm
C00612,Suresh Patel,+918974092688,suresh.patel62@gmail.com,20/11/99,New Delhi,MIN,06-01-2020,suresh2688@paytm
C02366,Aarti Das,91-6913801316,aarti.das11@gmail.com,23/03/85,pune,Full KYC,2023-03-30,aarti1316@icici
C00580,Sunita Gupta,6009134132,sunita.gupta76@gmail.com,10-03-1983,Mumbai,full_kyc,11-01-2025,sunita4132@hdfcbank
C04588,Kavita Joshi,9847104755,kavita.joshi8@gmail.com,10-02-1998,ahmedabad,Full KYC,2020-11-04,kavita4755@icici
C03420,A. Verma,6030524109,N/A,22/07/04,Bombay,full,16 May 2022,anjali4109@ybl
C00186,Neha Singh,60141 27260,neha.singh75@gmail.com,05-10-1998,DELHI,min,23 May 2023,neha7260@icici
C00763,"Desai, Karan",+918892588365,karan.desai60@gmail.com,"Jan 11, 1986",Lucknow,minimum,2023-09-01,karan8365@ybl
C04620,FATIMA BOSE,6301196740,,1968-03-28,,minimum,2024-10-21,fatima6740@okbank
C01160,Sneha Patel,91-9932056913,sneha.patel15@gmail.com,"May 15, 1967",Lucknow,full,2020-12-26,sneha6913@ybl
C03642,Aarti Reddy,06242831520,N/A,1984-01-19,Madras,pending,2023-04-13,aarti1520@axl
C00386,A. Joshi,77523 58307,anjali.joshi13@gmail.com,20/12/97,New Delhi,FULL,2021-08-26,anjali8307@ybl
C03117,Divya Iyer,92058 34911,NULL,14-12-1995,Madras,MIN,2023-08-19,divya4911@hdfcbank
C00223,Kavita Menon,09154957318,N/A,1971-09-08,Poona,full,2024-08-08,kavita7318@okbank
C01589,deepak sharma,8070507635,deepak.sharma2@gmail.com,27-06-1966,Mumbai,Full KYC,19-01-2021,deepak7635@icici
C04197,Ritu Yadav,9203891275,ritu.yadav93@gmail.com,21/05/64,Poona,full_kyc,24 Jun 2020,ritu1275@axl
C02177,Rahul Bose,97074 19778,N/A,15-05-2000,New Delhi,Full KYC,08-07-2020,rahul9778@icici
C02225,swati mehta,9420981673,unknown,1994-01-20,pune,FULL,14 Feb 2024,swati1673@sbi
C03918,SUNITA DESAI,91-8193606571,sunita.desai67@gmail.com,10/10/66,Lucknow,Full KYC,2023-05-13,sunita6571@sbi
C00708,sunita das,7390442328,sunita.das56@gmail.com,"Jan 15, 1989",Jaipur,min kyc,11-03-2020,sunita2328@paytm
C04623,"Pillai, Fatima",8138999589,N/A,15/03/97,Ahmedabad,full_kyc,08 Nov 2022,fatima9589@paytm
C03417,Manish Pillai,7557353595,manish.pillai17@gmail.com,18/10/88,Ahmedabad,FULL,26-09-2021,manish3595@hdfcbank
C01898,A. Yadav,+917569981252,arjun.yadav46@gmail.com,02/12/66,jaipur,FULL,2022-02-07,arjun1252@okbank
C03916,S. Mehta,81997 45622,N/A,1989-02-28,Kolkata,Full KYC,20-07-2022,swati5622@axl
C00924,MANISH PATEL,9079873915,,"May 07, 1987",Madras,Full KYC,28-11-2025,manish3915@paytm
C04688,SUNITA MENON,6782000478,sunita.menon43@gmail.com,20-06-1987,Calcutta,full_kyc,30 Aug 2024,sunita0478@icici
C05040,harsh desai,08631558230,harsh.desai23@gmail.com,26-02-1986,,MIN,2026-06-16,harsh8230@axl
C02739,NISHA YADAV,6581924873,nisha.yadav67@gmail.com,17-12-1968,Bombay,min kyc,21-07-2023,nisha4873@sbi
C00470,Vikram Kulkarni,+919197130608,vikram.kulkarni33@gmail.com,NULL,lucknow,min kyc,2021-07-18,vikram0608@sbi
C00561,V. Nair,+918816160106,unknown,2000-07-03,lucknow,full_kyc,2020-03-18,vikram0106@axl
C03032,"Menon, Isha",9128121106,,13/06/82,BLR,full,19 Feb 2023,isha1106@okbank
C03909,Meera Reddy,9505970803,unknown,17/08/87,mumbai,full_kyc,2025-05-02,meera0803@ybl
C02072,Vijay Pillai,9617215826,vijay.pillai55@gmail.com,1987-07-14,jaipur,MIN,17 Apr 2022,vijay5826@paytm
C90173,Vikram Das,+917668442611,NULL,"Jan 10, 1978",Bombay,min kyc,08-05-2020,vikram2611@hdfcbank
C00524,Rohan Mehta,91-9222058672,rohan.mehta85@gmail.com,1968-01-01,New Delhi,PENDING,28 Sep 2025,rohan8672@ybl
C04406,isha mehta,+917884078751,isha.mehta12@gmail.com,"Nov 27, 1974",jaipur,Full KYC,06-05-2023,isha8751@okbank
C00702,DEEPAK PILLAI,8652487569,,NULL,HYD,min kyc,10-09-2025,deepak7569@okbank
C01625,pooja gupta,91-9877055129,pooja.gupta51@gmail.com,1964-01-21,Poona,min kyc,17-04-2026,pooja5129@paytm
C00377,Anjali Kulkarni,9867778627,N/A,28/04/04,,Full KYC,30 Aug 2024,anjali8627@icici
C90208,Meera  Patel ,9521423564,,26/02/77,HYD,PENDING,21-02-2023,meera3564@axl
C01549,"Khan, Ritu",60300 14881,ritu.khan14@gmail.com,14-01-1974,Amdavad,full,2021-03-22,ritu4881@sbi
C02661,Sneha Khan,+919397099201,sneha.khan46@gmail.com,1961-12-31,BLR,Full KYC,05-05-2022,sneha9201@axl
C00667,"Pillai, Kavita",7485689779,kavita.pillai1@gmail.com,24-08-1984,Calcutta,FULL,14 Oct 2023,kavita9779@paytm
C03278,Deepak Mehta,+919095818583,deepak.mehta34@gmail.com,1987-12-30,hyderabad,FULL,17 Mar 2026,deepak8583@hdfcbank
C02892,fatima kulkarni,91-7276937539,fatima.kulkarni68@gmail.com,07-09-1977,Ahmedabad,Full KYC,06-03-2021,fatima7539@sbi
C00554,Sunita Gupta,06011036226,unknown,13/12/03,DELHI,MIN,24-07-2025,sunita6226@paytm
C04085,Aarti Das,7524654299,aarti.das31@gmail.com,23/11/92,chennai,full_kyc,10 Nov 2022,aarti4299@sbi
C00318,Vikram Nair,+917708709681,,1993-10-19,jaipur,min,26 Apr 2022,vikram9681@paytm
C90139,Deepak Chopra,+919824748285,,31/01/92,MUMBAI,Full KYC,2021-11-18,deepak8285@axl
C02098,Suresh Yadav,6661083568,suresh.yadav98@gmail.com,"Aug 10, 1990",pune,PENDING,2026-05-24,suresh3568@hdfcbank
C00440,MANISH DAS,7227601407,NULL,27-06-1998,Ahmedabad,full_kyc,08 Mar 2023,manish1407@axl
C00304,Kavita Das,8646905904,kavita.das46@gmail.com,NULL,pune,FULL,2025-12-22,kavita5904@sbi
C00868,IMRAN PATEL,8812788015,imran.patel55@gmail.com,1992-03-30,Bombay,full,09-03-2024,imran8015@sbi
C00407,Ritu  Yadav ,7270349738,ritu.yadav41@gmail.com,1974-01-24,bangalore,FULL,2022-07-28,ritu9738@paytm
C02575,vikram nair,09384038903,vikram.nair73@gmail.com,"Mar 19, 1981",Madras,,03 Apr 2023,vikram8903@ybl
C02387,DEEPAK KULKARNI,7618867316,deepak.kulkarni67@gmail.com,13/09/84,delhi,min,20-09-2025,deepak7316@hdfcbank
C01074,anjali patel,7695171140,,"Nov 07, 1976",Madras,Full KYC,20-03-2026,anjali1140@paytm
C03708,Tarun Shaikh,6886462980,,22-02-1970,New Delhi,min,05-06-2021,tarun2980@axl
C03287,Farhan Desai,6411411139,,1975-04-30,Poona,Full KYC,24 Oct 2019,farhan1139@axl
C00915,swati bose,6752101110,swati.bose96@gmail.com,1966-08-28,Ahmedabad,FULL,2021-07-20,swati1110@sbi
C04098,Divya Nair,8779949400,divya.nair22@gmail.com,11/04/80,Calcutta,full_kyc,2024-10-06,divya9400@ybl
C00476,Arjun Shaikh,88785 33614,arjun.shaikh45@gmail.com,2004-04-26,Calcutta,full_kyc,07-10-2020,arjun3614@hdfcbank
C04564,Divya Pillai,+918196579164,divya.pillai12@gmail.com,30/09/62,,minimum,22-12-2020,divya9164@icici
C03673,KAVITA MENON,9113726303,NULL,,lucknow,min,05 Jan 2024,kavita6303@okbank
C03674,Neha Das,+918559370662,neha.das25@gmail.com,30/07/87,Madras,full_kyc,29-04-2020,neha0662@icici
C02224,Karan Pillai,8815263312,karan.pillai61@gmail.com,25-04-1977,New Delhi,full,15 May 2026,karan3312@okbank
C04952,Karan Bose,9713112102,karan.bose63@gmail.com,1963-01-13,Lucknow,Full KYC,11 Dec 2022,karan2102@hdfcbank
C03385,aarti nair,08187709067,aarti.nair95@gmail.com,23-06-1971,Chennai,Full KYC,09-09-2020,aarti9067@hdfcbank
C03709,Sanjay Chopra,08391612642,NULL,15-11-2001,Bombay,minimum,04-08-2025,sanjay2642@icici
C00937,"Chopra, Harsh",6778459753,unknown,09/07/63,pune,min,05-09-2025,harsh9753@okbank
C03001,RITU KHAN,+917820270259,ritu.khan54@gmail.com,"Sep 08, 1977",MUMBAI,FULL,23-05-2020,ritu0259@sbi
C90160,Swati Nair,9842703324,swati.nair3@gmail.com,"Mar 18, 2005",,pending,07-05-2026,swati3324@icici
C02055,NEHA MENON,6666442277,unknown,09/06/69,Kolkata,FULL,21 Apr 2023,neha2277@ybl
C00027,"Khan, Sanjay",7045424956,N/A,1995-02-16,Jaipur,full_kyc,22 Jun 2022,sanjay4956@paytm
C00920,"Reddy, Kavita",09425375434,kavita.reddy35@gmail.com,1962-05-21,ahmedabad,full_kyc,2021-07-22,kavita5434@icici
C01994,VIKRAM IYER,6486872975,vikram.iyer55@gmail.com,12/06/76,Calcutta,full_kyc,05 Dec 2019,vikram2975@ybl
C90037,Sunita Das,08817072825,sunita.das88@gmail.com,1994-01-20,lucknow,,16 Nov 2020,sunita2825@okbank
C02020,Vijay  Singh ,6302447976,vijay.singh21@gmail.com,1987-12-16,Ahmedabad,Full KYC,2024-02-15,vijay7976@axl
C00641,"Pillai, Sanjay",08080242263,sanjay.pillai55@gmail.com,2002-01-25,pune,minimum,2019-12-23,sanjay2263@paytm
C02231,Rahul Mehta,75557 01172,,08-01-1996,Madras,FULL,04 May 2022,rahul1172@hdfcbank
C02037,Fatima Mehta,6591175955,NULL,06/03/90,jaipur,FULL,2020-03-23,fatima5955@ybl
C01867,Rahul Das,7057034702,rahul.das29@gmail.com,"Sep 13, 1989",,full_kyc,14-10-2021,rahul4702@sbi
C01205,Rahul Kulkarni,+919156663958,rahul.kulkarni95@gmail.com,1969-02-07,jaipur,full,27-09-2024,rahul3958@paytm
C03609,Sanjay Joshi,+917157861179,sanjay.joshi27@gmail.com,"Dec 12, 1984",Poona,full_kyc,30-05-2025,sanjay1179@sbi
C00181,T. Mehta,6228483541,tarun.mehta20@gmail.com,"Oct 25, 1965",Lucknow,full_kyc,14-08-2025,tarun3541@sbi
C04459,Arjun Bose,60055 61112,N/A,1985-11-28,delhi,pending,2020-02-26,arjun1112@icici
C01615,Vikram Pillai,93373 92775,vikram.pillai81@gmail.com,"Mar 10, 1991",Bengaluru,FULL,01-01-2021,vikram2775@paytm
C00081,A. Reddy,+916333840628,aarti.reddy44@gmail.com,"Apr 16, 1965",chennai,FULL,16 Apr 2022,aarti0628@sbi
C04350,N. Reddy,8411517390,neha.reddy27@gmail.com,01/09/86,kolkata,full_kyc,18-07-2022,neha7390@okbank
C02292,Vikram Yadav,6806369566,vikram.yadav53@gmail.com,01/10/87,pune,full_kyc,28-06-2020,vikram9566@ybl
C00464,MANISH VERMA,6754894574,manish.verma28@gmail.com,NULL,kolkata,full,2024-04-14,manish4574@hdfcbank
C00584,"Kulkarni, Vijay",91-9587044780,vijay.kulkarni31@gmail.com,22/06/97,mumbai,full,2024-01-27,vijay4780@hdfcbank
C00137,Arjun Verma,8551925959,arjun.verma17@gmail.com,1969-07-18,bangalore,PENDING,2021-10-20,arjun5959@okbank
C03885,"Gupta, Meera",91-8243267732,meera.gupta75@gmail.com,06-02-2002,Kolkata,full_kyc,2021-08-23,meera7732@icici
C00224,Aarti Menon,6190019402,N/A,1968-03-07,lucknow,Full KYC,2022-02-08,aarti9402@sbi
C01195,Priya Shaikh,+918334593653,,,chennai,min kyc,20-06-2022,priya3653@okbank
C03591,Arjun Joshi,63285 86826,,1966-12-03,MUMBAI,FULL,17 Nov 2019,arjun6826@hdfcbank
C04391,"Sharma, Manish",6240500326,,29-03-1976,Delhi,Full KYC,14-11-2021,manish0326@sbi
C03034,pooja chopra,+918905640897,NULL,03/12/66,,min,2024-10-19,pooja0897@paytm
C00864,"Kulkarni, Aarti",8203859471,aarti.kulkarni90@gmail.com,01/02/01,lucknow,min kyc,21-11-2019,aarti9471@sbi
C03784,Kavita Yadav,+919417472733,kavita.yadav51@gmail.com,17-11-1994,Chennai,FULL,06-01-2024,kavita2733@hdfcbank
C00549,Aarti Bose,+918140508283,aarti.bose70@gmail.com,1993-02-09,DELHI,min kyc,24 Aug 2024,aarti8283@paytm
C00394,farhan verma,8334338127,,21-03-1982,Jaipur,full_kyc,04-10-2020,farhan8127@sbi
C90212,neha mehta,91-6220510261,NULL,"Mar 06, 1982",Bengaluru,full,2020-03-31,neha0261@axl
C02332,Vijay Pillai,+916457077367,vijay.pillai71@gmail.com,"Apr 26, 1978",Mumbai,,2019-12-17,vijay7367@icici
C01331,Harsh Khan,9460172279,harsh.khan16@gmail.com,1964-06-14,hyderabad,FULL,27 May 2025,harsh2279@axl
C00175,Tarun Reddy,+916249728561,unknown,NULL,pune,full,03 Oct 2019,tarun8561@sbi
C00926,vijay nair,+919959688204,vijay.nair63@gmail.com,25-05-1977,bangalore,min,05 May 2021,vijay8204@ybl
C01948,Amit Reddy,7770484539,amit.reddy33@gmail.com,1979-11-14,HYD,FULL,06-11-2025,amit4539@axl
C00294,Karan Menon,06454749720,,12/04/88,lucknow,FULL,2021-02-09,karan9720@icici
C02082,Priya Mehta,06027128333,,13-05-1998,jaipur,Full KYC,17-02-2024,priya8333@sbi
C01251,Tarun Khan,06538019609,unknown,02/12/68,HYD,Full KYC,06-12-2024,tarun9609@hdfcbank
C02069,Sneha  Shaikh ,9439257589,,,Hyderabad,full,19 Nov 2023,sneha7589@sbi
C00107,Rohan Sharma,07503099090,rohan.sharma57@gmail.com,1997-09-06,Bangalore,min kyc,14 Sep 2021,rohan9090@paytm
C04123,Karan Iyer,+917503316624,karan.iyer37@gmail.com,26/04/89,Bangalore,full_kyc,2024-02-06,karan6624@okbank
C01978,Deepak Singh,91-9220093902,NULL,12-01-1979,delhi,FULL,19 Dec 2021,deepak3902@hdfcbank
C02301,Pooja Kulkarni,8063440968,NULL,18/11/77,Delhi,MIN,15 Nov 2022,pooja0968@ybl
C04726,Anjali  Verma ,70401 42291,NULL,07/06/88,ahmedabad,Full KYC,12 Jun 2023,anjali2291@okbank
C00013,Rohan Yadav,+918499571295,rohan.yadav45@gmail.com,1966-06-21,Chennai,Full KYC,13-11-2019,rohan1295@sbi
C02867,Arjun Shaikh,9811129642,unknown,"Nov 12, 2000",chennai,Full KYC,24 Jun 2024,arjun9642@ybl
C00697,Neha Khan,6703930663,neha.khan75@gmail.com,"Feb 01, 1999",Kolkata,minimum,06 Dec 2024,neha0663@paytm
C05012,Arjun Das,+917696022775,arjun.das47@gmail.com,08-07-1995,HYD,MIN,2026-06-17,arjun2775@icici
C02861,Meera Singh,91-7379898099,,26/06/72,Pune,full_kyc,2024-12-05,meera8099@axl
C01697,RITU BOSE,91-8998569950,ritu.bose69@gmail.com,15-09-1977,mumbai,FULL,01 Apr 2022,ritu9950@sbi
C04510,Nisha Pillai,9796930697,nisha.pillai69@gmail.com,1981-09-05,Bangalore,Full KYC,2025-01-03,nisha0697@sbi
C01845,Neha Sharma,+916586293749,neha.sharma67@gmail.com,03/01/01,chennai,full,09-04-2022,neha3749@icici
C03901,Farhan  Singh ,6713084014,N/A,,hyderabad,full_kyc,2020-08-29,farhan4014@axl
C04793,Imran  Menon ,6467881201,imran.menon9@gmail.com,N/A,Chennai,full_kyc,05 Aug 2020,imran1201@okbank
C02646,Rohan Joshi,08158909255,rohan.joshi97@gmail.com,03/08/64,Kolkata,,2023-03-15,rohan9255@sbi
C03316,I. Joshi,72580 32483,NULL,25/07/90,Calcutta,full_kyc,22-05-2025,isha2483@paytm
C00513,Anjali Nair,7043834009,N/A,06/11/67,Poona,minimum,17 Mar 2022,anjali4009@paytm
C04846,Sanjay Chopra,06239554485,sanjay.chopra68@gmail.com,12/06/96,Madras,full,09 Dec 2024,sanjay4485@ybl
C04250,Amit Khan,69407 44395,amit.khan35@gmail.com,17-12-1978,Pune,MIN,2024-12-10,amit4395@paytm
C90126,Sunita Menon,9301028387,sunita.menon63@gmail.com,"Dec 17, 2004",HYD,full_kyc,19 Dec 2021,sunita8387@okbank
C04879,Arjun Patel,6367319701,,1985-09-24,Bangalore,minimum,26 Jul 2024,arjun9701@sbi
C00714,Anjali Mehta,68071 00159,unknown,31/01/82,Delhi,MIN,2022-05-31,anjali0159@paytm
C03378,Swati Joshi,08974226552,swati.joshi56@gmail.com,"Jun 08, 2002",Mumbai,full,24-04-2021,
C00700,Sunita Patel,7090720035,sunita.patel39@gmail.com,2003-09-17,pune,minimum,11-11-2020,sunita0035@icici
C01379,Swati Khan,6944053207,N/A,20-08-1979,pune,FULL,27-10-2019,swati3207@okbank
C02967,Sanjay  Patel ,6937304255,sanjay.patel1@gmail.com,05-01-1997,lucknow,min,31-03-2025,sanjay4255@okbank
C01443,anjali yadav,7859388105,anjali.yadav54@gmail.com,15/04/93,Lucknow,min kyc,24-01-2023,anjali8105@hdfcbank
C03204,Isha Yadav,91-8972719779,isha.yadav35@gmail.com,01/02/62,pune,FULL,2024-10-29,isha9779@ybl
C02604,Vikram Sharma,9351665853,NULL,1978-09-26,Bengaluru,MIN,04-06-2021,vikram5853@sbi
C03283,Farhan Bose,+918455493206,unknown,N/A,Amdavad,full_kyc,09-09-2020,farhan3206@ybl
C90172,Priya Khan,06630500152,NULL,"Nov 06, 1983",Amdavad,full_kyc,25 Apr 2026,priya0152@okbank
C02006,"Pillai, Pooja",9755528076,pooja.pillai40@gmail.com,"Jun 17, 2002",chennai,PENDING,29-10-2019,pooja8076@hdfcbank
C01371,"Reddy, Farhan",8664509939,,25/01/91,Calcutta,full,14-12-2019,farhan9939@hdfcbank
C00605,VIJAY MEHTA,+917332685536,unknown,01-06-1963,pune,MIN,02-06-2024,vijay5536@hdfcbank
C04104,Isha Khan,7944646085,isha.khan91@gmail.com,1991-11-24,Chennai,min,04 May 2021,isha6085@ybl
C03297,Ritu Shaikh,8918583061,NULL,30/08/61,Mumbai,min kyc,2020-06-21,ritu3061@ybl
C02644,Divya Chopra,91-6936945178,divya.chopra7@gmail.com,17/08/00,Ahmedabad,full_kyc,21-05-2021,divya5178@sbi
C04702,sanjay verma,9460709502,sanjay.verma21@gmail.com,15/03/67,Amdavad,min kyc,03 Jan 2026,sanjay9502@okbank
C01877,Aarti Khan,9298888960,,"May 13, 1970",kolkata,full,2023-08-30,aarti8960@paytm
C00327,Ritu Bose,69318 33239,unknown,"Nov 10, 1968",,min,08 Jun 2021,ritu3239@axl
C01264,Rahul Mehta,+918599753752,,22-01-1961,kolkata,min,06 Aug 2021,rahul3752@icici
C02302,Tarun Singh,08636614486,unknown,29/08/76,Jaipur,full_kyc,07-01-2020,tarun4486@axl
C04616,Nisha Patel,6738386997,nisha.patel98@gmail.com,1994-03-08,Jaipur,minimum,30 Jan 2022,nisha6997@hdfcbank
C01744,Kavita Gupta,8354137860,NULL,1995-02-02,HYD,FULL,2019-12-08,kavita7860@okbank
C00713,Ritu Yadav,+918119185337,ritu.yadav55@gmail.com,N/A,Kolkata,minimum,24-12-2021,ritu5337@ybl
C03120,SNEHA PATEL,67137 70150,N/A,,Delhi,minimum,08-05-2021,sneha0150@icici
C00594,Imran Chopra,7487800817,N/A,23-10-1972,Delhi,full,2025-01-28,imran0817@okbank
C02665,Imran Kulkarni,7205355007,N/A,"Jan 22, 2000",Lucknow,FULL,08 Sep 2025,imran5007@okbank
C02979,Imran Yadav,8660228240,,2005-04-30,Jaipur,MIN,03 Nov 2024,imran8240@ybl
C90166,deepak pillai,8437337648,deepak.pillai81@gmail.com,1966-06-20,lucknow,full_kyc,19-05-2020,deepak7648@ybl
C00355,Sanjay Nair,8082289687,sanjay.nair60@gmail.com,1997-06-14,MUMBAI,FULL,08 Jul 2025,sanjay9687@hdfcbank
C03968,TARUN SHARMA,7433817582,tarun.sharma93@gmail.com,08/07/05,chennai,FULL,27 Dec 2022,tarun7582@icici
C04675,Rohan Reddy,6848634139,,27-07-1973,Chennai,FULL,11 Apr 2026,rohan4139@icici
C04932,Nisha Reddy,66662 65894,nisha.reddy95@gmail.com,17-11-2001,Chennai,min kyc,2024-08-09,nisha5894@sbi
C04442,Sneha Iyer,7315916142,sneha.iyer33@gmail.com,29/07/83,Poona,FULL,09-01-2026,sneha6142@axl
C04772,Priya Pillai,07117196603,priya.pillai1@gmail.com,1995-07-21,Hyderabad,FULL,05-11-2022,priya6603@hdfcbank
C05020,Sneha Gupta,+918907137794,sneha.gupta66@gmail.com,25/05/83,HYD,min kyc,01-06-2026,sneha7794@axl
C00951,"Khan, Rohan",7814396131,NULL,NULL,ahmedabad,full,27-08-2022,rohan6131@okbank
C01254,Meera Desai,+919910583916,meera.desai84@gmail.com,24-12-1988,DELHI,Full KYC,05-05-2022,meera3916@paytm
C01228,Vikram Gupta,+917092763451,,30-01-1993,Delhi,FULL,27 Oct 2019,vikram3451@sbi
C01463,Aarti Gupta,8966148967,aarti.gupta63@gmail.com,04/10/86,Mumbai,minimum,2021-09-19,aarti8967@axl
C02240,"Chopra, Amit",+916473784350,amit.chopra57@gmail.com,14/02/68,Ahmedabad,Full KYC,18 Jul 2024,amit4350@okbank
C01489,Neha Menon,6821522605,neha.menon80@gmail.com,19-05-1978,Kolkata,Full KYC,03 Nov 2024,neha2605@sbi
C01958,HARSH IYER,9619874272,,1966-09-08,Poona,minimum,08-02-2023,harsh4272@ybl
C01907,T. Sharma,+916544671639,NULL,1981-07-02,Kolkata,FULL,25 Jul 2022,tarun1639@okbank
C00308,H. Kulkarni,81653 92010,NULL,1985-07-28,bangalore,min kyc,13-07-2024,harsh2010@axl
C00182,nisha kulkarni,91-8481939891,nisha.kulkarni59@gmail.com,1977-03-07,,FULL,07 Jun 2024,nisha9891@paytm
C03160,"Menon, Isha",6897757586,isha.menon44@gmail.com,19/08/01,Mumbai,minimum,30-09-2021,isha7586@hdfcbank
C01311,Nisha Shaikh,91-7448671846,,N/A,ahmedabad,full_kyc,14-12-2021,nisha1846@hdfcbank
C01358,Fatima Reddy,8670408261,fatima.reddy28@gmail.com,"Jun 21, 1999",Jaipur,full,21 Nov 2024,NULL
C00770,Deepak Kulkarni,+919829332110,deepak.kulkarni88@gmail.com,25/07/71,Bengaluru,FULL,20 May 2021,deepak2110@ybl
C01123,Vikram Nair,7609722255,vikram.nair7@gmail.com,17-03-1962,lucknow,minimum,2021-09-25,vikram2255@sbi
C01459,Deepak Reddy,9555159998,deepak.reddy18@gmail.com,1967-12-09,Kolkata,minimum,2021-06-10,deepak9998@okbank
C04716,ROHAN KULKARNI,+918749670863,rohan.kulkarni27@gmail.com,12-06-1996,,FULL,2023-12-15,rohan0863@axl
C02546,MANISH VERMA,91-9513733865,,2002-02-02,Chennai,MIN,11-03-2021,manish3865@okbank
C03268,Vijay Khan,83962 15992,vijay.khan56@gmail.com,02/02/82,kolkata,min kyc,2024-10-04,vijay5992@paytm
C00776,Deepak Verma,+917653022820,deepak.verma11@gmail.com,,delhi,min,08-05-2023,deepak2820@icici
C90157,Rahul Verma,8204876097,rahul.verma14@gmail.com,N/A,jaipur,full_kyc,2024-09-06,rahul6097@hdfcbank
C00352,Manish Bose,6589928218,,18/07/90,Lucknow,min,09 Oct 2023,manish8218@sbi
C00740,Suresh Joshi,9740008163,suresh.joshi52@gmail.com,"Apr 13, 1996",hyderabad,full_kyc,03 Aug 2022,suresh8163@paytm
C90197,Priya Bose,+918412006643,,1996-10-29,Pune,FULL,19-04-2026,priya6643@paytm
C00183,Rohan Reddy,7517714444,rohan.reddy33@gmail.com,02/06/61,Bombay,Full KYC,26 Mar 2022,rohan4444@okbank
C04579,Suresh Kulkarni,91-9706173246,suresh.kulkarni95@gmail.com,31/12/70,Madras,Full KYC,04 Nov 2020,suresh3246@sbi
C02341,Deepak  Patel ,78569 32580,,"Nov 20, 1969",bangalore,FULL,2025-08-05,deepak2580@ybl
C01544,V. Iyer,07952703253,vijay.iyer9@gmail.com,"May 24, 1961",hyderabad,full_kyc,2022-10-14,vijay3253@hdfcbank
C90174,RAHUL CHOPRA,7367414409,,16/01/90,mumbai,full,06 Jan 2023,rahul4409@sbi
C00616,Sunita Bose,8374415654,sunita.bose54@gmail.com,07-02-1963,Hyderabad,full,29-11-2020,sunita5654@ybl
C01645,M. Singh,7855046000,manish.singh16@gmail.com,02/12/88,lucknow,NA,19-09-2019,manish6000@hdfcbank
C01447,Vikram Gupta,8154174961,vikram.gupta74@gmail.com,"Feb 05, 1979",bangalore,full_kyc,2023-09-15,vikram4961@okbank
C04318,R. Sharma,+918896718131,ritu.sharma78@gmail.com,1995-09-12,Pune,MIN,15-03-2023,ritu8131@paytm
C01562,NISHA VERMA,8563525009,nisha.verma26@gmail.com,10/04/91,Amdavad,full,29-03-2023,nisha5009@axl
C04207,SANJAY SINGH,9173909767,unknown,27-05-1991,jaipur,,2020-12-29,sanjay9767@sbi
C03391,Meera Shaikh,+917940839270,meera.shaikh70@gmail.com,18-11-1962,Jaipur,full,03 Jul 2022,meera9270@ybl
C02980,NISHA IYER,91-6036291902,nisha.iyer74@gmail.com,08/12/03,pune,FULL,27-03-2022,nisha1902@hdfcbank
C00263,Karan Kulkarni,07039662219,karan.kulkarni29@gmail.com,1990-07-18,jaipur,Full KYC,2024-02-06,karan2219@axl
C00441,"Iyer, Divya",7119481017,unknown,1984-04-08,Kolkata,full_kyc,11 Mar 2025,divya1017@hdfcbank
C04059,Harsh Sharma,8163572230,harsh.sharma6@gmail.com,NULL,,full_kyc,23-12-2025,harsh2230@okbank
C02153,Manish Singh,8295134134,manish.singh34@gmail.com,03-12-1980,Pune,Full KYC,20-03-2021,manish4134@paytm
C04618,Deepak Verma,6802106176,,26-03-1988,Hyderabad,min kyc,24 Jul 2023,deepak6176@sbi
C01545,VIJAY SHAIKH,7744458372,vijay.shaikh79@gmail.com,"Apr 13, 1973",jaipur,full,07 Apr 2024,vijay8372@icici
C03637,RAHUL DESAI,68461 40677,rahul.desai74@gmail.com,27/06/66,lucknow,minimum,07 Jul 2021,rahul0677@axl
C04683,Swati Das,64262 29113,swati.das20@gmail.com,"Sep 27, 1970",delhi,minimum,18-10-2023,swati9113@okbank
C01092,vijay kulkarni,60923 99678,vijay.kulkarni84@gmail.com,17/01/75,Hyderabad,MIN,2025-02-26,vijay9678@icici
C01175,Karan Gupta,06105753328,karan.gupta42@gmail.com,1986-05-23,,full,11 Nov 2021,karan3328@ybl
C04999,Meera Singh,09067230964,,1975-01-23,Bengaluru,pending,03 Jun 2021,meera0964@icici
C01659,VIJAY SHARMA,8983711290,N/A,"Aug 18, 1981",Hyderabad,min,13-09-2023,vijay1290@ybl
C90082,harsh verma,78691 80669,harsh.verma13@gmail.com,25-12-1999,lucknow,MIN,10-05-2025,harsh0669@hdfcbank
C03301,NISHA KHAN,6065261895,nisha.khan5@gmail.com,25-04-1987,Pune,min kyc,24 Jan 2025,nisha1895@axl
C02771,Anjali Patel,72393 69675,anjali.patel45@gmail.com,1978-07-22,chennai,Full KYC,29 Apr 2020,anjali9675@ybl
C02681,"Das, Amit",6609311404,amit.das90@gmail.com,N/A,Jaipur,Full KYC,23-12-2022,amit1404@sbi
C01046,Karan Kulkarni,91-9241381236,unknown,27/10/64,BLR,minimum,23 Sep 2023,karan1236@sbi
C04286,Neha Shaikh,8781182323,neha.shaikh27@gmail.com,"Sep 28, 1988",Kolkata,full,27-08-2019,neha2323@paytm
C01638,Isha Patel,+917473405759,isha.patel6@gmail.com,"Jul 14, 1985",Pune,min kyc,2022-06-09,isha5759@okbank
C01053,Suresh Shaikh,6111210261,,"Nov 15, 1981",delhi,min,04-06-2022,suresh0261@sbi
C00379,Aarti Das,6758886109,NULL,05-01-2002,DELHI,NA,10 Apr 2025,aarti6109@hdfcbank
C00477,Rohan Khan,8057673689,rohan.khan19@gmail.com,"Nov 07, 1975",jaipur,min,2022-02-09,rohan3689@icici
C00932,Manish Menon,+917998955932,unknown,"Sep 24, 1987",Calcutta,PENDING,11 May 2020,manish5932@okbank
C03289,KARAN NAIR,8001897546,karan.nair74@gmail.com,12/12/90,Jaipur,Full KYC,14-05-2026,karan7546@okbank
C04079,Rahul Joshi,91-8927945515,,15-06-1964,New Delhi,PENDING,16-07-2023,rahul5515@axl
C01570,A. Chopra,7473189481,anjali.chopra8@gmail.com,14/11/72,Poona,min kyc,20 Sep 2025,anjali9481@hdfcbank
C00533,ISHA KULKARNI,6986849526,N/A,"Sep 18, 1990",Kolkata,full,27 Apr 2023,isha9526@paytm
C01914,Pooja Sharma,6125704216,pooja.sharma92@gmail.com,27/01/06,Calcutta,FULL,24 Mar 2026,pooja4216@hdfcbank
C03157,Pooja Reddy,91-9532081225,pooja.reddy72@gmail.com,1964-09-11,HYD,full,28 Dec 2021,pooja1225@paytm
C02395,S. Shaikh,+916748622293,sanjay.shaikh34@gmail.com,"Nov 20, 1962",lucknow,FULL,2023-06-09,sanjay2293@axl
C04826,"Desai, Deepak",+917247708048,unknown,1972-07-26,Hyderabad,min kyc,2020-05-07,deepak8048@okbank
C00914,R. Khan,07865125199,rohan.khan55@gmail.com,08/11/05,MUMBAI,FULL,27 Aug 2024,rohan5199@icici
C02649,RAHUL BOSE,6213400137,,1994-07-04,MUMBAI,Full KYC,18-11-2022,rahul0137@paytm
C00326,Rahul  Kulkarni ,7400652920,,2000-12-18,DELHI,NA,2021-12-29,rahul2920@ybl
C00127,Vijay Joshi,91-7214345559,vijay.joshi72@gmail.com,12/07/98,ahmedabad,full_kyc,2022-05-21,vijay5559@axl
C03804,Harsh Nair,8072494910,unknown,1973-06-17,Jaipur,PENDING,04 Aug 2025,harsh4910@paytm
C90055,P. Iyer,+919935319401,,13/12/85,mumbai,minimum,30 Nov 2020,pooja9401@paytm
C02000,karan gupta,81277 99645,unknown,09/12/63,bangalore,NA,29-11-2024,karan9645@icici
C03618,R. Chopra,7367414409,rahul.chopra70@gmail.com,16-01-1990,mumbai,Full KYC,2023-01-06,rahul4409@sbi
C03520,NISHA GUPTA,91-8786033190,nisha.gupta22@gmail.com,21-06-2005,HYD,MIN,02 Jan 2020,nisha3190@axl
C03829,Manish Gupta,78511 36427,NULL,01-01-1976,kolkata,Full KYC,22 May 2023,manish6427@hdfcbank
C02736,ROHAN CHOPRA,6819097886,rohan.chopra91@gmail.com,"May 13, 1991",Amdavad,min kyc,05 Aug 2022,rohan7886@axl
C00170,Swati Chopra,7409759866,,17/10/71,jaipur,full_kyc,17-07-2024,swati9866@ybl
C03997,Deepak Iyer,9791586173,deepak.iyer41@gmail.com,24/12/77,jaipur,full,20 Nov 2023,deepak6173@sbi
C00586,TARUN SHAIKH,9184753242,tarun.shaikh27@gmail.com,"Apr 28, 1985",Ahmedabad,FULL,01-04-2022,tarun3242@icici
C01846,Sneha Menon,8962242123,sneha.menon16@gmail.com,23-01-1998,ahmedabad,full,2025-09-08,sneha2123@paytm
C01839,Karan Nair,91-9344423514,,25/09/69,bangalore,NA,2021-11-10,karan3514@sbi
C04787,Rahul Sharma,9919138781,rahul.sharma56@gmail.com,04/07/79,Pune,min kyc,2025-05-25,rahul8781@axl
C02089,H. Joshi,6084969624,unknown,21-09-1982,DELHI,minimum,14-04-2026,harsh9624@sbi
C00076,"Iyer, Amit",+918458098894,amit.iyer95@gmail.com,27/07/96,Amdavad,Full KYC,01-02-2022,amit8894@okbank
C04203,Harsh Joshi,+918879134555,N/A,03/04/78,,pending,2024-09-05,harsh4555@paytm
C00887,Tarun Singh,06997569958,tarun.singh63@gmail.com,1967-05-03,,NA,02 Jul 2023,tarun9958@paytm
C04601,"Joshi, Manish",7002208870,manish.joshi22@gmail.com,,Madras,min kyc,30-12-2020,manish8870@icici
C03817,"Shaikh, Vikram",8957501120,NULL,,Bengaluru,full_kyc,2022-11-02,vikram1120@icici
C03616,Rohan Menon,9212208871,unknown,09/01/75,kolkata,Full KYC,22 Dec 2022,rohan8871@paytm
C00302,Fatima Singh,7546142007,fatima.singh90@gmail.com,01-01-2001,Bombay,minimum,2024-09-30,fatima2007@axl
C03238,Swati Menon,6300387230,NULL,1981-07-22,Bangalore,Full KYC,30 Apr 2023,swati7230@okbank
C01104,Vikram Joshi,76512 55239,NULL,"Feb 11, 1999",lucknow,full_kyc,2019-11-11,vikram5239@hdfcbank
C03002,Isha Patel,7234787767,isha.patel50@gmail.com,19-02-1992,Lucknow,full_kyc,30 May 2024,isha7767@icici
C02425,Vikram Patel,9713402876,vikram.patel74@gmail.com,1984-09-21,Poona,full,2020-04-18,vikram2876@paytm
C04866,Swati Pillai,8370186304,swati.pillai11@gmail.com,31-01-1964,Hyderabad,full,20-03-2024,swati6304@icici
C02130,AMIT PILLAI,+916394386831,amit.pillai64@gmail.com,1964-03-28,delhi,Full KYC,2025-08-03,amit6831@paytm
C01033,Arjun Singh,7480285619,NULL,26/07/03,ahmedabad,FULL,2024-06-14,arjun5619@hdfcbank
C04339,farhan mehta,+918940188471,farhan.mehta37@gmail.com,23/08/71,Poona,MIN,14 Jul 2022,farhan8471@icici
C04939,N. Verma,6459419090,N/A,29/11/77,Bangalore,full_kyc,12 Dec 2023,neha9090@okbank
C04729,Sunita Bose,+918818266832,sunita.bose71@gmail.com,12-06-2002,lucknow,FULL,2026-02-13,sunita6832@icici
C90046,"Pillai, Meera",+918290866127,,23-01-1991,Madras,minimum,30-04-2021,meera6127@ybl
C02568,SANJAY REDDY,+917160574934,sanjay.reddy16@gmail.com,15/06/82,Lucknow,MIN,19 Dec 2020,sanjay4934@okbank
C04715,PRIYA KHAN,91-7173270094,priya.khan90@gmail.com,25-10-1997,Chennai,Full KYC,29-01-2024,priya0094@paytm
C04970,Rahul Bose,+919029392505,rahul.bose77@gmail.com,"May 06, 1967",ahmedabad,full,10-11-2019,rahul2505@sbi
C02044,fatima singh,9284109324,fatima.singh50@gmail.com,26-05-1984,Ahmedabad,FULL,25 Aug 2021,fatima9324@hdfcbank
C03824,"Nair, Harsh",09508875922,harsh.nair52@gmail.com,16-08-1999,Pune,MIN,06-03-2023,harsh5922@icici
C00064,Divya Joshi,87500 16626,divya.joshi48@gmail.com,2004-07-28,lucknow,full_kyc,10 May 2023,divya6626@ybl
C00396,V. Das,+917754940482,,1976-01-07,mumbai,FULL,03-01-2021,vijay0482@paytm
C04013,Meera Singh,6572840445,,29-07-1995,Bengaluru,full,29-10-2020,meera0445@paytm
C02107,T. Gupta,+916070401937,tarun.gupta34@gmail.com,,lucknow,full,11 Feb 2024,tarun1937@axl
C03367,Vijay Pillai,09991525651,,12/03/67,Poona,min,04-10-2020,vijay5651@ybl
C04492,rahul menon,+916608552378,,23/04/76,Chennai,full_kyc,2020-04-10,rahul2378@icici
C01304,POOJA BOSE,09932880299,pooja.bose21@gmail.com,NULL,Calcutta,FULL,10 Oct 2024,pooja0299@hdfcbank
C03841,D. Das,92112 18092,N/A,NULL,Lucknow,pending,18-06-2020,divya8092@icici
C02765,Sunita  Yadav ,83206 11525,sunita.yadav37@gmail.com,"Jun 07, 1972",Lucknow,min,06 May 2022,sunita1525@okbank
C00242,rohan khan,+919721433794,,1963-11-06,chennai,full,11 Oct 2024,rohan3794@okbank
C04607,DIVYA SINGH,83083 60925,,N/A,Ahmedabad,MIN,06 Oct 2025,divya0925@okbank
C90295,N. Khan,7530040875,N/A,"Dec 10, 1983",chennai,NA,17-04-2025,nisha0875@paytm
C02237,Harsh Chopra,7781874448,NULL,1981-01-24,DELHI,minimum,26 Jul 2025,harsh4448@axl
C01287,"Verma, Harsh",8523295274,harsh.verma45@gmail.com,"Jun 30, 2001",lucknow,FULL,14 Sep 2020,harsh5274@ybl
C03534,Rohan  Shaikh ,8135849164,rohan.shaikh54@gmail.com,1985-08-28,,min kyc,15-02-2023,rohan9164@axl
C03515,Anjali  Patel ,06876031308,anjali.patel22@gmail.com,23/02/94,HYD,min,20 Mar 2021,anjali1308@axl
C00781,Isha Das,+916337158216,,1967-01-02,pune,MIN,2020-11-15,isha8216@icici
C02652,Imran Shaikh,91-7575715928,imran.shaikh92@gmail.com,28/11/99,Ahmedabad,full,2022-03-03,imran5928@paytm
C02711,Nisha Patel,+917642164240,nisha.patel59@gmail.com,"May 21, 1977",Bengaluru,min,07 Jan 2023,nisha4240@sbi
C00334,Divya  Joshi ,8149591371,,19-07-1972,bangalore,min kyc,20-12-2022,divya1371@ybl
C04434,Ritu  Kulkarni ,06430450507,,N/A,BLR,,2020-12-26,ritu0507@axl
C01115,Imran Joshi,82001 72024,imran.joshi99@gmail.com,NULL,Lucknow,full,24 Dec 2021,imran2024@sbi
C04740,Kavita Reddy,91-9488389946,,14/06/87,Lucknow,MIN,11-08-2022,kavita9946@paytm
C01433,Anjali Menon,9561350863,anjali.menon25@gmail.com,1987-09-06,Chennai,min kyc,16-07-2023,anjali0863@icici
C02851,Anjali  Sharma ,+917740550925,,"May 27, 1966",kolkata,full_kyc,2025-10-09,anjali0925@icici
C03815,A. Shaikh,6686155317,anjali.shaikh48@gmail.com,17-03-1961,lucknow,min,2023-08-13,anjali5317@icici
C03791,Fatima Shaikh,+918192833544,fatima.shaikh97@gmail.com,"Aug 05, 1992",ahmedabad,minimum,11-12-2021,fatima3544@hdfcbank
C00832,"Kulkarni, Amit",6622683478,NULL,30-07-1978,Lucknow,,21-10-2021,amit3478@axl
C01800,Sanjay Khan,+918681426723,sanjay.khan41@gmail.com,26-09-1981,Lucknow,FULL,2019-09-19,sanjay6723@icici
C01284,Rahul  Iyer ,7724589670,rahul.iyer83@gmail.com,11-12-1991,Jaipur,min,2021-03-20,rahul9670@hdfcbank
C01256,Isha Kulkarni,7372194743,isha.kulkarni58@gmail.com,1972-12-15,chennai,Full KYC,2026-02-15,isha4743@paytm
C02009,M. Khan,6157193602,manish.khan62@gmail.com,"Mar 06, 1980",Jaipur,FULL,05-09-2021,manish3602@ybl
C00897,K. Sharma,9450025978,kavita.sharma90@gmail.com,28/07/77,kolkata,minimum,2023-06-12,kavita5978@icici
C01252,"Mehta, Anjali",+917990924833,anjali.mehta81@gmail.com,"Jun 18, 1999",pune,min kyc,27 Sep 2023,anjali4833@icici
C00102,Deepak Menon,98152 83767,deepak.menon11@gmail.com,07-04-1962,chennai,MIN,2020-01-19,deepak3767@axl
C03842,"Desai, Isha",91-6113167047,isha.desai24@gmail.com,15-04-1985,Madras,full_kyc,28-12-2020,isha7047@ybl
C04147,Karan Gupta,9452123003,N/A,N/A,BLR,full,2019-10-09,karan3003@hdfcbank
C90004,ritu patel,+917959821896,,28/09/67,Hyderabad,MIN,19-05-2020,ritu1896@hdfcbank
C02666,Tarun Singh,68540 86089,N/A,17/09/94,lucknow,MIN,06-11-2023,tarun6089@hdfcbank
C05037,Karan Shaikh,93165 13228,N/A,"Apr 02, 2001",Kolkata,min,09-06-2026,karan3228@icici
C00696,Swati Nair,7599031672,unknown,1999-11-04,Madras,full_kyc,2021-04-12,swati1672@axl
C03740,VIJAY CHOPRA,6473487287,N/A,03-10-1962,hyderabad,minimum,06 Feb 2021,vijay7287@icici
C90183,"Yadav, Tarun",69542 13803,tarun.yadav7@gmail.com,N/A,jaipur,MIN,19-10-2021,tarun3803@paytm
C03344,S. Gupta,9737885966,,1980-05-25,ahmedabad,min kyc,2026-04-29,suresh5966@axl
C01976,F. Chopra,7837656848,,NULL,Hyderabad,full_kyc,23-04-2022,farhan6848@icici
C04902,rahul pillai,+916841532383,,02/04/82,Pune,minimum,24 Apr 2022,rahul2383@ybl
C02895,Amit  Sharma ,6806852126,N/A,25-01-1967,Hyderabad,Full KYC,2025-06-19,amit2126@okbank
C04351,Imran Verma,7949461991,imran.verma39@gmail.com,05/06/84,Calcutta,full,03-01-2023,imran1991@axl
C00193,I. Iyer,98804 29026,N/A,"Mar 07, 1997",Poona,full,08 Jun 2021,isha9026@hdfcbank
C02030,PRIYA DESAI,+916314284233,priya.desai36@gmail.com,"Oct 08, 1975",DELHI,MIN,2026-04-27,priya4233@paytm
C00589,VIKRAM KULKARNI,8562512151,,1995-05-11,Madras,Full KYC,2019-10-11,vikram2151@icici
C00701,Nisha Pillai,06450928511,,20/10/67,Poona,Full KYC,24 Oct 2022,nisha8511@hdfcbank
C01873,TARUN PATEL,+918157001043,N/A,07/05/04,Jaipur,MIN,19 Dec 2025,tarun1043@ybl
C04099,"Das, Arjun",09314616353,,24-03-1985,Bengaluru,min kyc,2024-06-28,arjun6353@ybl
C01015,priya sharma,61672 26055,priya.sharma90@gmail.com,1981-01-29,Chennai,minimum,2021-03-31,priya6055@axl
C02611,sunita chopra,6197141225,sunita.chopra45@gmail.com,"Nov 24, 1997",Bengaluru,min,07 Feb 2020,sunita1225@axl
C04298,Amit Nair,+918159018266,amit.nair69@gmail.com,"May 08, 1991",,full,2020-08-06,amit8266@ybl
C04211,Anjali Patel,9699498526,anjali.patel96@gmail.com,23/11/72,Pune,min,26 May 2021,anjali8526@axl
C00704,ANJALI CHOPRA,85721 64837,anjali.chopra3@gmail.com,"Mar 06, 1997",Jaipur,minimum,17-03-2021,anjali4837@sbi
C00716,NEHA VERMA,91-7799133635,neha.verma18@gmail.com,1986-12-26,Jaipur,FULL,06 Oct 2021,neha3635@icici
C90006,Karan  Gupta ,9452123003,karan.gupta78@gmail.com,08-04-1992,Bengaluru,NA,09-10-2019,karan3003@hdfcbank
C01313,Harsh Bose,+916564399319,harsh.bose59@gmail.com,1961-01-23,Jaipur,full,15 Nov 2019,harsh9319@ybl
C01691,anjali bose,8545459800,anjali.bose42@gmail.com,N/A,Poona,min,27-05-2021,anjali9800@hdfcbank
C90220,Deepak Iyer,7448281638,deepak.iyer85@gmail.com,1970-02-23,bangalore,Full KYC,17-08-2021,deepak1638@axl
C03269,Pooja Reddy,7923089116,pooja.reddy80@gmail.com,"Nov 26, 1982",jaipur,full,06-02-2024,pooja9116@axl
C02085,"Nair, Meera",06056899213,,N/A,Jaipur,full_kyc,2024-10-01,meera9213@hdfcbank
C03668,Sanjay Pillai,+919163414396,NULL,1972-08-11,kolkata,Full KYC,28 Nov 2021,sanjay4396@icici
C03858,rohan yadav,6290588745,unknown,01/12/77,Chennai,min kyc,30-05-2023,rohan8745@ybl
C03021,Fatima Pillai,7432172356,fatima.pillai72@gmail.com,1969-12-02,hyderabad,Full KYC,16-07-2024,fatima2356@okbank
C01095,Vikram Khan,9587814537,vikram.khan42@gmail.com,NULL,Bangalore,FULL,2025-07-24,vikram4537@sbi
C90019,Imran Mehta,80490 23724,imran.mehta42@gmail.com,01/02/76,Kolkata,full,09 Oct 2021,imran3724@hdfcbank
C03030,K. Reddy,08996433712,karan.reddy4@gmail.com,1974-01-20,Ahmedabad,MIN,27 Feb 2020,karan3712@okbank
C04767,RAHUL SHARMA,9861513373,rahul.sharma88@gmail.com,03-06-1981,Ahmedabad,full_kyc,12 Aug 2020,rahul3373@okbank
C90293,Deepak Verma,6910116526,N/A,1994-02-04,BLR,MIN,17 Feb 2025,deepak6526@hdfcbank
C01047,Rahul Iyer,9964321082,,"Dec 25, 1997",DELHI,full_kyc,29 Mar 2025,rahul1082@icici
C01913,Fatima Pillai,97042 34073,,09/06/77,BLR,min,2020-02-06,fatima4073@axl
C02353,Deepak Shaikh,67545 01651,deepak.shaikh25@gmail.com,"Dec 09, 1979",Kolkata,MIN,09-05-2023,deepak1651@axl
C03566,Suresh Chopra,7812787940,,02/04/94,Poona,min kyc,09 Oct 2024,suresh7940@paytm
C02161,Divya Singh,91-7090978169,,29/05/90,jaipur,FULL,03-01-2021,divya8169@ybl
C90131,N. Desai,6485704961,nisha.desai4@gmail.com,1999-11-23,Pune,PENDING,2024-02-27,nisha4961@okbank
C04536,MANISH PILLAI,9202935608,unknown,13/01/72,Delhi,min,2019-11-29,manish5608@okbank
C04484,Rohan Reddy,91-9580657964,rohan.reddy84@gmail.com,"Oct 24, 1981",mumbai,full,05-04-2022,rohan7964@okbank
C03360,Ritu  Khan ,+916492989449,,05/07/00,Bombay,full,2025-08-31,ritu9449@hdfcbank
C01437,"Bose, Rohan",+916186195781,N/A,02-06-1968,MUMBAI,FULL,21 May 2021,rohan5781@ybl
C03300,manish khan,91-8988212017,manish.khan12@gmail.com,11/08/68,Kolkata,min kyc,30-10-2025,manish2017@axl
C90011,"Khan, Imran",91-8618595040,imran.khan96@gmail.com,1985-06-10,Poona,minimum,04 Oct 2024,imran5040@hdfcbank
C03627,A. Verma,09413240904,NULL,20/02/94,jaipur,min kyc,15-01-2020,amit0904@icici
C01470,KARAN REDDY,7761463188,NULL,06/11/69,pune,full,07-01-2021,karan3188@ybl
C90278,Anjali Chopra,+919840346729,anjali.chopra21@gmail.com,"Oct 02, 1962",Kolkata,min kyc,23 May 2022,anjali6729@sbi
C01707,Anjali Pillai,7440478852,,10/11/88,Lucknow,minimum,01 Oct 2021,anjali8852@sbi
C04528,Deepak Pillai,+918758176980,deepak.pillai16@gmail.com,1992-05-19,jaipur,minimum,2022-09-03,deepak6980@sbi
C04081,M. Iyer,6360999794,manish.iyer62@gmail.com,03/08/86,ahmedabad,NA,11 Jan 2025,manish9794@hdfcbank
C02747,Tarun Iyer,9393926334,N/A,"Jan 26, 1991",jaipur,MIN,27-02-2025,tarun6334@okbank
C00639,Suresh Das,6599835230,unknown,"Oct 12, 1967",lucknow,full,27 Feb 2020,suresh5230@hdfcbank
C00515,Swati Das,6801061210,,"May 29, 1987",Jaipur,min,09 Nov 2020,swati1210@sbi
C03169,Fatima Iyer,9296072689,fatima.iyer76@gmail.com,04-06-2003,ahmedabad,min,2025-06-13,fatima2689@ybl
C02795,Sunita Nair,9622995521,sunita.nair43@gmail.com,22/11/95,pune,Full KYC,2022-10-30,sunita5521@axl
C03503,SUNITA CHOPRA,9447650329,NULL,02/08/81,DELHI,minimum,2021-12-03,sunita0329@sbi
C01180,tarun mehta,9264506012,,28/11/03,Jaipur,min kyc,2025-06-03,tarun6012@icici
C90178,Arjun Singh,+916445901407,arjun.singh85@gmail.com,24-06-1986,pune,PENDING,10 Dec 2019,arjun1407@icici
C03844,Sunita Yadav,+916121298942,sunita.yadav40@gmail.com,2003-11-14,Hyderabad,FULL,2025-06-15,sunita8942@icici
C02028,Suresh Sharma,+916095645824,suresh.sharma21@gmail.com,15-02-1968,Lucknow,full,16 Jun 2020,suresh5824@hdfcbank
C04714,RAHUL SHAIKH,91-8465994587,rahul.shaikh5@gmail.com,"May 25, 1973",Bengaluru,FULL,03-06-2022,rahul4587@axl
C01098,Nisha Verma,91-7039578203,,1990-02-05,Jaipur,min,2022-02-12,nisha8203@okbank
C01915,Divya Gupta,09071014274,divya.gupta98@gmail.com,"Jul 12, 1994",Calcutta,min kyc,2023-03-04,divya4274@ybl
C04075,R. Khan,+917770717723,rahul.khan92@gmail.com,"Sep 16, 1982",pune,full,22 Mar 2020,rahul7723@sbi
C00108,Isha Kulkarni,90981 81931,isha.kulkarni6@gmail.com,24-12-1980,Mumbai,min,2023-01-26,isha1931@sbi
C03563,Vijay Reddy,6765911214,vijay.reddy59@gmail.com,"Sep 27, 1999",Madras,full,05-03-2026,vijay1214@sbi
C04118,Karan Kulkarni,9064627097,karan.kulkarni7@gmail.com,"Aug 14, 1997",delhi,MIN,2024-11-02,karan7097@sbi
C01596,RAHUL REDDY,9950687738,rahul.reddy39@gmail.com,"Jun 06, 2000",MUMBAI,pending,27-12-2019,rahul7738@icici
C00998,rohan verma,93559 16638,rohan.verma43@gmail.com,N/A,Bengaluru,FULL,14-09-2019,rohan6638@okbank
C01700,DEEPAK DESAI,8259022656,,01-07-1995,ahmedabad,full_kyc,17-10-2025,deepak2656@paytm
C01016,"Sharma, Vikram",9943646350,vikram.sharma51@gmail.com,05/01/70,HYD,full,29 Jul 2025,vikram6350@icici
C02715,Imran Verma,7632445082,imran.verma26@gmail.com,09-12-2003,Chennai,FULL,25 May 2024,imran5082@hdfcbank
C00630,"Joshi, Fatima",6581871864,N/A,17/01/61,HYD,min kyc,03-09-2019,fatima1864@paytm
C03504,vijay desai,09131934606,NULL,10-04-1962,Kolkata,full,2025-10-05,vijay4606@sbi
C00981,Manish Yadav,8470453364,manish.yadav95@gmail.com,"Dec 20, 1996",HYD,full,2019-10-07,manish3364@sbi
C04160,"Joshi, Tarun",+916734616476,tarun.joshi10@gmail.com,"Apr 24, 1997",New Delhi,MIN,2021-09-12,tarun6476@icici
C04765,AMIT DAS,91-7046787661,unknown,"Oct 09, 1967",jaipur,full,07 Aug 2020,amit7661@axl
C03867,"Verma, Fatima",06174392994,fatima.verma50@gmail.com,1989-10-02,Madras,full,28-10-2021,fatima2994@axl
C90184,Priya Iyer,7292382851,NULL,1988-09-30,Calcutta,min kyc,09 Sep 2024,unknown
C04297,Sunita Kulkarni,90676 89657,,04-01-1993,Amdavad,Full KYC,2025-08-10,sunita9657@sbi
C01391,Fatima Reddy,80070 23638,fatima.reddy40@gmail.com,1966-08-19,chennai,Full KYC,15-04-2024,fatima3638@okbank
C02420,TARUN REDDY,8393759259,tarun.reddy22@gmail.com,"May 01, 1973",Lucknow,min kyc,16-09-2022,tarun9259@ybl
C04652,kavita kulkarni,+919827046048,kavita.kulkarni58@gmail.com,1990-10-29,Calcutta,full,09 Aug 2020,kavita6048@paytm
C03089,anjali verma,+919718397204,anjali.verma11@gmail.com,01/11/77,bangalore,Full KYC,28 Jul 2020,anjali7204@sbi
C00535,ANJALI PATEL,8002503460,anjali.patel57@gmail.com,"Jul 23, 1983",BLR,full_kyc,2023-03-29,anjali3460@hdfcbank
C03628,Vikram Khan,+916681131959,,23-02-1993,Madras,full,05 Dec 2021,vikram1959@sbi
C05017,Priya Shaikh,07446041373,priya.shaikh21@gmail.com,"Nov 08, 1984",Lucknow,MIN,21-06-2026,priya1373@okbank
C01855,NISHA GUPTA,+918689413927,nisha.gupta56@gmail.com,30-08-1995,New Delhi,full_kyc,2022-03-04,nisha3927@hdfcbank
C01058,Kavita Pillai,6046002379,kavita.pillai95@gmail.com,1963-05-02,Jaipur,FULL,2021-03-29,kavita2379@okbank
C00112,SNEHA MENON,+919228140445,sneha.menon29@gmail.com,06/11/95,pune,full,2022-09-18,sneha0445@axl
C02636,Kavita Reddy,7769385665,kavita.reddy29@gmail.com,09-02-1974,Bombay,full_kyc,2024-04-25,kavita5665@sbi
C03863,Swati Singh,+916398045723,swati.singh25@gmail.com,1989-05-09,Bombay,Full KYC,23-10-2023,swati5723@axl
C03954,Farhan Iyer,09018462572,farhan.iyer58@gmail.com,1980-05-29,lucknow,min,2021-06-08,farhan2572@hdfcbank
C03341,Nisha Mehta,06583428772,,"Jan 18, 1983",chennai,min kyc,14-05-2020,nisha8772@sbi
C04047,MEERA IYER,7776406390,meera.iyer60@gmail.com,"Oct 18, 1975",BLR,FULL,29-11-2020,meera6390@okbank
C03048,Divya Khan,92074 32627,divya.khan21@gmail.com,1981-10-06,ahmedabad,FULL,27-04-2025,divya2627@okbank
C00955,AMIT PILLAI,9305773093,amit.pillai65@gmail.com,13/08/78,Hyderabad,MIN,2024-04-20,amit3093@axl
C01322,Fatima Sharma,82767 62822,NULL,20/08/99,Lucknow,min,2020-05-30,N/A
C03880,NEHA YADAV,72347 10112,neha.yadav43@gmail.com,23/04/66,Lucknow,pending,18-09-2023,neha0112@hdfcbank
C02234,Sunita Khan,91-7015933157,unknown,30-06-1970,mumbai,Full KYC,12 Apr 2024,sunita3157@axl
C90265,Kavita  Verma ,+916007433436,kavita.verma13@gmail.com,12/08/99,Amdavad,FULL,2025-09-22,kavita3436@hdfcbank
C90073,P. Reddy,7027481886,pooja.reddy76@gmail.com,25/02/61,Ahmedabad,Full KYC,16-01-2026,pooja1886@okbank
C03557,R. Singh,8919841228,,26-03-1982,DELHI,FULL,2024-05-27,ritu1228@icici
C02142,"Sharma, Harsh",+916695407589,NULL,,Hyderabad,Full KYC,01-06-2026,harsh7589@sbi
C04120,T. Das,+918605353017,NULL,"Jul 17, 1990",New Delhi,MIN,2022-03-27,tarun3017@axl
C01866,RITU SHARMA,+917335874201,NULL,1987-10-25,delhi,FULL,17 Aug 2022,ritu4201@ybl
C03714,K. Joshi,+918112221782,kavita.joshi33@gmail.com,"May 07, 1964",Bombay,min kyc,2023-03-04,kavita1782@axl
C04400,R. Iyer,07070276187,N/A,1995-02-01,MUMBAI,min kyc,18-10-2023,rohan6187@axl
C02717,"Singh, Isha",08042257316,isha.singh20@gmail.com,"Sep 20, 1978",New Delhi,full_kyc,14-01-2024,isha7316@okbank
C01618,R. Reddy,9075948475,,28/05/98,Kolkata,minimum,2019-11-30,rahul8475@ybl
C02428,Vijay Gupta,8941384601,,29-08-1975,Kolkata,MIN,30 Jul 2021,vijay4601@paytm
C02615,Kavita  Mehta ,+919552025270,kavita.mehta5@gmail.com,"Sep 11, 1989",kolkata,min,04-05-2020,kavita5270@paytm
C01346,POOJA SINGH,9972920235,NULL,07-10-1995,Lucknow,FULL,31 Dec 2020,pooja0235@okbank
C03545,"Iyer, Meera",06881632166,meera.iyer67@gmail.com,29/06/98,BLR,Full KYC,02 Dec 2024,meera2166@paytm
C01077,"Gupta, Meera",8391023779,meera.gupta24@gmail.com,"Sep 25, 1988",jaipur,min kyc,2023-07-05,meera3779@ybl
C90189,Rohan Yadav,93673 87031,,04-04-1997,Chennai,PENDING,05-11-2019,rohan7031@paytm
C03187,Imran Shaikh,7105817187,,NULL,,full,14 Apr 2022,imran7187@paytm
C04522,SANJAY SHAIKH,7421848994,sanjay.shaikh52@gmail.com,1981-09-06,Jaipur,min kyc,25-03-2024,sanjay8994@hdfcbank
C02683,Suresh Yadav,91-8404616144,NULL,30/05/00,jaipur,FULL,17-10-2025,suresh6144@sbi
C04678,nisha yadav,8395798347,nisha.yadav93@gmail.com,22/08/78,mumbai,full_kyc,2024-03-28,nisha8347@icici
C02442,"Gupta, Suresh",95268 93358,suresh.gupta40@gmail.com,"Sep 22, 1963",Kolkata,,2024-03-29,suresh3358@hdfcbank
C00812,POOJA SHAIKH,7375237088,pooja.shaikh87@gmail.com,1987-03-01,kolkata,FULL,2022-03-24,pooja7088@hdfcbank
C90066,isha joshi,07889419017,NULL,"Dec 17, 1998",MUMBAI,PENDING,20-04-2023,isha9017@icici
C03554,Vijay Menon,91-6949090574,,04-11-1966,ahmedabad,min,14-08-2020,vijay0574@okbank
C04827,sanjay joshi,+917642311001,sanjay.joshi18@gmail.com,08-02-1987,Ahmedabad,min,26-06-2021,sanjay1001@axl
C04269,Nisha Menon,91-9353474250,,,mumbai,Full KYC,07 Nov 2019,nisha4250@ybl
C04094,farhan patel,+916664987256,farhan.patel4@gmail.com,1994-09-04,ahmedabad,full_kyc,25-06-2023,farhan7256@paytm
C02860,PRIYA SHAIKH,09186214099,priya.shaikh82@gmail.com,1976-07-22,Kolkata,Full KYC,2020-10-02,priya4099@okbank
C00502,Aarti  Das ,9922074211,aarti.das42@gmail.com,29-07-1985,kolkata,full_kyc,2021-05-09,aarti4211@hdfcbank
C04070,Rahul Joshi,87466 81852,,1987-06-22,Mumbai,full_kyc,2025-07-12,rahul1852@ybl
C00869,Ritu Reddy,6590646136,ritu.reddy7@gmail.com,NULL,Delhi,full_kyc,03-02-2025,ritu6136@hdfcbank
C04868,PRIYA MENON,6212087950,priya.menon49@gmail.com,17-08-1997,BLR,min kyc,10-03-2022,priya7950@axl
C01573,sanjay shaikh,6383834247,,07-08-1987,delhi,full,2026-02-04,sanjay4247@ybl
C04317,V. Gupta,7254657090,vikram.gupta82@gmail.com,01/07/04,Jaipur,FULL,19 Sep 2022,vikram7090@hdfcbank
C04016,Isha Shaikh,7054622443,,18-09-1977,chennai,pending,29 Aug 2021,isha2443@axl
C02974,K. Kulkarni,7624612392,kavita.kulkarni69@gmail.com,02/04/86,ahmedabad,min kyc,28-02-2021,kavita2392@hdfcbank
C01588,Sunita Menon,7308381977,sunita.menon24@gmail.com,"Jul 11, 1986",hyderabad,Full KYC,23 Jun 2024,sunita1977@icici
C90275,R. Yadav,7580256657,rohan.yadav74@gmail.com,14/01/91,jaipur,FULL,2020-12-31,rohan6657@sbi
C04779,Amit Joshi,6602570040,unknown,06-02-1968,Lucknow,FULL,04 Nov 2022,amit0040@paytm
C01426,Farhan Sharma,6962368518,farhan.sharma23@gmail.com,15-08-1976,Chennai,Full KYC,2021-10-05,farhan8518@ybl
C01900,Sneha Patel,65949 94442,sneha.patel48@gmail.com,29-04-1998,Chennai,MIN,2021-04-20,sneha4442@sbi
C02280,Nisha Bose,7438916901,unknown,14-12-1984,chennai,full_kyc,2022-06-23,nisha6901@hdfcbank
C02484,Vijay Menon,+919295351491,vijay.menon18@gmail.com,"Aug 30, 1996",Bombay,full,08 Jan 2022,vijay1491@axl
C03788,Neha Verma,91-8126890881,unknown,11-11-1999,DELHI,FULL,25 Jul 2023,neha0881@hdfcbank
C01884,M. Sharma,9473738624,NULL,"Oct 08, 1988",Lucknow,full,2024-10-07,meera8624@hdfcbank
C04302,Aarti Gupta,+918555943159,aarti.gupta16@gmail.com,N/A,Mumbai,full,15-08-2021,aarti3159@icici
C01400,Meera Khan,7800071394,meera.khan11@gmail.com,N/A,Jaipur,NA,10-07-2025,meera1394@hdfcbank
C04029,Sunita Reddy,8205141705,,1974-03-17,Madras,NA,20 Oct 2021,
C00315,Manish Chopra,9277235851,N/A,"Jun 16, 1961",Calcutta,,19-12-2025,manish5851@sbi
C00646,Swati Gupta,7511670886,swati.gupta65@gmail.com,"May 07, 1994",,full,25-08-2024,swati0886@sbi
C00790,sanjay khan,7210216434,,10-03-1974,delhi,MIN,09-10-2022,sanjay6434@sbi
C00593,ARJUN SHARMA,08399502663,,14/09/83,Hyderabad,minimum,01-01-2020,arjun2663@hdfcbank
C03783,S. Sharma,+916850405614,suresh.sharma48@gmail.com,NULL,Jaipur,FULL,18-11-2021,suresh5614@sbi
C03213,Farhan Kulkarni,7022803094,,1971-02-15,Bengaluru,Full KYC,19 Mar 2020,farhan3094@paytm
C01010,Ritu Khan,+919811060122,NULL,1971-02-13,HYD,minimum,2020-09-07,ritu0122@icici
C03525,Nisha Patel,6415741753,nisha.patel97@gmail.com,NULL,jaipur,full_kyc,22 Feb 2024,nisha1753@paytm
C03713,Vikram Pillai,93485 33839,,1969-03-16,Jaipur,Full KYC,2025-12-29,vikram3839@ybl
C02129,Sneha Desai,8130488424,,N/A,Amdavad,FULL,19 Apr 2023,sneha8424@sbi
C90155,Fatima Gupta,9408803897,NULL,30-08-1968,Poona,NA,2026-05-15,fatima3897@ybl
C00114,vikram chopra,7673232463,,07-04-1993,Ahmedabad,min kyc,2021-03-11,vikram2463@okbank
C01556,"Bose, Rahul",90746 76483,rahul.bose63@gmail.com,1964-07-15,Jaipur,full,04 Apr 2025,rahul6483@axl
C03492,tarun gupta,+917602489394,tarun.gupta49@gmail.com,"Sep 07, 1987",Bombay,full_kyc,2023-03-11,tarun9394@hdfcbank
C90022,Isha Kulkarni,+916304331489,isha.kulkarni93@gmail.com,1984-05-05,Lucknow,full_kyc,24-07-2022,
C01337,VIJAY KULKARNI,7550296813,vijay.kulkarni93@gmail.com,12-11-1996,jaipur,min,20 Nov 2025,vijay6813@ybl
C00286,Imran Iyer,8761187367,imran.iyer98@gmail.com,11-05-2002,kolkata,Full KYC,2023-09-28,imran7367@icici
C02601,Arjun Gupta,9606964098,,03-05-1971,New Delhi,full,28 Jun 2020,arjun4098@okbank
C02391,Divya Iyer,9244446621,divya.iyer98@gmail.com,"Feb 08, 1998",Pune,full_kyc,30-01-2026,divya6621@sbi
C02508,Sunita  Iyer ,08951937329,unknown,26-11-1999,delhi,min kyc,09 Oct 2021,sunita7329@sbi
C04580,"Bose, Nisha",08921272531,,"Nov 21, 1980",Amdavad,PENDING,08 Dec 2023,nisha2531@axl
C00703,S. Verma,9077070593,unknown,N/A,Lucknow,full,03 Nov 2022,sunita0593@sbi
C04356,Farhan Chopra,94353 92763,N/A,"May 15, 2000",Hyderabad,full,22 Jul 2025,farhan2763@okbank
C01477,anjali reddy,7649575102,anjali.reddy65@gmail.com,1998-06-19,New Delhi,min kyc,28-12-2023,anjali5102@icici
C90215,Meera Mehta,8026850785,meera.mehta79@gmail.com,"Sep 19, 1976",jaipur,min,16 Jun 2021,meera0785@paytm
C04236,"Sharma, Swati",7214380338,,18-12-1999,Bengaluru,full,2019-12-14,swati0338@sbi
C02880,Pooja  Bose ,6938483785,pooja.bose41@gmail.com,02/08/01,Chennai,full,2026-01-09,pooja3785@okbank
C00717,"Verma, Manish",7243085831,N/A,29-08-1961,,full_kyc,06-03-2020,manish5831@paytm
C03210,Pooja  Khan ,08210296641,NULL,03-05-1967,Calcutta,FULL,2022-12-03,pooja6641@hdfcbank
C03925,Priya Das,+919044388914,priya.das80@gmail.com,N/A,Chennai,min,04 Sep 2025,priya8914@paytm
C01501,Amit Nair,8298354226,amit.nair99@gmail.com,"Mar 09, 1988",Lucknow,min kyc,30 Jul 2022,amit4226@paytm
C01487,Ritu Chopra,+917357134340,NULL,"Jun 06, 1972",Pune,Full KYC,25-11-2023,ritu4340@paytm
C03271,Fatima Pillai,91-7826818666,fatima.pillai27@gmail.com,06-12-1998,Bombay,FULL,11-09-2020,fatima8666@ybl
C02602,Amit Das,7610347407,amit.das81@gmail.com,07/10/94,Poona,MIN,2021-05-21,amit7407@axl
C01279,divya desai,9329752458,divya.desai64@gmail.com,01/08/05,kolkata,Full KYC,12 Aug 2025,divya2458@paytm
C03329,ISHA SHAIKH,6678077593,isha.shaikh49@gmail.com,2003-12-05,Hyderabad,pending,19-11-2019,isha7593@icici
C00398,FARHAN YADAV,91-8293450660,NULL,02-10-2003,Mumbai,PENDING,21-06-2024,farhan0660@sbi
C00496,Aarti Khan,6535821480,aarti.khan87@gmail.com,11-10-1981,Poona,MIN,02 Nov 2024,aarti1480@hdfcbank
C02348,Manish Menon,9623601722,manish.menon29@gmail.com,"Aug 03, 1993",Amdavad,FULL,23 Apr 2021,manish1722@hdfcbank
C01906,HARSH KULKARNI,08947180291,harsh.kulkarni39@gmail.com,"Jan 06, 1975",ahmedabad,Full KYC,18-05-2020,harsh0291@paytm
C00526,S. Reddy,06213861872,,NULL,Bangalore,full_kyc,28-01-2021,sanjay1872@axl
C04518,AARTI KULKARNI,8008057261,NULL,2004-08-23,Poona,min kyc,26-02-2026,aarti7261@icici
C02199,Farhan Reddy,9815153288,,22-02-1981,Amdavad,pending,06 May 2021,farhan3288@axl
C03748,Imran  Mehta ,8694067369,imran.mehta15@gmail.com,"Nov 10, 2000",Bengaluru,full_kyc,30-11-2021,imran7369@paytm
C03065,Vikram Mehta,95281 20598,vikram.mehta17@gmail.com,27/07/84,delhi,Full KYC,17-05-2024,vikram0598@sbi
C03626,Fatima Bose,9715733212,fatima.bose18@gmail.com,,Bombay,min kyc,13-01-2023,fatima3212@sbi
C00878,sanjay nair,6440007315,sanjay.nair60@gmail.com,15-09-1970,chennai,min,21 Mar 2021,sanjay7315@okbank
C03965,Anjali Chopra,9392203113,,30/09/00,Delhi,full_kyc,2024-02-22,anjali3113@axl
C00665,KAVITA MENON,7361058427,kavita.menon20@gmail.com,28-09-1992,Kolkata,full_kyc,05 Feb 2022,kavita8427@okbank
C02379,Isha Das,7390160029,isha.das9@gmail.com,"Oct 19, 1994",MUMBAI,full_kyc,24-04-2024,isha0029@okbank
C05027,Arjun Das,09438806686,unknown,31/05/94,Poona,min kyc,13 Jun 2026,arjun6686@sbi
C02118,Harsh Iyer,71441 33422,N/A,25-01-1995,Lucknow,FULL,27-04-2022,harsh3422@hdfcbank
C03364,Manish Joshi,06434358140,manish.joshi6@gmail.com,"May 29, 1998",New Delhi,,09 Jan 2023,manish8140@sbi
C00497,Aarti  Khan ,91-8269076296,,1974-09-03,Lucknow,MIN,02-11-2020,aarti6296@okbank
C04517,Harsh Menon,+917380995104,,21/01/76,Ahmedabad,Full KYC,29-12-2021,harsh5104@sbi
C01794,KARAN DESAI,82170 28347,,,Amdavad,NA,30-11-2021,karan8347@icici
C03874,D. Singh,07083710025,unknown,08/08/83,jaipur,minimum,16 Mar 2020,divya0025@paytm
C03446,Anjali Iyer,+916039555190,anjali.iyer26@gmail.com,1969-12-30,kolkata,min,27 Jun 2023,anjali5190@sbi
C04973,P. Desai,08139812152,pooja.desai52@gmail.com,"Jul 29, 1964",jaipur,full,04-06-2021,pooja2152@icici
C04020,Kavita Chopra,6757649058,N/A,01/02/90,Lucknow,Full KYC,18 Mar 2025,kavita9058@paytm
C01883,SUNITA REDDY,60514 29756,sunita.reddy85@gmail.com,1995-06-12,Bengaluru,full_kyc,19 Nov 2025,sunita9756@hdfcbank
C04130,neha desai,+917901531017,neha.desai4@gmail.com,"Mar 12, 1973",,full_kyc,2022-03-11,neha1017@okbank
C02623,Kavita Chopra,70305 07471,kavita.chopra2@gmail.com,15/11/63,Amdavad,FULL,27-06-2021,kavita7471@axl
C90015,Aarti Nair,6373192018,aarti.nair23@gmail.com,"Aug 31, 1973",kolkata,full,01-11-2023,N/A
C04560,Kavita Yadav,8320949235,kavita.yadav50@gmail.com,"Nov 07, 2001",Jaipur,min kyc,27-11-2021,kavita9235@sbi
C04878,Suresh Menon,8855642864,suresh.menon98@gmail.com,01/02/78,kolkata,FULL,06 Oct 2024,suresh2864@icici
C03700,ROHAN YADAV,8778565760,rohan.yadav50@gmail.com,1974-04-17,lucknow,FULL,2020-12-30,rohan5760@icici
C04390,Rahul Mehta,8282955216,rahul.mehta5@gmail.com,1996-08-18,Hyderabad,Full KYC,2024-03-23,rahul5216@axl
C01390,Amit Nair,9116831685,NULL,"Sep 23, 1982",Bombay,MIN,11 Apr 2025,amit1685@ybl
C00787,"Pillai, Sneha",7016586027,,"Mar 12, 1976",Amdavad,full,2021-11-04,sneha6027@okbank
C04338,divya singh,08190662715,divya.singh55@gmail.com,"Feb 07, 1999",jaipur,,25-09-2021,divya2715@paytm
C01670,IMRAN SHAIKH,+917542892112,N/A,"Nov 04, 1989",HYD,Full KYC,29-06-2021,imran2112@okbank
C01849,Tarun Khan,8023968162,,28-07-1996,Kolkata,Full KYC,18 Aug 2025,tarun8162@paytm
C00766,ANJALI GUPTA,09849548261,anjali.gupta79@gmail.com,NULL,,Full KYC,11 Mar 2022,anjali8261@hdfcbank
C02603,Tarun Yadav,91-7180668068,tarun.yadav24@gmail.com,"Jun 17, 1987",Poona,full,09-11-2024,tarun8068@sbi
C00320,AMIT DAS,91-8458458843,,1966-11-21,Pune,min kyc,2021-04-13,amit8843@okbank
C00290,Divya Menon,+916059120456,divya.menon99@gmail.com,1995-05-06,Kolkata,Full KYC,21 Apr 2020,divya0456@ybl
C02921,Ritu Bose,+919067411047,ritu.bose95@gmail.com,1995-12-15,Bombay,full_kyc,21-09-2019,ritu1047@okbank
C01339,N. Mehta,91-6220510261,,06/03/82,BLR,FULL,31-03-2020,neha0261@axl
C05026,MANISH SINGH,79603 15518,manish.singh12@gmail.com,"May 23, 1961",Kolkata,min kyc,08 Jun 2026,manish5518@axl
C00375,"Singh, Rahul",09987552445,rahul.singh48@gmail.com,09/10/04,,min kyc,29-06-2020,rahul2445@okbank
C03606,ISHA DAS,91-8078948825,isha.das16@gmail.com,09/11/72,Mumbai,Full KYC,2024-11-18,isha8825@ybl
C02105,ARJUN NAIR,6670516290,arjun.nair35@gmail.com,24-03-1973,ahmedabad,FULL,07-01-2021,arjun6290@icici
C01418,divya das,9932229633,,02/07/90,Chennai,full,2022-11-23,divya9633@ybl
C00136,"Gupta, Priya",+918802808182,priya.gupta55@gmail.com,1992-06-16,lucknow,MIN,22-07-2024,priya8182@icici
C04133,Suresh Pillai,9637760660,suresh.pillai22@gmail.com,29-02-1984,kolkata,FULL,27-12-2023,suresh0660@ybl
C01109,Vikram  Pillai ,9087468416,vikram.pillai40@gmail.com,1992-12-06,Poona,Full KYC,13 Jun 2023,vikram8416@icici
C02813,Harsh  Menon ,82477 19991,harsh.menon90@gmail.com,"Apr 20, 1983",pune,full,10-09-2022,harsh9991@icici
C02772,SNEHA IYER,91-9706500250,sneha.iyer34@gmail.com,"Oct 16, 1983",jaipur,NA,2022-11-19,sneha0250@hdfcbank
C03351,Priya Sharma,8501260491,priya.sharma72@gmail.com,10-01-2005,Bangalore,full_kyc,14 Apr 2024,priya0491@axl
C04705,Neha Menon,+917896356914,neha.menon22@gmail.com,12-03-1978,chennai,full,2021-04-28,neha6914@icici
C00628,Neha Yadav,7271982719,neha.yadav90@gmail.com,1984-11-04,ahmedabad,full,14 Apr 2024,neha2719@axl
C02113,sunita kulkarni,9765290226,sunita.kulkarni48@gmail.com,1988-03-15,mumbai,Full KYC,16 May 2020,N/A
C03033,Kavita Mehta,+917250271556,unknown,22-02-1963,Chennai,min kyc,17 May 2025,kavita1556@paytm
C00366,FATIMA SINGH,91-8066359810,NULL,2004-01-19,,minimum,2023-05-25,
C03575,Farhan Joshi,7816469834,farhan.joshi10@gmail.com,NULL,mumbai,min kyc,21-11-2025,farhan9834@axl
C01454,fatima joshi,+918610676074,unknown,NULL,Chennai,pending,2025-09-01,fatima6074@sbi
C02204,HARSH KULKARNI,07196410812,harsh.kulkarni96@gmail.com,"Jul 09, 1979",ahmedabad,Full KYC,14 Feb 2026,harsh0812@sbi
C00139,manish sharma,91-6746305242,,03/02/85,chennai,minimum,2022-08-18,manish5242@icici
C90065,Aarti Desai,+919766250322,aarti.desai44@gmail.com,,Lucknow,NA,07 Feb 2025,
C02251,Karan Gupta,+918470219846,karan.gupta82@gmail.com,2000-04-13,hyderabad,full,11 Sep 2025,karan9846@hdfcbank
C04882,Meera Joshi,6763087591,meera.joshi39@gmail.com,04/02/67,Poona,Full KYC,07-12-2023,meera7591@hdfcbank
C02939,Tarun Chopra,9998446631,tarun.chopra94@gmail.com,16-12-2000,HYD,minimum,2021-02-03,tarun6631@ybl
C00154,AMIT REDDY,77511 44592,amit.reddy54@gmail.com,29-08-1988,Jaipur,full,26-01-2025,amit4592@okbank
C01209,RITU VERMA,+918397618225,ritu.verma4@gmail.com,1997-11-16,Poona,Full KYC,2024-09-02,ritu8225@okbank
C01049,Meera  Reddy ,91-9188222172,meera.reddy99@gmail.com,10-06-1989,pune,PENDING,19-12-2019,meera2172@sbi
C03482,Vikram Das,9985368797,,"May 30, 2005",Amdavad,full_kyc,18 Aug 2021,vikram8797@icici
C02166,Arjun Desai,06304400381,arjun.desai38@gmail.com,2003-10-24,Pune,min kyc,2023-02-01,arjun0381@icici
C03475,A. Menon,9512718555,amit.menon12@gmail.com,31/08/82,mumbai,pending,09 Feb 2023,amit8555@axl
C01081,Vijay Patel,8742733519,vijay.patel19@gmail.com,,,min kyc,2025-06-06,vijay3519@hdfcbank
C00009,Suresh Desai,99976 73638,N/A,"Jul 04, 2001",delhi,FULL,12 Sep 2025,suresh3638@paytm
C01222,Deepak Gupta,7701969756,NULL,30-06-1995,Bengaluru,FULL,20 Apr 2024,deepak9756@sbi
C04605,Swati Singh,06980107519,swati.singh1@gmail.com,20-01-2006,delhi,full,14-05-2024,swati7519@okbank
C90273,"Desai, Nisha",08685650820,nisha.desai81@gmail.com,04/12/91,Calcutta,min,04-02-2025,nisha0820@ybl
C01475,Isha Kulkarni,9715694071,isha.kulkarni58@gmail.com,30-10-1997,Bengaluru,min kyc,2025-08-01,isha4071@axl
C04651,Imran Menon,91-8422002771,imran.menon63@gmail.com,1976-10-27,ahmedabad,FULL,08-01-2022,imran2771@paytm
C03485,I. Mehta,91-9848251833,isha.mehta42@gmail.com,1976-03-08,Amdavad,FULL,2024-09-29,isha1833@paytm
C01899,S. Gupta,6532534846,unknown,"Jun 05, 1962",Lucknow,NA,09-06-2025,sunita4846@ybl
C01539,Harsh Reddy,8649296064,unknown,21-10-1995,delhi,minimum,01 Apr 2024,harsh6064@paytm
C00287,Sanjay Patel,8264953616,sanjay.patel51@gmail.com,2004-08-28,delhi,full,23 Mar 2021,sanjay3616@paytm
C90013,Tarun Bose,8070719134,,04-11-1983,Calcutta,,02 Jul 2025,tarun9134@okbank
C03547,Fatima Bose,09203599440,fatima.bose44@gmail.com,28-11-1977,Jaipur,min,15-04-2024,fatima9440@sbi
C01728,VIJAY VERMA,82642 04430,vijay.verma13@gmail.com,20/11/80,Pune,full,10-10-2021,vijay4430@paytm
C03745,Deepak Das,64426 55165,unknown,2004-03-04,Pune,,21 Nov 2023,deepak5165@icici
C00520,MEERA SINGH,91-6465200750,meera.singh98@gmail.com,2002-06-06,Hyderabad,full,25 Nov 2021,meera0750@okbank
C03763,AMIT DESAI,9390189782,amit.desai24@gmail.com,"Dec 10, 1989",hyderabad,full_kyc,27 Mar 2025,amit9782@icici
C03000,Anjali  Kulkarni ,66083 33367,anjali.kulkarni43@gmail.com,"Oct 27, 1979",kolkata,full,24-03-2020,anjali3367@axl
C03099,IMRAN JOSHI,6157699215,imran.joshi52@gmail.com,1999-05-05,lucknow,MIN,2019-11-11,imran9215@paytm
C03345,Tarun Shaikh,7276964077,,02/11/00,Amdavad,Full KYC,10-12-2022,tarun4077@paytm
C03088,Kavita Chopra,97917 54127,kavita.chopra95@gmail.com,30/05/02,Jaipur,min kyc,08 Sep 2019,kavita4127@hdfcbank
C04425,Ritu Patel,7872339429,N/A,NULL,DELHI,full,25 Mar 2022,ritu9429@hdfcbank
C02517,Meera Gupta,66775 36157,N/A,05-11-1987,Pune,full_kyc,26 Jan 2020,meera6157@axl
C01668,Pooja Gupta,+918791460002,pooja.gupta79@gmail.com,22/02/88,Pune,FULL,10-09-2019,pooja0002@icici
C01075,N. Verma,96224 01210,unknown,19-01-1969,Bangalore,full,28-12-2024,neha1210@icici
C00213,Suresh Sharma,9720285613,suresh.sharma19@gmail.com,09-02-1987,BLR,FULL,10-09-2020,suresh5613@okbank
C02844,M. Joshi,+919660408779,unknown,31/10/81,Madras,full_kyc,2021-11-29,manish8779@hdfcbank
C03946,Harsh Nair,+918454889536,harsh.nair47@gmail.com,N/A,,FULL,2022-09-05,harsh9536@ybl
C00408,M. Khan,91-6285039620,manish.khan59@gmail.com,"Dec 27, 1977",jaipur,minimum,05-03-2021,manish9620@icici
C01790,amit bose,9721023335,amit.bose17@gmail.com,"Mar 10, 1972",Bengaluru,FULL,01-10-2019,amit3335@okbank
C02444,Deepak Mehta,06465157511,deepak.mehta15@gmail.com,"Jun 02, 1973",MUMBAI,full,21-09-2024,deepak7511@axl
C03840,Swati Bose,91-9874553058,swati.bose76@gmail.com,"Jan 18, 1982",BLR,min,03 Dec 2024,swati3058@paytm
C04377,Fatima Mehta,6528278304,,30/01/98,Poona,pending,13-11-2024,fatima8304@ybl
C04545,Isha Bose,7025657027,isha.bose96@gmail.com,,Lucknow,min kyc,2019-11-10,isha7027@sbi
C00002,Manish Nair,+916714227133,manish.nair94@gmail.com,10/11/91,Lucknow,Full KYC,06-12-2025,manish7133@axl
C00587,Suresh Reddy,85249 97815,suresh.reddy38@gmail.com,07-07-2003,mumbai,FULL,28-05-2024,suresh7815@ybl
C04550,Farhan Mehta,9425706627,farhan.mehta90@gmail.com,1995-01-30,lucknow,full_kyc,23 Dec 2025,farhan6627@okbank
C02034,amit khan,+917554387905,,31/01/03,Madras,full_kyc,09-10-2019,amit7905@hdfcbank
C00086,Amit Menon,91-8887967512,NULL,17-06-1973,Poona,min,14-02-2026,amit7512@paytm
C03652,Fatima Nair,72426 50876,fatima.nair57@gmail.com,"Feb 11, 2005",Hyderabad,Full KYC,2022-10-05,fatima0876@okbank
C02139,A. Singh,6172720944,unknown,11/12/69,Hyderabad,MIN,05-12-2023,aarti0944@hdfcbank
C02197,Imran Yadav,+916430036041,imran.yadav29@gmail.com,N/A,Bengaluru,FULL,28 May 2024,imran6041@paytm
C03932,FARHAN PATEL,09682930987,NULL,25-02-1976,Mumbai,Full KYC,24-09-2025,farhan0987@icici
C02549,MEERA SINGH,+916073019729,,06-06-1995,lucknow,Full KYC,2021-02-25,meera9729@ybl
C01482,Meera Joshi,8436349275,meera.joshi58@gmail.com,2000-05-17,Poona,full,09-10-2024,meera9275@okbank
C90240,Farhan Shaikh,6227681465,farhan.shaikh79@gmail.com,30-09-1967,Chennai,minimum,02-02-2024,farhan1465@axl
C03302,S. Pillai,9978426568,swati.pillai88@gmail.com,"Mar 15, 1970",Delhi,FULL,27-01-2024,swati6568@axl
C05010,Divya Nair,6218537715,divya.nair18@gmail.com,1978-08-27,lucknow,minimum,16 Jun 2026,divya7715@sbi
C01424,Divya Das,09001527923,N/A,21/07/70,Poona,min,2025-08-01,divya7923@paytm
C03026,Meera Joshi,91-7131550797,meera.joshi67@gmail.com,11/08/86,jaipur,FULL,14-10-2019,meera0797@ybl
C04234,"Iyer, Aarti",92608 07267,aarti.iyer71@gmail.com,1994-02-06,Madras,Full KYC,21-11-2023,aarti7267@okbank
C02986,Neha Desai,8405498641,neha.desai50@gmail.com,"Aug 08, 1980",Pune,minimum,26-01-2023,neha8641@paytm
C01300,Meera Joshi,6673817063,N/A,"Jun 28, 1975",HYD,PENDING,27 Feb 2022,meera7063@axl
C00735,Farhan Shaikh,6783540470,farhan.shaikh13@gmail.com,1968-10-29,Hyderabad,minimum,2022-05-29,farhan0470@sbi
C01101,FARHAN MEHTA,8723058745,farhan.mehta18@gmail.com,09-07-1968,Madras,FULL,18-05-2021,farhan8745@sbi
C04216,SWATI CHOPRA,6047076801,swati.chopra91@gmail.com,17/02/71,Ahmedabad,minimum,31-05-2024,swati6801@axl
C03565,S. Sharma,06620123393,sneha.sharma3@gmail.com,25/07/97,chennai,Full KYC,16 Mar 2021,sneha3393@okbank
C04051,SANJAY MEHTA,07186760300,sanjay.mehta69@gmail.com,20/09/95,jaipur,FULL,2023-10-09,sanjay0300@ybl
C02084,Isha Patel,+919016011220,,1968-11-18,jaipur,full_kyc,04-09-2023,isha1220@paytm
C03705,harsh chopra,7114602584,harsh.chopra78@gmail.com,06-04-1966,Bangalore,full_kyc,23-06-2022,harsh2584@paytm
C01354,Suresh Mehta,7349869581,N/A,25-12-1985,Pune,MIN,2024-09-08,suresh9581@ybl
C02433,TARUN DESAI,91-6541826438,tarun.desai64@gmail.com,"Apr 18, 1970",DELHI,Full KYC,2020-04-01,tarun6438@sbi
C01117,AARTI GUPTA,91-6056893101,,02/07/70,Delhi,FULL,01-11-2023,aarti3101@hdfcbank
C00505,Harsh Khan,9650716762,harsh.khan40@gmail.com,27-10-1979,pune,PENDING,13 Dec 2019,harsh6762@okbank
C00916,Rahul Bose,9715813007,rahul.bose93@gmail.com,1986-12-17,Chennai,min kyc,18-06-2025,rahul3007@icici
C04253,Arjun Patel,09194443553,arjun.patel48@gmail.com,"Jul 15, 1968",Madras,min,2025-09-30,arjun3553@ybl
C01677,F. Chopra,93274 27025,NULL,"Jan 18, 1992",pune,MIN,2020-03-10,fatima7025@okbank
C01190,KARAN SHARMA,8582874212,,30-01-1984,Kolkata,Full KYC,2025-04-14,karan4212@ybl
C04530,ANJALI PATEL,8804719370,,2003-08-29,HYD,full_kyc,25-04-2024,anjali9370@icici
C00601,Fatima Mehta,8619341084,NULL,10/01/00,Kolkata,FULL,08-09-2023,fatima1084@paytm
C00072,Manish Khan,8366170563,manish.khan39@gmail.com,19/06/72,ahmedabad,full,2021-09-01,manish0563@icici
C04788,Imran Chopra,72147 58807,imran.chopra73@gmail.com,"Dec 13, 1984",Chennai,full,06 Nov 2024,imran8807@okbank
C02361,Suresh Sharma,06736491026,suresh.sharma36@gmail.com,"Mar 24, 1961",lucknow,full_kyc,2024-09-04,suresh1026@sbi
C90085,AARTI JOSHI,+916026427219,,09/02/85,New Delhi,full_kyc,03-08-2022,aarti7219@okbank
C03755,Harsh Gupta,8633095735,NULL,05/12/80,,full,2025-11-12,harsh5735@sbi
C02576,Meera Shaikh,9871463465,meera.shaikh55@gmail.com,1985-11-23,Chennai,pending,2022-08-28,meera3465@ybl
C03511,DEEPAK MENON,9141981058,deepak.menon37@gmail.com,23/03/95,Amdavad,full_kyc,2022-05-09,deepak1058@sbi
C02462,V. Mehta,+919407449109,vijay.mehta80@gmail.com,21-02-1968,chennai,MIN,2019-12-30,vijay9109@icici
C02858,Aarti Reddy,6447478619,,03/08/82,Delhi,min kyc,27-10-2022,aarti8619@sbi
C01960,Arjun Desai,08177702042,,13/08/69,hyderabad,full_kyc,2023-08-30,arjun2042@hdfcbank
C04466,Vijay Shaikh,+917174267423,,1995-12-15,Bengaluru,minimum,2021-07-22,vijay7423@ybl
C90114,Farhan Chopra,94353 92763,farhan.chopra3@gmail.com,2000-05-15,Hyderabad,pending,22 Jul 2025,farhan2763@okbank
C02766,Sneha Bose,9921543262,sneha.bose51@gmail.com,04/12/03,jaipur,full,05-06-2021,sneha3262@sbi
C00168,Nisha Desai,09101208334,nisha.desai48@gmail.com,1984-10-10,delhi,MIN,2022-01-26,nisha8334@ybl
C00321,ANJALI PATEL,+916111129046,anjali.patel48@gmail.com,1972-11-05,Jaipur,FULL,2021-06-09,anjali9046@axl
C02138,Swati Iyer,9893171326,N/A,1965-07-03,bangalore,FULL,2026-03-11,swati1326@paytm
C04915,SANJAY MEHTA,9028261525,sanjay.mehta85@gmail.com,14-07-1972,delhi,FULL,14 May 2021,sanjay1525@axl
C04192,Harsh  Menon ,91-6502095839,harsh.menon85@gmail.com,1982-04-21,Bengaluru,full_kyc,21-07-2023,harsh5839@axl
C01169,Nisha Iyer,7029649324,nisha.iyer15@gmail.com,02/02/66,ahmedabad,minimum,15-11-2024,nisha9324@axl
C00021,aarti mehta,9653527095,aarti.mehta70@gmail.com,1978-09-05,Chennai,FULL,18 Sep 2022,aarti7095@icici
C03142,Manish  Patel ,+917070100952,N/A,26-08-1998,Mumbai,min,2022-03-10,manish0952@ybl
C02254,"Singh, Anjali",9041339261,anjali.singh74@gmail.com,"May 16, 1969",Jaipur,FULL,28-04-2024,anjali9261@icici
C03349,kavita kulkarni,9394721067,N/A,16-11-1985,Madras,Full KYC,30 Jun 2025,kavita1067@paytm
C03724,Divya Pillai,+918993434459,,20/09/05,Mumbai,FULL,05 Dec 2020,divya4459@paytm
C04125,divya sharma,8458477986,unknown,30-05-1968,Ahmedabad,Full KYC,2025-03-20,divya7986@icici
C04052,Manish Yadav,7711556766,,2000-09-07,Bengaluru,Full KYC,17 Aug 2022,manish6766@ybl
C02609,Rohan Das,7580375317,rohan.das83@gmail.com,"Nov 08, 1976",,Full KYC,2022-08-15,rohan5317@hdfcbank
C00863,K. Khan,7833978539,unknown,"Dec 07, 1984",Calcutta,FULL,23 Mar 2021,kavita8539@axl
C01451,Karan  Sharma ,09594595012,unknown,"Sep 01, 1972",BLR,FULL,29-07-2025,karan5012@sbi
C03388,Farhan  Menon ,+916734032952,farhan.menon57@gmail.com,"Nov 14, 1966",Bengaluru,full,11 Nov 2023,farhan2952@sbi
C01613,S. Chopra,6601836948,NULL,27/08/91,Ahmedabad,full_kyc,09 Sep 2025,sanjay6948@hdfcbank
C00844,Isha Verma,09092544591,isha.verma39@gmail.com,2001-07-21,hyderabad,full_kyc,17 Jul 2025,isha4591@icici
C90008,AMIT GUPTA,+918794420177,amit.gupta83@gmail.com,N/A,,FULL,14 Jun 2025,amit0177@axl
C00983,imran patel,+916853533034,imran.patel82@gmail.com,1961-09-18,Bengaluru,Full KYC,2025-03-07,imran3034@ybl
C01937,Vijay  Menon ,7780199340,vijay.menon48@gmail.com,04-03-2006,Lucknow,min kyc,02-05-2024,vijay9340@ybl
C04880,R. Shaikh,08890734403,unknown,09/03/05,jaipur,MIN,2023-06-14,ritu4403@ybl
C03728,AMIT MENON,9451764374,amit.menon45@gmail.com,"Apr 10, 1994",Lucknow,Full KYC,05-03-2020,amit4374@sbi
C01201,Karan  Pillai ,6190721888,karan.pillai51@gmail.com,N/A,chennai,,2019-09-07,karan1888@hdfcbank
C00557,Amit Verma,8830342365,amit.verma71@gmail.com,"May 18, 1988",Bombay,FULL,08-07-2022,amit2365@okbank
C00850,RAHUL CHOPRA,89950 34682,unknown,03/06/78,Hyderabad,min,26-01-2025,rahul4682@axl
C02835,IMRAN SHARMA,91-9437141018,unknown,17-10-2000,DELHI,FULL,2023-03-21,imran1018@icici
C00110,Farhan Verma,7742280528,farhan.verma81@gmail.com,11/08/89,Lucknow,full_kyc,2022-10-27,farhan0528@ybl
C02180,farhan kulkarni,8873443164,farhan.kulkarni64@gmail.com,"May 28, 1989",Kolkata,full,2025-01-05,farhan3164@paytm
C01541,amit khan,+919312678242,amit.khan99@gmail.com,24/10/65,Poona,full_kyc,24 Dec 2024,amit8242@ybl
C00970,"Gupta, Fatima",8224594009,,1965-02-01,ahmedabad,FULL,2020-10-31,fatima4009@hdfcbank
C00650,Ritu Singh,91-7216396558,ritu.singh13@gmail.com,25-10-1972,Madras,Full KYC,2024-10-15,ritu6558@icici
C02334,tarun nair,91-6741842044,tarun.nair23@gmail.com,15-09-1972,Lucknow,MIN,2024-11-05,tarun2044@sbi
C03051,"Menon, Divya",9398340955,divya.menon66@gmail.com,08-09-1978,lucknow,full_kyc,24-07-2020,divya0955@paytm
C04783,NISHA BOSE,+918007966384,NULL,02-12-1963,Mumbai,full,2025-08-25,nisha6384@icici
C00541,Ritu Singh,6210539241,unknown,29-01-1982,Ahmedabad,FULL,29-06-2021,ritu9241@hdfcbank
C03586,Neha Nair,90856 99591,neha.nair49@gmail.com,1973-08-23,lucknow,FULL,22 May 2023,neha9591@sbi
C00176,divya das,+917828000872,divya.das28@gmail.com,10-11-1980,pune,minimum,26-05-2023,divya0872@axl
C03669,Manish Pillai,+917663149750,N/A,"Mar 06, 1989",Hyderabad,minimum,05-11-2025,manish9750@okbank
C03900,Imran  Verma ,9053310268,,11/08/86,BLR,FULL,20 Apr 2021,imran0268@paytm
C03435,NISHA SINGH,06393878976,nisha.singh10@gmail.com,"Mar 18, 1974",Poona,minimum,19 Mar 2022,nisha8976@icici
C02709,SANJAY DESAI,9698221057,,28/12/75,delhi,FULL,08-04-2020,sanjay1057@sbi
C02807,Amit Gupta,07165701792,amit.gupta17@gmail.com,"May 31, 1983",Jaipur,MIN,06 Mar 2023,amit1792@paytm
C04199,Kavita Verma,06007433436,unknown,"Aug 12, 1999",Ahmedabad,FULL,22 Sep 2025,kavita3436@hdfcbank
C04989,SUNITA NAIR,75703 22156,,1968-04-08,Lucknow,full_kyc,2024-04-14,sunita2156@ybl
C02382,RITU SHARMA,9167829886,ritu.sharma93@gmail.com,07-12-1985,HYD,full,04-12-2022,ritu9886@paytm
C00463,IMRAN BOSE,8249883894,NULL,"Jan 21, 1989",New Delhi,min,22-07-2025,imran3894@axl
C90058,Sunita Pillai,91-6019075377,sunita.pillai14@gmail.com,"Apr 27, 1963",Bengaluru,NA,28 Nov 2022,sunita5377@sbi
C01199,R. Nair,6260768448,NULL,2004-09-09,Bangalore,min kyc,23 Aug 2022,ritu8448@ybl
C01766,Sunita Menon,+917548797256,sunita.menon15@gmail.com,"Sep 11, 1980",ahmedabad,MIN,26 Mar 2020,sunita7256@ybl
C04285,Kavita Chopra,+918987871721,,1978-02-17,Delhi,pending,13-11-2019,kavita1721@sbi
C04944,R. Yadav,9943322301,N/A,05/05/62,Madras,MIN,09-06-2022,rahul2301@axl
C03445,Rahul Singh,+918691838774,rahul.singh41@gmail.com,"Feb 16, 1962",Kolkata,Full KYC,20-09-2024,rahul8774@paytm
C03908,"Patel, Divya",+918826347238,,18-07-1961,lucknow,full,2025-05-06,divya7238@sbi
C01710,Karan Menon,7736389894,karan.menon40@gmail.com,1980-04-05,,full,28-12-2020,karan9894@axl
C01431,NISHA BOSE,07139814590,NULL,"Feb 23, 1961",ahmedabad,FULL,2021-12-27,nisha4590@paytm
C02571,Kavita Verma,6320140610,kavita.verma36@gmail.com,07-05-1973,,min kyc,17 Apr 2022,kavita0610@okbank
C01591,ritu desai,+919684412811,NULL,"Apr 30, 1963",bangalore,minimum,18 Feb 2024,ritu2811@icici
C02780,Arjun Gupta,88279 40331,arjun.gupta67@gmail.com,08-12-1998,HYD,minimum,2019-08-30,arjun0331@icici
C04687,Deepak Gupta,+917189520140,deepak.gupta30@gmail.com,29-04-1987,jaipur,Full KYC,05-11-2022,deepak0140@axl
C01947,Pooja  Sharma ,7911433634,pooja.sharma61@gmail.com,1995-02-13,chennai,full,19 Aug 2021,pooja3634@hdfcbank
C00227,Manish Sharma,91-8155531525,,"Jun 11, 1983",jaipur,pending,2020-02-07,manish1525@sbi
C00047,Swati Yadav,6547461493,swati.yadav45@gmail.com,29-08-1996,DELHI,min kyc,07-06-2020,swati1493@sbi
C00037,Fatima Yadav,8109484060,fatima.yadav81@gmail.com,"May 21, 1974",lucknow,,2025-06-18,fatima4060@ybl
C01984,Kavita Sharma,+918509594127,,18/10/00,Ahmedabad,min,2020-02-19,kavita4127@sbi
C04089,Divya Chopra,09050643957,divya.chopra15@gmail.com,29-01-1992,Kolkata,full_kyc,2023-03-03,divya3957@ybl
C01034,Sneha Chopra,9125163164,sneha.chopra65@gmail.com,"Jan 31, 1980",Madras,min kyc,2021-01-02,sneha3164@hdfcbank
C90062,Arjun Patel,+916685847932,N/A,"Mar 11, 1984",MUMBAI,min kyc,2025-02-07,arjun7932@icici
C03352,S. Singh,06433788403,sunita.singh91@gmail.com,1971-09-05,HYD,minimum,2021-06-18,sunita8403@sbi
C01325,nisha khan,6236902209,nisha.khan15@gmail.com,1984-10-04,Pune,minimum,26-11-2020,nisha2209@icici
C04644,Rohan Khan,60689 22082,rohan.khan79@gmail.com,N/A,Mumbai,MIN,2024-12-17,rohan2082@hdfcbank
C04642,RITU PATEL,07277783668,ritu.patel91@gmail.com,"Aug 08, 1970",Bombay,MIN,24-06-2020,ritu3668@hdfcbank
C01546,Harsh Shaikh,+916017257989,unknown,18/01/99,Lucknow,FULL,10 May 2024,harsh7989@ybl
C04131,Vijay Yadav,+919892118977,,"Dec 30, 1961",MUMBAI,Full KYC,16 May 2023,
C04516,F. Reddy,91-8088947847,fatima.reddy26@gmail.com,23/05/84,Kolkata,full_kyc,22-03-2024,fatima7847@okbank
C04903,Arjun Verma,91-7606431220,arjun.verma60@gmail.com,16-02-1963,Kolkata,FULL,29 Sep 2025,arjun1220@icici
C02371,Rohan Das,7481250359,rohan.das2@gmail.com,25/03/81,pune,full_kyc,28-05-2022,rohan0359@sbi
C04008,Aarti Singh,6940404622,aarti.singh1@gmail.com,28-05-1975,HYD,full_kyc,01-01-2024,aarti4622@paytm
C00824,POOJA DAS,91-6064660357,,"Dec 17, 1986",HYD,full_kyc,2026-03-29,pooja0357@axl
C04828,isha singh,83208 78949,isha.singh69@gmail.com,07-03-1971,Ahmedabad,min kyc,2019-09-30,isha8949@hdfcbank
C03706,Tarun Singh,99590 31622,,15-11-1992,Chennai,MIN,25 Feb 2024,tarun1622@axl
C04514,Kavita Das,6358139450,kavita.das5@gmail.com,28-05-1989,ahmedabad,Full KYC,2025-09-09,kavita9450@okbank
C00633,Nisha Khan,+918177861996,nisha.khan43@gmail.com,"May 28, 1998",hyderabad,full,2023-06-21,nisha1996@sbi
C90254,Ritu Verma,7647445555,ritu.verma96@gmail.com,12/07/82,jaipur,MIN,05-03-2026,NULL
C01986,Rohan Joshi,61195 89541,rohan.joshi76@gmail.com,12/07/89,ahmedabad,full_kyc,23 Sep 2024,rohan9541@hdfcbank
C03218,Rohan Iyer,09957178134,rohan.iyer85@gmail.com,"Apr 08, 1995",MUMBAI,Full KYC,12 Jun 2024,rohan8134@icici
C03896,Aarti Desai,6615618485,aarti.desai11@gmail.com,28-06-1999,Bombay,NA,14 Nov 2023,aarti8485@icici
C02114,Amit Nair,8935000207,,13-11-1983,Madras,FULL,27-03-2021,amit0207@sbi
C01460,Tarun Yadav,8846173154,tarun.yadav50@gmail.com,17-05-1982,Lucknow,FULL,04-02-2022,tarun3154@ybl
C01736,FARHAN PATEL,6678576526,farhan.patel16@gmail.com,16-10-2004,Lucknow,full,2022-03-15,farhan6526@paytm
C04875,Anjali Verma,91-6287742860,anjali.verma57@gmail.com,"Apr 24, 1983",Kolkata,min kyc,30 Apr 2022,anjali2860@okbank
C01611,Imran Sharma,95917 26497,imran.sharma27@gmail.com,24-06-1982,MUMBAI,min,25 Jan 2020,imran6497@paytm
C01743,ROHAN BOSE,9615574459,,NULL,jaipur,Full KYC,28-09-2023,rohan4459@paytm
C02721,"Yadav, Rahul",+918031696528,rahul.yadav2@gmail.com,1992-01-24,bangalore,Full KYC,19-12-2021,rahul6528@ybl
C00124,Suresh Iyer,9122112273,suresh.iyer63@gmail.com,15-02-1983,jaipur,Full KYC,2024-03-23,suresh2273@sbi
C02822,Meera Joshi,9309238360,meera.joshi10@gmail.com,"Nov 11, 1968",kolkata,full,16-12-2021,meera8360@paytm
C04947,SUNITA BOSE,9463270993,unknown,,Chennai,Full KYC,19-11-2020,sunita0993@hdfcbank
C04124,Vijay Shaikh,77466 76155,,13/01/96,ahmedabad,PENDING,17-09-2020,vijay6155@hdfcbank
C02317,Sanjay Desai,8980694449,sanjay.desai77@gmail.com,05/11/04,lucknow,full,2024-05-13,sanjay4449@sbi
C02730,Rohan Reddy,6810536868,rohan.reddy33@gmail.com,"Jan 26, 1972",Lucknow,FULL,2021-06-29,rohan6868@ybl
C02121,Sanjay Gupta,7627840974,sanjay.gupta37@gmail.com,29-10-2003,Calcutta,min kyc,01 Jan 2020,sanjay0974@sbi
C00189,Harsh  Iyer ,+916836418801,harsh.iyer40@gmail.com,19-04-1976,Madras,full,2021-07-05,harsh8801@icici
C00720,Karan Reddy,+919933961452,karan.reddy99@gmail.com,19-04-1983,DELHI,MIN,2026-05-31,karan1452@hdfcbank
C01761,Nisha  Mehta ,6932619377,nisha.mehta53@gmail.com,14/04/63,Delhi,FULL,22 Sep 2025,nisha9377@icici
C04734,Rahul Yadav,74155 14338,rahul.yadav88@gmail.com,14/09/83,ahmedabad,full,2024-03-12,rahul4338@hdfcbank
C00483,Harsh Verma,7201609917,harsh.verma7@gmail.com,1991-05-12,New Delhi,full,11-01-2021,harsh9917@hdfcbank
C01019,IMRAN JOSHI,7564616493,imran.joshi33@gmail.com,"Apr 14, 2000",lucknow,minimum,25 Dec 2020,imran6493@okbank
C00314,Karan Khan,+916601841386,karan.khan51@gmail.com,"Mar 31, 1976",lucknow,PENDING,04-11-2023,karan1386@okbank
C02021,I. Chopra,+917631987555,isha.chopra35@gmail.com,2000-07-14,Jaipur,FULL,2025-09-24,isha7555@paytm
C04662,Anjali Iyer,91-6666925601,anjali.iyer87@gmail.com,"Feb 17, 1971",BLR,Full KYC,08 Jan 2022,anjali5601@okbank
C00135,ROHAN GUPTA,8147751178,N/A,"Nov 30, 1993",ahmedabad,min,13-12-2025,rohan1178@hdfcbank
C02725,Rahul Shaikh,78943 43009,N/A,27/04/95,Delhi,min kyc,14 Apr 2022,rahul3009@icici
C01801,V. Yadav,8194749573,vijay.yadav55@gmail.com,24/06/88,Lucknow,minimum,11-06-2022,vijay9573@axl
C04480,Arjun Mehta,+919620952601,arjun.mehta49@gmail.com,18/12/90,Bombay,full_kyc,28-04-2024,arjun2601@hdfcbank
C03519,Aarti Chopra,6831629876,aarti.chopra2@gmail.com,"Dec 02, 1963",Ahmedabad,Full KYC,16 May 2025,aarti9876@sbi
C03643,Amit Mehta,7253510784,unknown,19/10/67,,FULL,13-12-2023,amit0784@sbi
C00687,Pooja Chopra,08394915316,pooja.chopra70@gmail.com,1976-08-23,kolkata,PENDING,14-08-2024,pooja5316@paytm
C02367,F. Verma,91-7246917037,NULL,23-06-2004,Kolkata,full_kyc,2023-02-02,fatima7037@paytm
C00276,Tarun Desai,7790061879,tarun.desai92@gmail.com,23/02/98,MUMBAI,full,2020-02-18,tarun1879@hdfcbank
C00950,Rohan Chopra,8679870995,N/A,1978-08-11,MUMBAI,min,2026-04-09,rohan0995@ybl
C04967,Sunita Singh,8779972061,sunita.singh29@gmail.com,"Aug 17, 1995",jaipur,minimum,2023-12-23,sunita2061@okbank
C00967,Deepak Bose,+916094670148,deepak.bose78@gmail.com,26-06-1978,Delhi,full,15-01-2023,deepak0148@ybl
C02914,Priya Gupta,9719570755,priya.gupta62@gmail.com,1970-09-20,lucknow,full_kyc,2022-04-29,priya0755@icici
C02165,"Khan, Vikram",91-9467359224,N/A,22/03/79,Bombay,full,22-09-2024,vikram9224@axl
C02841,Amit Iyer,7659905646,N/A,07-03-1986,New Delhi,Full KYC,17 Jun 2021,amit5646@okbank
C03361,T. Das,9739891375,tarun.das2@gmail.com,21/06/79,Jaipur,full_kyc,06-04-2025,tarun1375@sbi
C03408,Vijay Kulkarni,7541294972,vijay.kulkarni39@gmail.com,11/05/05,Jaipur,minimum,20-02-2022,vijay4972@okbank
C02544,SWATI VERMA,8629376168,swati.verma74@gmail.com,24/02/85,Bombay,FULL,10 May 2022,swati6168@icici
C90246,Nisha  Chopra ,7757635669,nisha.chopra16@gmail.com,18-12-2005,Mumbai,MIN,27 Sep 2020,nisha5669@hdfcbank
C00659,Priya  Patel ,+918284740178,priya.patel94@gmail.com,"Oct 01, 1985",Hyderabad,minimum,2022-09-24,priya0178@sbi
C02862,Karan Gupta,91-6297437099,karan.gupta22@gmail.com,24-05-1994,Poona,FULL,19 Jul 2025,karan7099@paytm
C00963,rohan menon,7289833370,NULL,"Jan 08, 1998",Poona,min kyc,13-04-2021,rohan3370@ybl
C04926,Divya Sharma,8719311268,divya.sharma69@gmail.com,"Mar 04, 1999",Madras,minimum,2023-12-15,divya1268@ybl
C04820,Swati Nair,7549607983,N/A,"Jan 09, 1961",MUMBAI,Full KYC,03 Sep 2025,swati7983@hdfcbank
C90226,"Patel, Farhan",66902 84747,unknown,23-07-1986,hyderabad,,2021-03-12,farhan4747@paytm
C00865,sneha yadav,6136579727,unknown,"Apr 30, 1990",Bengaluru,FULL,2020-02-27,sneha9727@icici
C02075,A. Khan,6602355221,aarti.khan94@gmail.com,1994-08-16,kolkata,full,14 Jun 2023,aarti5221@okbank
C01396,Vijay Khan,90210 64856,vijay.khan35@gmail.com,1972-07-23,hyderabad,min,2020-03-05,vijay4856@sbi
C02179,Rohan Nair,91-7119128384,rohan.nair76@gmail.com,01/01/00,Bangalore,FULL,14 Dec 2022,rohan8384@hdfcbank
C00999,Kavita Joshi,91-8971221597,kavita.joshi94@gmail.com,1969-12-12,bangalore,full,20 Nov 2025,kavita1597@okbank
C00109,Harsh Gupta,74118 70669,harsh.gupta61@gmail.com,28/05/62,pune,full,2025-04-14,harsh0669@icici
C04621,Rohan Mehta,6622323637,NULL,1974-04-11,Mumbai,full,2025-05-23,rohan3637@ybl
C00516,Rohan  Iyer ,7682357379,rohan.iyer62@gmail.com,"Oct 07, 2004",Calcutta,minimum,2021-08-31,rohan7379@icici
C90108,KAVITA PILLAI,7144860637,kavita.pillai99@gmail.com,1982-09-17,chennai,full,2022-07-06,kavita0637@axl
C00585,"Mehta, Pooja",9758901637,pooja.mehta93@gmail.com,18-07-1975,Amdavad,min,2024-07-21,unknown
C01768,Ritu Desai,08500451012,ritu.desai70@gmail.com,2002-12-13,MUMBAI,FULL,25 Feb 2021,ritu1012@hdfcbank
C04411,KAVITA SHARMA,99464 50556,kavita.sharma90@gmail.com,05/10/75,Bangalore,NA,30 Oct 2019,kavita0556@axl
C90279,Arjun  Joshi ,6889497856,NULL,23/10/98,Poona,min kyc,2025-05-30,arjun7856@ybl
C03853,SUNITA SHAIKH,+918891644528,unknown,1977-08-06,Hyderabad,Full KYC,05 Dec 2021,sunita4528@axl
C01235,POOJA PILLAI,91-6163591225,pooja.pillai16@gmail.com,"Feb 07, 1991",kolkata,minimum,05 Sep 2022,pooja1225@ybl
C03246,ROHAN DAS,7485903081,rohan.das34@gmail.com,25/12/61,Bombay,full_kyc,02 Sep 2020,rohan3081@icici
C90134,Arjun Mehta,6593993263,arjun.mehta97@gmail.com,"Sep 26, 1974",hyderabad,,2023-11-22,NULL
C04658,"Khan, Karan",6548458517,NULL,25-07-1980,DELHI,min,2021-07-08,karan8517@okbank
C04553,Meera Desai,8423489395,meera.desai67@gmail.com,1980-08-04,Kolkata,full_kyc,2022-03-25,meera9395@hdfcbank
C04139,Divya Pillai,93174 47805,N/A,1965-11-28,Chennai,,15-01-2024,divya7805@icici
C04904,Karan Mehta,8678047459,karan.mehta48@gmail.com,"Jan 09, 2000",Madras,Full KYC,07 Sep 2022,karan7459@ybl
C04427,Sunita Reddy,9047051950,sunita.reddy53@gmail.com,03-11-1995,Kolkata,full_kyc,2020-01-11,sunita1950@okbank
